layer,neuron,change_score
31,13336,15.002906799316406
31,1159,11.139505386352539
31,2398,10.637093544006348
31,1209,10.532380104064941
31,2564,10.298404693603516
31,14201,10.18382453918457
31,9241,9.669090270996094
31,12732,9.540590286254883
31,8359,8.58883285522461
31,4581,8.443172454833984
31,5975,8.24852180480957
31,13869,7.144826412200928
31,8717,6.93070125579834
31,12004,6.562675952911377
31,311,6.277869701385498
31,5021,5.000852108001709
31,2836,4.984251499176025
31,9575,4.930750370025635
31,8959,4.707502841949463
31,12185,4.577940940856934
31,8060,4.494762420654297
31,2477,4.432330131530762
31,10471,4.350274562835693
31,12298,4.324509620666504
31,4366,3.8697004318237305
31,13030,3.618159055709839
31,6696,3.570406675338745
31,1674,3.5120978355407715
31,12923,3.4612112045288086
31,9416,3.419589042663574
31,5966,3.3738744258880615
31,5253,3.347214698791504
31,3474,3.2663493156433105
31,1239,3.2263901233673096
31,847,3.202860116958618
31,5919,3.188014507293701
31,12033,3.0838801860809326
31,10788,3.0804834365844727
31,13995,3.0332796573638916
31,10897,3.024609088897705
31,2313,3.012861967086792
31,1386,3.0007786750793457
31,5230,2.994029998779297
31,9620,2.8926455974578857
31,7938,2.8908464908599854
31,1058,2.8723697662353516
31,6466,2.8010387420654297
31,1186,2.799743890762329
31,4873,2.7438697814941406
31,13788,2.72418475151062
31,11999,2.716852903366089
31,2847,2.7060296535491943
31,12111,2.6796867847442627
31,801,2.6777498722076416
31,11929,2.6762442588806152
31,1940,2.6605560779571533
31,12222,2.6575920581817627
31,8320,2.6204581260681152
31,1946,2.6196982860565186
31,4790,2.59255051612854
31,8118,2.5860517024993896
31,850,2.5859689712524414
31,5099,2.5766069889068604
31,2241,2.5646159648895264
31,7861,2.549484968185425
31,8468,2.5290780067443848
31,9519,2.4992432594299316
30,840,2.462358236312866
31,420,2.4549500942230225
31,3387,2.4495062828063965
31,12730,2.4473485946655273
31,10620,2.430910110473633
31,118,2.4225869178771973
31,10100,2.413414239883423
31,9825,2.369391679763794
30,3342,2.3408920764923096
31,8862,2.3320236206054688
31,9465,2.297316312789917
31,1668,2.2954273223876953
31,9837,2.29512357711792
31,711,2.290748119354248
31,10233,2.2833938598632812
31,13368,2.2744085788726807
1,2427,2.2709195613861084
31,11342,2.269613265991211
31,2188,2.258833646774292
31,10114,2.257309675216675
31,3191,2.248431921005249
31,13544,2.21825909614563
31,14196,2.2142348289489746
31,5540,2.201381206512451
31,1834,2.188474178314209
31,5161,2.184610366821289
31,9692,2.178194284439087
31,7429,2.176753044128418
31,1928,2.175466299057007
31,6725,2.171391248703003
31,207,2.162062644958496
31,4261,2.1479761600494385
31,5058,2.1320950984954834
31,714,2.1319661140441895
31,4594,2.112074136734009
31,3487,2.104658842086792
31,4037,2.1038904190063477
31,10850,2.0955464839935303
31,9501,2.09478497505188
31,2474,2.09325909614563
31,7281,2.0849859714508057
31,11084,2.0834999084472656
31,9729,2.0814340114593506
31,9587,2.0774688720703125
31,5509,2.0596773624420166
31,1395,2.0569498538970947
31,5626,2.0448009967803955
31,11489,2.040905475616455
30,10840,2.027656078338623
31,273,2.0246682167053223
31,552,2.0237905979156494
31,8499,2.0225489139556885
31,9175,2.0133724212646484
31,1136,2.0058653354644775
30,13474,1.9986743927001953
31,3061,1.9930673837661743
31,9678,1.9925254583358765
31,5553,1.9891977310180664
31,9187,1.9836993217468262
31,11350,1.982804298400879
29,12657,1.9742968082427979
31,11769,1.9611884355545044
31,7851,1.9601025581359863
31,8350,1.958423376083374
31,1095,1.9526562690734863
31,8583,1.9525439739227295
31,9664,1.9494247436523438
31,3261,1.9472891092300415
31,5463,1.9469729661941528
31,2754,1.9458625316619873
31,4773,1.9420663118362427
31,13016,1.9275740385055542
31,12252,1.9132782220840454
31,11079,1.9048722982406616
31,4266,1.9040921926498413
31,9658,1.8986022472381592
31,2572,1.8975598812103271
31,10759,1.894864559173584
31,5933,1.8918190002441406
31,6099,1.8744040727615356
31,2756,1.8743757009506226
30,6209,1.8743255138397217
31,12529,1.8719805479049683
31,4810,1.8665885925292969
31,4352,1.8660709857940674
31,5419,1.8658447265625
31,11108,1.8628443479537964
31,10715,1.8588064908981323
31,8622,1.8586492538452148
31,11808,1.853639841079712
31,2889,1.8492941856384277
31,8861,1.848520278930664
31,5883,1.8484355211257935
31,10462,1.8435423374176025
31,5720,1.8427534103393555
31,1654,1.8396220207214355
31,12360,1.831066608428955
31,12616,1.8270885944366455
31,1712,1.8237775564193726
31,486,1.8226163387298584
31,2012,1.8160902261734009
31,11085,1.8145396709442139
31,4695,1.813752293586731
31,7117,1.8067001104354858
31,2187,1.8066281080245972
31,9171,1.806469202041626
31,11817,1.8059146404266357
31,6345,1.8019353151321411
31,5311,1.7999283075332642
31,2100,1.796296238899231
31,4786,1.7949059009552002
31,9114,1.7948740720748901
31,7416,1.7919799089431763
31,5259,1.7858396768569946
31,13228,1.7844500541687012
31,2115,1.7788822650909424
31,12950,1.7702398300170898
31,12358,1.769472599029541
31,1793,1.7616407871246338
31,11024,1.7572335004806519
31,8345,1.7559068202972412
31,1977,1.7535732984542847
31,12591,1.7489441633224487
31,8193,1.7484365701675415
31,4179,1.744695782661438
31,3691,1.7430646419525146
31,4098,1.7423285245895386
31,10956,1.7374827861785889
31,12861,1.7275123596191406
31,7438,1.7256646156311035
31,6109,1.7239370346069336
31,1324,1.7218505144119263
31,1475,1.717330813407898
31,7684,1.7151498794555664
31,2305,1.711755633354187
31,5082,1.6992191076278687
31,4512,1.6972730159759521
31,8626,1.6928784847259521
31,9736,1.691911220550537
31,14027,1.6918516159057617
31,12839,1.6906157732009888
31,10439,1.6897838115692139
31,3865,1.6894415616989136
31,11752,1.687382459640503
31,4064,1.6862400770187378
31,6352,1.684889793395996
31,13833,1.6789298057556152
31,10436,1.6754989624023438
31,12668,1.6740249395370483
31,1157,1.6713899374008179
31,11244,1.6707863807678223
31,4373,1.6630247831344604
31,12968,1.6568772792816162
31,2954,1.6562330722808838
31,3252,1.6536613702774048
31,8098,1.6536439657211304
31,3568,1.652162790298462
31,7122,1.646152138710022
31,6650,1.645269513130188
31,2875,1.643673300743103
31,12841,1.6425046920776367
31,13414,1.6387022733688354
31,77,1.638336420059204
31,12814,1.6283180713653564
31,6227,1.6260868310928345
31,10165,1.6217433214187622
31,13933,1.6206483840942383
31,2221,1.614067792892456
31,11059,1.610596776008606
31,11486,1.6098475456237793
31,1637,1.6080325841903687
31,4229,1.6059165000915527
31,3540,1.6011396646499634
31,12525,1.5973058938980103
31,13076,1.5949699878692627
31,10973,1.5892634391784668
31,12226,1.5887162685394287
31,2076,1.5883177518844604
31,566,1.5855672359466553
31,6266,1.5828864574432373
31,1572,1.581494927406311
31,996,1.5780097246170044
31,1813,1.5753284692764282
31,997,1.5706454515457153
31,1050,1.5705362558364868
31,12156,1.564660668373108
31,931,1.5621012449264526
31,8229,1.5532230138778687
31,10463,1.5481960773468018
31,2036,1.5351711511611938
31,2549,1.5334365367889404
31,13801,1.5319198369979858
31,8884,1.5306060314178467
31,2432,1.5304820537567139
31,7309,1.528191328048706
31,963,1.5260961055755615
31,10030,1.5259850025177002
31,14107,1.524861454963684
30,9247,1.518534541130066
31,1519,1.5177161693572998
31,8984,1.5174734592437744
31,4518,1.5159684419631958
31,409,1.5142823457717896
31,3084,1.5132176876068115
31,6614,1.5049494504928589
30,3382,1.5037578344345093
30,5024,1.5034759044647217
31,6424,1.5028650760650635
31,1506,1.5000582933425903
31,9663,1.4997544288635254
31,2945,1.4993916749954224
31,5248,1.4988207817077637
31,8410,1.4983172416687012
31,14106,1.4943430423736572
31,7758,1.4933068752288818
31,14321,1.4832130670547485
31,900,1.479166030883789
31,260,1.4762663841247559
31,794,1.4734119176864624
31,953,1.4729962348937988
31,10803,1.4729000329971313
31,11541,1.4726142883300781
31,3428,1.4723050594329834
31,10716,1.4718539714813232
31,13605,1.4710243940353394
31,515,1.4681916236877441
31,13943,1.466399908065796
31,8937,1.4614427089691162
31,10180,1.4597148895263672
31,7019,1.4561514854431152
31,10129,1.4544939994812012
31,9974,1.4532618522644043
31,14073,1.4527517557144165
31,4358,1.452164649963379
31,9119,1.450829029083252
31,1798,1.4507136344909668
31,4160,1.4473975896835327
31,10644,1.4469445943832397
31,7873,1.4397326707839966
31,416,1.4388612508773804
31,6657,1.4384678602218628
31,2465,1.4372934103012085
31,3175,1.4360707998275757
31,11433,1.4336971044540405
31,7844,1.4320703744888306
31,14276,1.4298516511917114
31,5041,1.4290547370910645
31,12119,1.427606225013733
31,10014,1.4266571998596191
31,13038,1.4237990379333496
31,10210,1.4228137731552124
31,13575,1.4208102226257324
30,5081,1.4179974794387817
31,8855,1.417237639427185
31,5913,1.4084492921829224
31,8792,1.4082739353179932
31,11695,1.4069842100143433
31,287,1.4023716449737549
31,7450,1.4009305238723755
31,7115,1.4007829427719116
31,3166,1.3993017673492432
31,1625,1.3951524496078491
31,10006,1.3902664184570312
31,2657,1.3866767883300781
31,4436,1.3854399919509888
30,13048,1.3845373392105103
31,3409,1.383618950843811
30,5905,1.3832193613052368
31,11843,1.3798068761825562
31,10492,1.3763155937194824
31,13062,1.3749347925186157
31,9289,1.3741298913955688
31,11118,1.3740065097808838
31,5562,1.3721299171447754
30,7675,1.3711283206939697
31,11243,1.366494059562683
31,10094,1.3657878637313843
31,1919,1.3641661405563354
31,7693,1.3600549697875977
31,2268,1.3596470355987549
31,2344,1.3579181432724
31,7906,1.3547475337982178
31,855,1.352526307106018
31,1487,1.3523337841033936
31,2800,1.3510750532150269
31,10806,1.3487707376480103
31,10505,1.3487379550933838
31,7784,1.3442275524139404
31,8053,1.3432130813598633
31,3685,1.3373743295669556
31,10595,1.3357725143432617
30,12012,1.3350526094436646
31,5335,1.3325145244598389
31,12087,1.3277324438095093
31,4046,1.3271088600158691
31,13293,1.3259159326553345
31,14061,1.3218353986740112
31,11488,1.3210487365722656
31,11861,1.3194621801376343
31,4788,1.317826747894287
31,13292,1.3146127462387085
31,2958,1.3140813112258911
31,10674,1.3117510080337524
31,7052,1.307754635810852
31,4768,1.305040955543518
31,3971,1.3044050931930542
31,13622,1.3039289712905884
31,5630,1.3036574125289917
31,3493,1.2997946739196777
31,13115,1.2990057468414307
31,7124,1.2989823818206787
31,1129,1.294948697090149
31,13825,1.293961763381958
31,9995,1.291526198387146
31,338,1.2908778190612793
31,11497,1.2893165349960327
31,11638,1.286970853805542
31,8154,1.2833174467086792
31,11172,1.282214879989624
31,6084,1.276123285293579
31,8064,1.2756482362747192
31,13102,1.2751628160476685
31,882,1.273414969444275
31,14108,1.2728922367095947
31,11013,1.2712575197219849
31,3583,1.2652374505996704
31,2215,1.2633936405181885
31,8260,1.2625733613967896
31,11256,1.2619520425796509
31,8525,1.259476661682129
30,12903,1.2593693733215332
31,9521,1.259244441986084
31,7104,1.2583060264587402
27,13857,1.2572319507598877
31,13648,1.2564287185668945
31,4501,1.2541232109069824
31,10459,1.2525639533996582
31,3630,1.252485752105713
31,5772,1.2514052391052246
31,5722,1.2489683628082275
31,3759,1.233802080154419
31,11514,1.2336070537567139
31,8163,1.2333319187164307
31,2207,1.2323508262634277
31,11234,1.2309505939483643
31,4661,1.2282170057296753
31,6059,1.2244188785552979
31,12910,1.2235993146896362
31,12120,1.222069501876831
31,2088,1.2175178527832031
31,1831,1.2164239883422852
31,5371,1.2134928703308105
31,2199,1.2120682001113892
31,7727,1.2110403776168823
31,374,1.2097358703613281
30,12016,1.1984144449234009
31,6691,1.198278546333313
31,12935,1.1981405019760132
31,11504,1.1974353790283203
31,5648,1.1956682205200195
31,13110,1.1954193115234375
31,14113,1.1943730115890503
31,556,1.1892775297164917
31,2948,1.1870832443237305
30,1130,1.1863682270050049
30,10073,1.1842297315597534
31,102,1.1837046146392822
31,4198,1.1824206113815308
31,9272,1.1818881034851074
31,13814,1.1804280281066895
31,13668,1.1791973114013672
31,6158,1.1786845922470093
31,7577,1.1786255836486816
31,3023,1.1756606101989746
31,1585,1.1754670143127441
31,9639,1.171339750289917
30,1562,1.1710505485534668
31,11483,1.1709548234939575
30,8716,1.1708682775497437
31,674,1.170832633972168
31,11410,1.1695879697799683
31,5189,1.1690272092819214
31,11456,1.1679612398147583
31,74,1.1666805744171143
31,218,1.1664789915084839
30,5042,1.1611896753311157
31,3811,1.156367540359497
31,5617,1.1553837060928345
31,9955,1.1534503698349
31,13909,1.1505967378616333
31,10452,1.1496657133102417
31,6069,1.1493747234344482
31,10075,1.1473463773727417
31,12913,1.145262598991394
31,9387,1.143805980682373
31,1090,1.1431761980056763
31,11062,1.1420971155166626
30,936,1.137888789176941
31,4120,1.137654423713684
31,10783,1.1375735998153687
31,8633,1.1304987668991089
31,12423,1.1289470195770264
31,3751,1.1281845569610596
31,13989,1.127664566040039
31,254,1.126333475112915
31,14110,1.1232101917266846
31,8998,1.12306547164917
31,6082,1.1219685077667236
31,786,1.1217949390411377
31,10131,1.1168776750564575
31,1739,1.1101266145706177
31,2043,1.1077362298965454
30,10408,1.1074720621109009
31,5051,1.106547236442566
31,1566,1.1042760610580444
30,103,1.1031254529953003
30,3903,1.102011799812317
31,12145,1.096126675605774
31,6776,1.0959782600402832
31,9291,1.09553062915802
31,8950,1.0954078435897827
31,4015,1.0916893482208252
30,5359,1.0914504528045654
31,4622,1.090222716331482
31,5850,1.088561773300171
31,10697,1.0862914323806763
31,10389,1.085440754890442
31,9854,1.0851293802261353
31,6734,1.083896517753601
30,6976,1.082466959953308
31,5636,1.0823875665664673
31,8450,1.0809842348098755
31,3835,1.0801149606704712
31,7673,1.073007345199585
31,13842,1.0719659328460693
31,10464,1.0685997009277344
31,12446,1.0648789405822754
31,14211,1.0637292861938477
31,5917,1.062866449356079
30,13059,1.0610944032669067
31,9127,1.0601969957351685
31,13677,1.059908390045166
31,3268,1.057435154914856
31,3174,1.054242491722107
31,1236,1.0535401105880737
31,13647,1.0534225702285767
31,7944,1.0528264045715332
31,4097,1.0507547855377197
30,7146,1.0495623350143433
31,2822,1.049041509628296
31,6990,1.0481966733932495
31,2535,1.0470207929611206
30,7222,1.0467134714126587
31,10334,1.0466886758804321
31,507,1.0465201139450073
31,12130,1.043424129486084
31,1109,1.0422537326812744
31,4145,1.040779948234558
31,6677,1.0401077270507812
31,9447,1.038894534111023
31,3764,1.0367927551269531
31,8047,1.0353848934173584
31,9005,1.0346397161483765
31,13967,1.03462815284729
31,774,1.034543514251709
31,2046,1.0343396663665771
31,8382,1.0340737104415894
31,3616,1.0324805974960327
31,1340,1.03139328956604
31,14256,1.030860424041748
30,10394,1.02616548538208
31,3323,1.0256409645080566
31,7280,1.024567723274231
31,11194,1.0225450992584229
31,12035,1.021329402923584
31,10669,1.0212841033935547
31,5345,1.0190027952194214
30,11272,1.018987774848938
30,8022,1.0184067487716675
30,13935,1.016015887260437
30,1529,1.0154739618301392
31,6440,1.015113115310669
31,10613,1.0146191120147705
31,6096,1.0135165452957153
31,8331,1.0115959644317627
31,3464,1.0097168684005737
30,4393,1.0081151723861694
31,7592,1.0052177906036377
31,9448,1.004934549331665
31,3834,1.0030962228775024
31,10522,1.002536654472351
31,4537,0.9999931454658508
31,233,0.998201310634613
31,8300,0.9948714971542358
31,12785,0.9892556667327881
31,3548,0.986163318157196
31,1351,0.9857000112533569
31,5831,0.9817721843719482
31,2552,0.9815415143966675
31,1934,0.9791550636291504
31,5089,0.9789561629295349
31,2646,0.9746809601783752
31,7598,0.9746062755584717
31,4425,0.9731936454772949
31,12995,0.9719805121421814
31,13973,0.9716581702232361
31,8745,0.9705251455307007
30,6663,0.9688413143157959
31,6143,0.9632848501205444
30,4497,0.9622021317481995
31,9505,0.9592247605323792
31,13882,0.9590228796005249
31,13851,0.9589481949806213
29,242,0.958643913269043
31,12717,0.9585902094841003
29,1175,0.9579101800918579
31,5483,0.9568356871604919
30,139,0.9563919901847839
31,13457,0.9549435973167419
31,12850,0.954679012298584
31,13728,0.9544145464897156
31,10377,0.9528920650482178
30,8662,0.9505686163902283
31,4609,0.9473271369934082
31,9118,0.9454118609428406
31,4101,0.9436413645744324
31,1844,0.942729651927948
31,10152,0.9425322413444519
31,8700,0.9422720074653625
31,2536,0.9422150254249573
31,11543,0.9421405792236328
26,14090,0.9409237504005432
31,289,0.9406692385673523
31,11160,0.9392723441123962
31,6072,0.9360495209693909
31,13638,0.9353712797164917
30,9237,0.9349719285964966
31,12645,0.9343898892402649
31,12034,0.9341949820518494
31,4374,0.9319542646408081
31,12150,0.9292342662811279
31,8732,0.9292271137237549
31,7066,0.9278435707092285
31,11978,0.9276812076568604
31,6247,0.9274969100952148
31,12926,0.9259548187255859
31,449,0.9252622127532959
30,6083,0.924933135509491
29,7349,0.9241801500320435
31,5369,0.9237701892852783
29,3746,0.9216729998588562
31,9903,0.9214426279067993
30,1121,0.9211035370826721
31,12514,0.9209102392196655
31,8506,0.920013427734375
31,247,0.9189049601554871
31,12933,0.9187350869178772
31,10834,0.9172871708869934
31,1678,0.9170141816139221
31,1165,0.9151430130004883
31,8275,0.9138204455375671
31,13610,0.9136958122253418
31,4645,0.9134590029716492
31,8990,0.9130569696426392
31,747,0.9098792672157288
30,12484,0.9086752533912659
29,12988,0.90800940990448
31,10271,0.9074767231941223
31,6588,0.9046250581741333
30,5336,0.9044371843338013
31,10488,0.904367983341217
31,4577,0.9039801359176636
31,122,0.9026533961296082
31,2223,0.9017677903175354
31,11202,0.901373565196991
31,9538,0.9012985229492188
30,13607,0.900788426399231
31,5542,0.8973296284675598
31,5322,0.896612823009491
31,291,0.8956247568130493
31,3210,0.8945178985595703
31,2229,0.8937935829162598
31,4633,0.8915300965309143
31,10525,0.8908836245536804
31,13680,0.8895512223243713
31,5940,0.8894731402397156
30,11131,0.88889479637146
31,4062,0.8888508677482605
31,12081,0.8878004550933838
31,6105,0.8877530694007874
31,185,0.8870588541030884
31,1220,0.8869204521179199
31,13957,0.8868638873100281
31,7387,0.8868440389633179
31,4178,0.8851310610771179
31,4654,0.8851295709609985
31,3769,0.8850820660591125
31,9589,0.8841403722763062
30,8539,0.8841234445571899
31,880,0.883858859539032
31,8214,0.8830257654190063
31,5448,0.8811976313591003
31,11047,0.8807125091552734
29,6227,0.880161464214325
31,3722,0.8785164952278137
30,3296,0.8759369850158691
31,12434,0.8733187317848206
31,13277,0.8729484677314758
31,8607,0.8728446960449219
31,8695,0.8723540306091309
31,4108,0.8717739582061768
31,9628,0.8708959817886353
31,10060,0.8673637509346008
31,6830,0.8670825362205505
31,8431,0.8664824962615967
31,9355,0.8659316897392273
31,10204,0.8655041456222534
31,13416,0.8640995025634766
31,12256,0.8636298775672913
31,11305,0.8616489171981812
31,6692,0.8615812659263611
31,4791,0.8611165881156921
31,9085,0.8606300354003906
31,3621,0.8598034977912903
30,6539,0.8590756058692932
31,1060,0.8589538931846619
31,6437,0.8587262034416199
31,12278,0.8584718704223633
31,11581,0.8583148717880249
31,13478,0.8571560978889465
30,7656,0.8561069369316101
30,12185,0.8559988141059875
31,6364,0.8540218472480774
31,7437,0.8534939885139465
31,6018,0.852096676826477
31,12192,0.8520438075065613
31,1755,0.8514698147773743
31,8777,0.8505644798278809
31,11158,0.8495257496833801
31,4632,0.8493737578392029
30,5526,0.8486621379852295
31,1496,0.8478236794471741
31,8201,0.8460475206375122
31,6306,0.8459982872009277
31,6439,0.8454339504241943
31,8205,0.8441745042800903
31,1520,0.8439984321594238
31,14299,0.8439208269119263
31,9261,0.8431021571159363
31,12491,0.8429152965545654
31,255,0.8428203463554382
31,8784,0.8426434397697449
31,531,0.8419196009635925
31,12297,0.8407820463180542
31,11509,0.8404157161712646
31,7038,0.8402227163314819
31,10775,0.8400866389274597
31,667,0.8390680551528931
31,5048,0.8376554846763611
31,7254,0.8372357487678528
31,13802,0.8371117115020752
31,10908,0.8366081118583679
31,12771,0.8361664414405823
31,2630,0.834290087223053
31,12379,0.8342105150222778
31,11264,0.8334648013114929
31,11126,0.8331804275512695
31,7148,0.8316961526870728
31,6586,0.8314234018325806
31,2315,0.8303567171096802
31,9792,0.830305814743042
31,1042,0.829887330532074
31,5728,0.8285583257675171
30,8349,0.8264926671981812
31,629,0.8257506489753723
31,5528,0.8245680332183838
31,2867,0.8244127631187439
31,3121,0.8238385915756226
31,5804,0.8232757449150085
31,13618,0.8225919008255005
31,1685,0.8217352032661438
30,1969,0.820611834526062
31,4527,0.8199499249458313
31,437,0.8182539939880371
31,8074,0.8180155158042908
31,4807,0.8172924518585205
31,10982,0.8165739178657532
31,2675,0.8164722919464111
31,4626,0.8149764537811279
31,12824,0.8141734600067139
30,305,0.812950611114502
30,623,0.8128429055213928
31,5934,0.8122647404670715
31,14112,0.8122512102127075
31,609,0.8122284412384033
31,8791,0.8120450973510742
31,3599,0.8114900588989258
31,4918,0.8095357418060303
31,8664,0.8085408806800842
30,9138,0.8083294630050659
31,1143,0.8082343339920044
31,3420,0.8080786466598511
31,482,0.8079029321670532
31,2833,0.8077273964881897
31,5144,0.8073024153709412
31,5193,0.807121753692627
25,3897,0.8064303398132324
31,11813,0.8059792518615723
31,12486,0.8036152124404907
31,13727,0.803247332572937
31,2919,0.8018791079521179
31,2293,0.8017041087150574
31,12708,0.8014316558837891
31,2575,0.8006886839866638
31,2155,0.7996405959129333
31,775,0.7995428442955017
31,1632,0.7991347312927246
31,3499,0.7983201742172241
31,8135,0.7982337474822998
31,2230,0.7978543043136597
31,5455,0.7970818877220154
31,4382,0.7969014644622803
31,7208,0.7968835234642029
31,8203,0.7966033816337585
31,190,0.7963813543319702
31,10800,0.7942144274711609
31,6090,0.7937508225440979
31,7153,0.79348224401474
31,3859,0.7932555079460144
31,6007,0.7930252552032471
29,3490,0.7911540269851685
31,11562,0.7903164625167847
31,12881,0.7901256084442139
31,13058,0.7892639636993408
31,12248,0.7889916896820068
31,7936,0.7886947989463806
31,4354,0.7885034084320068
31,9750,0.7884640693664551
31,6609,0.7881355881690979
31,7484,0.7878681421279907
31,9047,0.7877277731895447
31,5593,0.7867523431777954
31,9050,0.7858870029449463
31,777,0.7853463888168335
31,3259,0.7849730849266052
31,12393,0.7848266363143921
31,9981,0.7843709588050842
30,4829,0.7837638258934021
30,9739,0.7834122180938721
31,13520,0.7833735942840576
31,1973,0.781930148601532
31,6919,0.7807517051696777
30,4438,0.7802456617355347
30,3843,0.780170738697052
30,13354,0.7798520922660828
31,7963,0.7792602777481079
30,9324,0.7791025638580322
31,3043,0.778901994228363
31,4780,0.7785632610321045
30,6954,0.7785606384277344
31,1068,0.7777475714683533
31,7193,0.7773853540420532
31,13258,0.7769373655319214
31,12768,0.7768735289573669
31,7001,0.7757764458656311
30,12357,0.7751095294952393
31,4710,0.7743223905563354
31,5852,0.7740419507026672
31,791,0.773723840713501
31,9350,0.7733938694000244
31,1663,0.7719979286193848
31,4415,0.7712956666946411
31,8999,0.7708967328071594
30,2792,0.7708288431167603
31,6326,0.7705796360969543
31,10757,0.7697422504425049
31,1233,0.7697218060493469
31,14287,0.7695331573486328
31,10161,0.769195556640625
31,2345,0.7678866982460022
31,10946,0.7676124572753906
31,6419,0.7674493193626404
31,712,0.7667421102523804
30,806,0.7666993141174316
31,6432,0.7666653394699097
31,12445,0.7663532495498657
31,9091,0.7662530541419983
30,11268,0.7650863528251648
31,4481,0.7648912668228149
31,4906,0.7648891806602478
31,75,0.7648006081581116
30,12379,0.7643900513648987
31,5837,0.764153242111206
31,5897,0.7634848952293396
31,12999,0.7632691860198975
31,13691,0.7626197338104248
31,11952,0.7625243663787842
31,830,0.7623575329780579
31,9081,0.761542797088623
31,7840,0.7613061666488647
29,1997,0.7608073353767395
30,10997,0.760589063167572
31,1201,0.7596890926361084
31,9818,0.7585601806640625
31,6687,0.7577361464500427
31,8236,0.7576403021812439
31,2689,0.7574581503868103
31,4182,0.757256805896759
31,4672,0.757186770439148
31,12584,0.7569118142127991
31,1614,0.7567914724349976
31,1894,0.755827784538269
31,7550,0.7539194822311401
31,13024,0.7519445419311523
31,3672,0.7518340945243835
31,11860,0.7518239617347717
31,5394,0.7507777810096741
31,8200,0.750244140625
31,5572,0.7499253749847412
31,9523,0.7492305636405945
31,1259,0.7483287453651428
31,3289,0.7482389211654663
31,6998,0.7479033470153809
31,13466,0.7467950582504272
31,8771,0.7462886571884155
28,7409,0.7460312247276306
31,7375,0.7459389567375183
31,5813,0.7458598613739014
30,6894,0.7456358671188354
31,70,0.7451552152633667
29,3299,0.7451197504997253
30,13047,0.7443102598190308
31,111,0.7442130446434021
31,66,0.7440235018730164
30,3695,0.7438787221908569
31,7925,0.7425979971885681
31,3869,0.7417114973068237
31,12922,0.7412438988685608
31,1000,0.7407584190368652
31,10282,0.7405716776847839
31,5471,0.7401776313781738
31,2108,0.740102231502533
31,13279,0.739915132522583
31,4943,0.7398570775985718
31,9419,0.7391135692596436
31,1992,0.7381969094276428
31,10712,0.7379318475723267
31,5750,0.7374931573867798
31,11492,0.7371549010276794
31,4728,0.7369141578674316
31,14239,0.7365451455116272
31,154,0.7360447645187378
31,13388,0.7356824278831482
30,3700,0.7346796989440918
31,2029,0.7344885468482971
31,10531,0.7334473133087158
31,1816,0.7332288026809692
31,13195,0.7328477501869202
31,6159,0.7328202128410339
31,13894,0.7325702905654907
31,1320,0.7324029803276062
31,12270,0.7323470711708069
31,5204,0.7311411499977112
31,11965,0.7310101389884949
31,5971,0.730900228023529
27,8140,0.7308368682861328
31,13890,0.7299791574478149
31,8761,0.7297191023826599
31,2163,0.7294885516166687
31,6224,0.7294347286224365
31,7987,0.7291522026062012
31,7605,0.7288023829460144
31,10363,0.7283388376235962
31,10381,0.7283207774162292
29,9240,0.7276200652122498
31,9231,0.7272077202796936
31,8824,0.7264410853385925
31,11185,0.7263946533203125
31,9126,0.725803792476654
31,6685,0.7256982922554016
31,6764,0.7253922820091248
31,2288,0.7250916361808777
31,5615,0.7245773673057556
31,3849,0.7242730855941772
30,1171,0.7242274284362793
30,14215,0.7239681482315063
31,186,0.7237717509269714
31,9665,0.7233051657676697
31,3045,0.7221781015396118
31,3654,0.7219985723495483
31,11354,0.7215408682823181
31,1811,0.7212809920310974
31,1405,0.7212141752243042
31,7562,0.720975399017334
31,9216,0.7205562591552734
31,13525,0.7204577326774597
31,11279,0.7201876044273376
31,9929,0.7195476293563843
31,5624,0.7186327576637268
31,10995,0.7181735038757324
31,3472,0.7177855968475342
31,12652,0.7174111008644104
30,1795,0.716788649559021
31,8305,0.7167627215385437
31,6294,0.7165207862854004
30,8392,0.7162430286407471
31,2354,0.7157212495803833
31,9875,0.7156723737716675
31,11471,0.7153986096382141
31,5050,0.7153384685516357
31,1166,0.715083122253418
31,2420,0.714995265007019
31,2824,0.7149925827980042
31,12508,0.7145854830741882
30,5946,0.714387059211731
31,9420,0.7141867876052856
31,4738,0.7135359644889832
31,803,0.7133854031562805
31,382,0.7132296562194824
31,11255,0.7131708264350891
31,7365,0.7131203413009644
31,7302,0.7127654552459717
31,640,0.7125978469848633
31,13548,0.71254563331604
31,7724,0.7122393250465393
31,4665,0.712041974067688
31,11314,0.7119936943054199
31,6575,0.7118139863014221
31,7478,0.7118063569068909
30,10725,0.7113466262817383
31,12816,0.7110292911529541
30,13679,0.7106187343597412
31,4754,0.7102193236351013
31,731,0.7092221975326538
31,2891,0.7090684175491333
31,12996,0.7089684009552002
31,5539,0.7089065909385681
31,13981,0.7087783813476562
31,13084,0.7083240747451782
31,3273,0.7079659104347229
31,5295,0.7072251439094543
31,10008,0.7064849138259888
31,9252,0.7064076662063599
31,6173,0.7059478163719177
30,10648,0.7056734561920166
31,6076,0.7055992484092712
31,7411,0.7054135799407959
31,10691,0.705386757850647
31,7960,0.705287754535675
31,2275,0.7051622271537781
31,9573,0.7051140666007996
31,14249,0.7051044702529907
31,4653,0.7047959566116333
31,4862,0.7047870755195618
31,6389,0.7039403915405273
31,11640,0.7031588554382324
31,10630,0.7030975818634033
31,6721,0.7028623819351196
31,12582,0.7025893330574036
31,9715,0.702262818813324
31,890,0.7020398378372192
31,3256,0.701789140701294
31,10996,0.7007796764373779
31,11266,0.6999074220657349
31,12165,0.6998541951179504
30,4730,0.6994924545288086
31,9504,0.6993669271469116
31,8819,0.6987357139587402
31,5003,0.6986967325210571
31,33,0.6984806060791016
31,8780,0.6983647346496582
31,12851,0.6981472969055176
31,5414,0.697068989276886
31,4554,0.6969590783119202
31,1309,0.6967437863349915
31,7146,0.6964858770370483
31,7093,0.6963582634925842
31,1665,0.6963531374931335
31,9326,0.6959681510925293
31,7762,0.695639967918396
31,2213,0.6947420835494995
30,6531,0.6947190165519714
31,10105,0.6937069296836853
31,10792,0.6935725808143616
31,10036,0.6935681700706482
31,11630,0.6933518648147583
31,9615,0.6930609941482544
31,4915,0.691688597202301
31,8663,0.6914447546005249
31,14103,0.6910516023635864
31,5794,0.6906036138534546
31,11029,0.6904742121696472
31,12247,0.6899884939193726
31,1539,0.6899045705795288
31,10160,0.689873218536377
31,2856,0.6893787980079651
31,2551,0.689143180847168
30,12387,0.6882472634315491
31,8156,0.6880199909210205
31,11321,0.6878224015235901
31,10158,0.6878052949905396
31,2117,0.6875969767570496
31,11251,0.6874265074729919
31,3840,0.6869712471961975
31,12425,0.6857062578201294
31,2968,0.6855541467666626
31,489,0.6852700114250183
31,2079,0.6847383975982666
31,250,0.6846427321434021
31,1031,0.6843436360359192
31,562,0.6829095482826233
31,12888,0.6820239424705505
31,9454,0.6818770170211792
31,181,0.6818204522132874
31,1542,0.6818135976791382
31,1941,0.6816230416297913
31,5493,0.6810519695281982
31,2080,0.6806161999702454
31,7245,0.6805088520050049
31,7819,0.6801062822341919
29,2824,0.6800257563591003
31,6221,0.679667055606842
31,7264,0.6788643002510071
31,4720,0.678493082523346
31,7566,0.6784547567367554
31,10555,0.6783401966094971
31,6355,0.6775885224342346
31,3732,0.6773062348365784
31,12200,0.6771004796028137
31,4844,0.6770412921905518
31,3863,0.6767298579216003
31,13713,0.6767134070396423
31,10770,0.6766707897186279
31,14304,0.6764695048332214
31,12971,0.6757602691650391
31,4697,0.6750344634056091
31,13707,0.6750290989875793
31,10285,0.6746528148651123
31,8591,0.6746328473091125
31,1922,0.6736345291137695
31,46,0.6731600761413574
31,12174,0.6725215315818787
31,1460,0.6720025539398193
31,2299,0.671830415725708
31,2770,0.6717650890350342
31,2153,0.6714074611663818
31,5915,0.6705077290534973
30,6094,0.6699336767196655
30,559,0.6686882376670837
30,5542,0.6686363816261292
31,3689,0.6685693860054016
31,4956,0.6685189008712769
31,5814,0.6678944230079651
29,11270,0.6677839159965515
31,4919,0.6673109531402588
31,4246,0.6670008897781372
31,3224,0.6664531230926514
31,1681,0.666209876537323
31,9399,0.6660473942756653
30,7410,0.665813148021698
31,9256,0.6654056310653687
31,5655,0.6653426885604858
31,13185,0.6648781299591064
31,8095,0.6646703481674194
31,8652,0.6642004251480103
31,4275,0.6641022562980652
30,10880,0.663986086845398
31,3571,0.66392982006073
31,3778,0.6634796857833862
31,537,0.6630855202674866
31,13515,0.6630040407180786
31,12380,0.662647545337677
31,12750,0.6622586250305176
31,6060,0.6614527106285095
30,10006,0.661350667476654
31,9680,0.6613235473632812
31,13862,0.6612334251403809
31,660,0.6610720157623291
31,5243,0.6606879830360413
31,3101,0.660508394241333
31,7683,0.6603326201438904
31,13392,0.6595591902732849
31,1244,0.6595128774642944
31,2004,0.6592727303504944
31,8698,0.659103274345398
31,7399,0.6586246490478516
31,9529,0.658561646938324
29,3380,0.6585232019424438
31,5093,0.6585142612457275
31,10304,0.6584444642066956
31,4193,0.6581337451934814
31,2400,0.6580387353897095
31,13606,0.6578074097633362
31,1057,0.6577631235122681
31,8657,0.6576673984527588
31,11325,0.6575136780738831
31,11010,0.6573683023452759
31,10826,0.6569097638130188
31,7812,0.6567940711975098
31,8086,0.6565762758255005
31,3967,0.6564362645149231
31,8172,0.6562451124191284
31,9968,0.6561859846115112
31,14224,0.6560812592506409
31,2405,0.6557435393333435
31,2602,0.6557175517082214
31,11200,0.6555885076522827
31,4326,0.6551777720451355
31,5932,0.6550444960594177
31,13891,0.6546648740768433
31,1290,0.6546511650085449
31,10575,0.6544824242591858
31,2495,0.6543612480163574
30,10303,0.6541436910629272
31,14091,0.6541282534599304
31,4817,0.6537870764732361
30,2730,0.6535043120384216
31,10514,0.6533502340316772
31,943,0.6533201932907104
31,8234,0.653296709060669
31,6489,0.6530741453170776
31,2927,0.6530718803405762
31,9133,0.6528337597846985
31,1462,0.6520366668701172
31,6727,0.6515265107154846
31,2528,0.6514840126037598
31,5403,0.6513200402259827
30,6764,0.6510616540908813
31,11164,0.6510274410247803
30,9596,0.650737464427948
31,11731,0.6504295468330383
31,2865,0.6501181125640869
31,5061,0.6499624848365784
31,8458,0.6495410203933716
31,9734,0.6488275527954102
31,14219,0.6487851142883301
31,8276,0.6486959457397461
31,2622,0.6483045220375061
31,9883,0.6481762528419495
31,10242,0.647959291934967
31,9960,0.6477716565132141
31,7463,0.6476131677627563
31,4892,0.6475317478179932
31,4003,0.6472553610801697
31,4951,0.6472102403640747
31,4729,0.6470391750335693
31,3027,0.6468304395675659
31,469,0.6467521786689758
31,8206,0.646508514881134
31,2772,0.6464414596557617
31,7217,0.6459349989891052
31,5559,0.6456887125968933
30,8562,0.645126223564148
31,4642,0.6448838710784912
31,1526,0.6447567343711853
31,1232,0.6447275280952454
31,10392,0.6445433497428894
31,4663,0.6443780660629272
31,3146,0.6439489722251892
31,1087,0.643942654132843
31,6423,0.6438506245613098
30,3364,0.6437686085700989
31,7954,0.6436581015586853
31,12241,0.6436477899551392
31,13449,0.6434719562530518
31,3551,0.64329993724823
31,1467,0.6431705951690674
31,9513,0.6428983807563782
31,3872,0.6425530314445496
31,11775,0.6424656510353088
31,2174,0.642184317111969
31,957,0.6414879560470581
31,13056,0.6413282155990601
31,8401,0.6412394642829895
31,2266,0.6407287120819092
31,5283,0.6403734683990479
31,3015,0.6402169466018677
31,3230,0.6401469707489014
31,9699,0.6400729417800903
31,3321,0.6400116682052612
31,3874,0.6399965286254883
31,2755,0.6396163702011108
31,13812,0.639542818069458
31,11371,0.6394121646881104
31,6403,0.6392499208450317
31,3589,0.6387956738471985
31,492,0.6382179856300354
30,2417,0.6377121210098267
31,8524,0.6376634836196899
31,9597,0.6371459364891052
31,13034,0.6367374062538147
31,9028,0.6366575956344604
31,5042,0.6362554430961609
29,10726,0.6358724236488342
31,3955,0.6357770562171936
31,11547,0.6356327533721924
31,6913,0.6356208920478821
31,8279,0.635015070438385
31,3787,0.6345289945602417
31,7278,0.6342628598213196
30,13422,0.6340324878692627
31,3099,0.6340283751487732
31,12064,0.633534848690033
31,10513,0.6334848999977112
31,2818,0.6328142881393433
31,5769,0.6325073838233948
31,4026,0.632426917552948
31,2280,0.6323639154434204
31,10949,0.6322497725486755
31,13093,0.6321857571601868
31,4698,0.6320950984954834
31,9464,0.6317740678787231
31,4805,0.6317624449729919
31,8278,0.6314887404441833
31,3545,0.6311936378479004
31,8881,0.6309978365898132
31,11741,0.6299617290496826
30,2226,0.6299306154251099
31,13122,0.6297519207000732
31,110,0.6297237277030945
31,4416,0.6295673847198486
31,13241,0.6294458508491516
31,4667,0.6293824315071106
29,3123,0.6293449401855469
31,419,0.6293140053749084
31,10584,0.6288239359855652
31,6243,0.6285990476608276
31,5122,0.6285932660102844
31,13662,0.628358781337738
31,11552,0.6278278827667236
31,12494,0.6276799440383911
31,9054,0.627666711807251
31,4983,0.6276238560676575
31,9500,0.6269156336784363
31,1206,0.6268810629844666
31,10776,0.6259704828262329
30,13587,0.6259397268295288
31,10971,0.6258766055107117
31,9475,0.6258554458618164
31,5644,0.6258509755134583
31,12731,0.6258094310760498
31,12502,0.6250076293945312
31,12688,0.6249014735221863
31,7676,0.6244651675224304
31,8788,0.6243273019790649
31,2434,0.6242876648902893
31,11495,0.623016893863678
31,3717,0.6229445934295654
31,3384,0.6224855780601501
31,12899,0.622429370880127
30,9314,0.6223118901252747
31,6330,0.6221742630004883
31,2885,0.6217700242996216
31,9614,0.6216908097267151
28,12167,0.6207729578018188
30,12408,0.6206464171409607
30,2025,0.6205798387527466
31,14013,0.6201475262641907
31,10294,0.6201150417327881
31,5485,0.6198920011520386
31,6651,0.6197108626365662
31,5111,0.6196146011352539
31,2047,0.6196068525314331
31,11921,0.6195753812789917
31,13304,0.6189630627632141
31,5920,0.618922770023346
31,639,0.618820309638977
31,7725,0.6182603240013123
31,2347,0.6181210279464722
31,3522,0.6176257133483887
31,8461,0.6168559193611145
31,13530,0.6167706251144409
31,12527,0.6167176961898804
31,3012,0.6166678071022034
31,6926,0.6165856122970581
31,151,0.6162689924240112
31,11989,0.6161407828330994
31,8609,0.6158915162086487
31,8679,0.6156002879142761
31,9219,0.6154431104660034
31,12857,0.6150980591773987
30,2627,0.6149765849113464
31,6493,0.6146230697631836
31,7192,0.6143746972084045
31,12779,0.614305853843689
31,9466,0.6141566038131714
31,13518,0.6141066551208496
31,10556,0.6134800314903259
31,11239,0.6132853627204895
31,11626,0.6127645373344421
31,9557,0.6126573085784912
31,9494,0.6122736930847168
31,11235,0.6122372150421143
31,10010,0.6120606064796448
31,11647,0.611842930316925
31,10153,0.6116384267807007
31,3729,0.6114307641983032
31,10893,0.6112185120582581
31,6194,0.6111781597137451
31,9440,0.6110368371009827
31,4732,0.6109320521354675
31,13184,0.6107626557350159
31,8469,0.6107003688812256
31,1945,0.6105970144271851
31,10786,0.6104580760002136
31,13369,0.6098446249961853
30,14181,0.6096564531326294
31,12182,0.6095520257949829
31,6861,0.6092345714569092
31,4147,0.6088352203369141
31,8778,0.608601987361908
31,8306,0.6084846258163452
31,13063,0.6082257032394409
31,11572,0.6076595187187195
30,2196,0.6075779795646667
31,13129,0.6074918508529663
31,12365,0.6074683666229248
31,9866,0.6072235107421875
31,11553,0.6072168946266174
31,7224,0.6070942878723145
31,1688,0.6067456007003784
31,3607,0.6064889430999756
31,429,0.6062524318695068
31,4538,0.6062090396881104
29,1967,0.6060299873352051
28,5917,0.605922520160675
31,11847,0.6056230664253235
31,9115,0.6052014231681824
31,14057,0.6051841378211975
31,12245,0.6051653027534485
31,7687,0.6046925187110901
31,10399,0.6044718623161316
31,3878,0.6042625308036804
31,13630,0.6039424538612366
31,7340,0.6034791469573975
27,2428,0.6032020449638367
31,11883,0.6030173897743225
31,3114,0.6025264859199524
31,1330,0.6023728251457214
31,7880,0.6023710370063782
31,6760,0.6017684936523438
31,12305,0.6011987328529358
31,4598,0.6008937358856201
31,3486,0.6008898019790649
31,13526,0.6007910966873169
31,12048,0.6007891297340393
31,6639,0.6007489562034607
31,13834,0.6003158092498779
31,7058,0.6001618504524231
31,9744,0.6000089645385742
31,11344,0.5998567938804626
31,2129,0.5997877717018127
31,3988,0.5996120572090149
31,9604,0.5991227030754089
31,3096,0.5987679362297058
31,7076,0.5986798405647278
31,9586,0.5985335111618042
31,3873,0.5983763933181763
31,4139,0.5982353091239929
31,9880,0.598090410232544
31,13649,0.5979323387145996
31,5288,0.597815990447998
31,9765,0.5978140830993652
31,5936,0.597610354423523
30,14261,0.5972155928611755
31,12476,0.5968096256256104
31,9691,0.5967317223548889
31,10541,0.5965780019760132
31,379,0.5965392589569092
30,12150,0.5964361429214478
31,5494,0.5961504578590393
31,3143,0.5960900783538818
31,14011,0.5957184433937073
29,11794,0.5942324995994568
31,11571,0.594199538230896
31,5698,0.5940415859222412
31,1141,0.593891978263855
31,2195,0.5930342078208923
31,8378,0.5927435755729675
31,6839,0.5916231274604797
31,8834,0.591220498085022
31,10904,0.5903420448303223
31,12849,0.5903008580207825
29,11929,0.5902567505836487
31,11155,0.5901152491569519
31,9547,0.5900556445121765
31,3235,0.5896265506744385
31,5745,0.589221715927124
31,10948,0.5887545347213745
31,13608,0.5886846780776978
31,6278,0.5885887145996094
31,10750,0.5885762572288513
31,3930,0.588354229927063
30,1307,0.5881755948066711
31,12061,0.5880050659179688
31,3435,0.5879698991775513
31,5632,0.587951123714447
31,14293,0.587881863117218
31,473,0.5878170132637024
31,1534,0.5873836278915405
31,9696,0.5869850516319275
31,9551,0.5869125127792358
31,1277,0.5869055390357971
31,13718,0.5867631435394287
31,4457,0.586699903011322
31,259,0.5866660475730896
31,4426,0.5866074562072754
31,11175,0.5863722562789917
31,8004,0.5860691070556641
31,13559,0.5858296155929565
31,12123,0.5857245922088623
31,5090,0.5855333209037781
31,9559,0.5854150056838989
31,3950,0.5852943658828735
31,5939,0.5851355791091919
31,6694,0.585041880607605
31,13282,0.5850191712379456
31,2053,0.5845804810523987
31,6080,0.584537923336029
31,13020,0.584189236164093
31,8094,0.5840625762939453
31,9046,0.5838073492050171
31,2712,0.583727240562439
29,14120,0.5836465358734131
31,2196,0.5833743214607239
31,894,0.5833649635314941
31,11870,0.5832223296165466
30,3786,0.5831283926963806
31,4974,0.5830271244049072
31,1126,0.5829143524169922
31,5641,0.5828962326049805
31,7020,0.5819616913795471
31,5645,0.5817275047302246
31,8128,0.5811628699302673
31,7831,0.5811119675636292
31,5724,0.5804926753044128
31,7455,0.5803064703941345
31,13574,0.5800583958625793
31,1385,0.5798814296722412
31,272,0.5798293352127075
31,630,0.5798206329345703
31,12548,0.5797995328903198
31,10193,0.5794755816459656
31,9754,0.5793577432632446
31,8018,0.5792223215103149
31,1868,0.5790600180625916
31,9375,0.578831136226654
31,946,0.5785736441612244
31,13250,0.5784311890602112
31,12400,0.5780462622642517
31,5711,0.5780109763145447
30,9957,0.577966034412384
31,9790,0.5776073932647705
31,6907,0.5771147012710571
31,5517,0.576779305934906
30,12287,0.5766329169273376
31,9190,0.5765631794929504
31,11445,0.5764169096946716
31,7702,0.5762360692024231
31,2611,0.576166570186615
30,7435,0.5760382413864136
31,4173,0.5758960247039795
30,8726,0.5758284330368042
31,3183,0.5756008625030518
31,12326,0.5755778551101685
31,8407,0.575534999370575
30,2458,0.5751261115074158
31,13178,0.5747436285018921
31,9882,0.5746138691902161
31,9061,0.5743744373321533
31,13324,0.5742179155349731
31,7514,0.5740066766738892
31,13012,0.5737783312797546
31,9144,0.5733246207237244
31,5334,0.573221743106842
31,3646,0.5731461644172668
31,10395,0.5725340843200684
31,11432,0.572314441204071
31,13448,0.5721900463104248
31,10830,0.5720534920692444
31,400,0.5719477534294128
31,10001,0.5717973113059998
31,344,0.5715049505233765
31,9432,0.5713578462600708
31,10922,0.5708917379379272
31,12819,0.5704833269119263
31,1202,0.5703638792037964
31,816,0.5702296495437622
31,1190,0.5701357126235962
31,6678,0.5700480937957764
31,5426,0.5698996782302856
31,4587,0.5698864459991455
31,3485,0.5696162581443787
31,10508,0.5694088935852051
31,8809,0.56866854429245
31,11367,0.5686347484588623
31,6914,0.5685573816299438
26,2407,0.5684773921966553
31,6430,0.5682685375213623
31,7908,0.5681463479995728
31,6495,0.5681089758872986
31,11482,0.5677587389945984
30,8711,0.5676138401031494
31,13595,0.5672495365142822
31,8747,0.5665572881698608
30,9719,0.5665001273155212
31,1370,0.5663846731185913
31,205,0.5662965178489685
31,6256,0.5661327838897705
31,12009,0.5661099553108215
24,9246,0.5655030608177185
31,2140,0.565357506275177
31,4233,0.5648527145385742
31,11177,0.564527153968811
31,6891,0.564305305480957
31,10453,0.5642946362495422
31,969,0.5640401840209961
31,12484,0.5639676451683044
31,9452,0.563861608505249
31,3066,0.5635513663291931
30,7428,0.5632635354995728
31,5358,0.563249945640564
31,8384,0.5631359219551086
31,9600,0.5627812147140503
31,3750,0.5626959204673767
31,12471,0.5626634359359741
31,2811,0.5625789761543274
31,3688,0.5625146627426147
30,3175,0.5620512962341309
31,1323,0.561646044254303
31,8245,0.5616114735603333
31,14198,0.5612730383872986
31,7007,0.5610764026641846
31,5790,0.5610359907150269
31,5393,0.5608686804771423
31,7808,0.560703694820404
31,12313,0.5606321692466736
31,11675,0.5603674650192261
31,13087,0.5603501200675964
31,11585,0.5602848529815674
31,127,0.5600020885467529
31,13593,0.5598433017730713
31,1778,0.5597423911094666
31,2984,0.5595185160636902
31,4510,0.5594336986541748
31,2498,0.5591471195220947
31,4197,0.5586948394775391
31,11969,0.5586906671524048
31,9919,0.5585587620735168
31,9661,0.5584703683853149
31,1071,0.5583095550537109
31,8618,0.5581092238426208
31,13042,0.558087944984436
31,4484,0.55779629945755
31,6494,0.5577885508537292
31,1423,0.5573591589927673
31,1227,0.55732262134552
31,7176,0.5571751594543457
31,7778,0.5571267008781433
31,11222,0.5568657517433167
31,3830,0.5568190217018127
31,8968,0.5567663908004761
31,17,0.5566772222518921
30,10064,0.5558347702026367
29,3716,0.5555537343025208
31,9512,0.5554807782173157
31,2018,0.5554517507553101
31,5477,0.5554488897323608
31,4778,0.5552961826324463
31,6842,0.5552610158920288
30,11240,0.5551576614379883
31,200,0.5548741817474365
31,3880,0.5548030138015747
27,8051,0.5544142723083496
31,4007,0.5542470216751099
31,8899,0.5541737079620361
31,5544,0.5540018081665039
31,11322,0.553297758102417
31,5473,0.5530181527137756
31,11434,0.5529664158821106
31,695,0.5528870820999146
31,7460,0.5526526570320129
31,3032,0.5524799227714539
31,11516,0.5523191690444946
19,13845,0.5522984266281128
29,2124,0.5522788166999817
31,13664,0.5520023107528687
30,3032,0.5516645312309265
31,6386,0.55166095495224
31,10017,0.5513790249824524
31,8209,0.5513761043548584
31,13298,0.5513213872909546
30,6959,0.5503681898117065
31,14021,0.5502777099609375
31,14090,0.5501345992088318
30,155,0.5501170754432678
31,3388,0.5499414205551147
31,5564,0.5493053197860718
29,10191,0.54928058385849
31,13683,0.5492613315582275
31,6061,0.5492293834686279
31,7315,0.549096941947937
31,12238,0.5489022731781006
31,4242,0.548819363117218
31,11550,0.548712968826294
31,11267,0.5485946536064148
31,9636,0.5485729575157166
31,11178,0.5484153628349304
31,9262,0.5483703017234802
31,11579,0.5482715368270874
31,5470,0.5482553243637085
31,8544,0.5481939315795898
26,9821,0.5481142997741699
31,8662,0.5480981469154358
31,13001,0.5480042099952698
31,5853,0.5479221940040588
31,6615,0.547823429107666
31,14324,0.5474023818969727
31,693,0.5471052527427673
30,14244,0.5470196008682251
31,8307,0.5469401478767395
31,12973,0.5463560819625854
29,7375,0.5460718870162964
31,8125,0.5458055138587952
31,6249,0.5457702279090881
31,7261,0.5454980134963989
31,4493,0.5453335046768188
31,10097,0.5452330112457275
31,1544,0.545147180557251
31,516,0.5450270771980286
31,12089,0.5449967384338379
29,4402,0.5448930859565735
31,6413,0.5448040962219238
31,5062,0.544782817363739
29,11909,0.5447140336036682
31,1967,0.5446725487709045
30,11889,0.5446155667304993
31,9889,0.5445765256881714
31,13432,0.5443926453590393
31,10741,0.5442472100257874
30,1777,0.5441280007362366
31,7769,0.5440393686294556
31,11080,0.5440065264701843
31,9700,0.5438029766082764
31,7635,0.5437665581703186
31,1807,0.5436375737190247
31,1404,0.5434495210647583
31,3451,0.5432325601577759
31,6536,0.542850136756897
31,7078,0.5424513816833496
31,10136,0.5423587560653687
31,14160,0.5420758724212646
29,10666,0.5418921709060669
31,7083,0.5418586134910583
31,349,0.5416566729545593
29,13822,0.5414893627166748
28,4072,0.5413398742675781
31,4221,0.5413211584091187
31,2879,0.5413005948066711
31,2369,0.5409027338027954
31,8726,0.5408775210380554
31,13149,0.5404356718063354
31,7866,0.540328860282898
31,7004,0.5402767062187195
31,14203,0.5398596525192261
31,6156,0.5391104221343994
31,7628,0.5388420224189758
31,286,0.5388408899307251
31,8398,0.5388198494911194
31,3404,0.5382012128829956
30,12446,0.538168728351593
31,1493,0.5377269983291626
31,7710,0.537382960319519
31,12889,0.5371580719947815
31,3701,0.5369473695755005
31,3542,0.5369452238082886
31,8015,0.5367199778556824
31,2386,0.536641001701355
31,7955,0.5366142392158508
31,13141,0.5364493727684021
31,13218,0.5363497734069824
31,13578,0.5361859798431396
31,5232,0.5359477996826172
31,7891,0.5357036590576172
31,3997,0.5356376767158508
31,13762,0.5355755090713501
30,9114,0.5354925394058228
31,11481,0.535284161567688
31,10797,0.5351773500442505
31,3929,0.5348362922668457
31,3820,0.5343735218048096
31,3514,0.5343629717826843
29,1710,0.5342812538146973
31,3876,0.5341657400131226
31,10220,0.5339400768280029
31,13698,0.5338181853294373
31,1691,0.5337352156639099
31,4083,0.533657431602478
30,7463,0.5333948731422424
31,2087,0.533032238483429
31,1947,0.5326753854751587
31,3200,0.5326507687568665
31,8006,0.5324421525001526
30,2087,0.5324112772941589
31,2946,0.5323796272277832
31,7451,0.5323402881622314
31,6177,0.5322182774543762
31,9125,0.5317555665969849
28,447,0.5317189693450928
31,3119,0.531586766242981
31,6085,0.5313648581504822
31,7783,0.531195878982544
31,5489,0.531098484992981
31,7096,0.5305984616279602
31,4000,0.5304703712463379
31,13161,0.5304471254348755
31,8928,0.5297497510910034
31,13015,0.5297266840934753
31,10215,0.5294657349586487
31,6013,0.5288952589035034
31,9036,0.5288783311843872
31,4128,0.5287783741950989
31,9673,0.5287510752677917
31,10825,0.5286136865615845
31,3710,0.5283028483390808
31,4435,0.528255820274353
31,1568,0.5282496213912964
30,1253,0.5280749797821045
31,887,0.5278521180152893
31,6384,0.5276299715042114
31,10088,0.5272495746612549
31,6165,0.5272150039672852
27,8896,0.5271713733673096
31,11510,0.526951014995575
31,5068,0.5264341235160828
31,656,0.5262926816940308
31,3397,0.5259022116661072
31,3368,0.5258738994598389
30,12214,0.5256001353263855
31,7184,0.5254169702529907
31,10466,0.5251646041870117
31,2986,0.5251299142837524
31,2912,0.5249580144882202
31,2820,0.5245528221130371
31,6401,0.5245262384414673
31,8653,0.5243526697158813
31,5412,0.5242516398429871
31,12878,0.5240725874900818
31,12039,0.524010956287384
31,8845,0.5237379670143127
31,1262,0.5236679315567017
31,6908,0.5233869552612305
31,3431,0.5232082605361938
31,2008,0.5231648683547974
31,10590,0.523034393787384
31,6549,0.5230314135551453
31,13819,0.5229825973510742
31,7597,0.5226816534996033
31,4250,0.5226258039474487
31,11818,0.5224690437316895
31,353,0.5221041440963745
31,655,0.5216264724731445
30,8223,0.5215808749198914
31,13599,0.5214760303497314
31,4164,0.521426260471344
31,8123,0.5214024782180786
31,9877,0.5213280916213989
31,12659,0.5212119817733765
31,1689,0.5211785435676575
31,13669,0.521098792552948
30,3271,0.52105712890625
31,14058,0.5209474563598633
30,8836,0.5208773612976074
31,9834,0.5207927823066711
31,838,0.5206149816513062
31,13401,0.5205901265144348
30,164,0.5201423168182373
30,13388,0.5196764469146729
29,11819,0.519518256187439
31,6265,0.5190309882164001
30,5213,0.5190157294273376
31,8593,0.5189950466156006
31,187,0.5189500451087952
31,2939,0.5188390016555786
31,8625,0.5185520052909851
31,11757,0.5183557271957397
31,2594,0.5183056592941284
31,12214,0.5182158350944519
30,6448,0.5181901454925537
30,3040,0.5180990695953369
29,669,0.5180637836456299
27,3778,0.5177797675132751
31,9510,0.517122209072113
31,7085,0.5168517827987671
29,13257,0.5167961120605469
31,7826,0.5165277719497681
30,9989,0.5162214040756226
31,8169,0.5161589980125427
31,13739,0.5161585211753845
31,7263,0.5159680843353271
31,7638,0.5157709717750549
31,12883,0.5154955387115479
31,9858,0.5153681039810181
30,6725,0.5153293013572693
31,7161,0.5152326822280884
31,12008,0.5150347352027893
31,7533,0.5149147510528564
31,2016,0.5148369669914246
31,11914,0.5147969722747803
31,7201,0.5146549344062805
31,1193,0.5144374370574951
31,13456,0.5143124461174011
28,10007,0.5141428112983704
31,4195,0.5140689611434937
31,2035,0.5140388011932373
31,12196,0.5139961242675781
29,9595,0.5137360692024231
31,13325,0.5136807560920715
31,5028,0.5136045813560486
31,10409,0.5135583877563477
31,5218,0.5133609771728516
29,7328,0.5131061673164368
31,6648,0.5130123496055603
31,7504,0.5129883885383606
31,11707,0.5129635334014893
31,7060,0.512844979763031
31,7568,0.5127557516098022
31,1177,0.5126900672912598
31,11297,0.5125134587287903
31,9768,0.5122874975204468
30,11363,0.5122788548469543
31,7360,0.5122509598731995
31,5596,0.5121411085128784
30,1793,0.5120858550071716
31,13849,0.5118488669395447
31,2504,0.5114659070968628
31,10690,0.510670006275177
31,4032,0.5106332898139954
31,3441,0.5104973316192627
31,1247,0.5104719996452332
31,5166,0.5102499127388
31,5124,0.5102095603942871
31,8807,0.5101460218429565
31,5916,0.5100271105766296
31,2935,0.5093241333961487
31,11698,0.5090622305870056
31,9778,0.5089731216430664
31,12903,0.5088374018669128
31,4227,0.5083082914352417
31,13589,0.5081919431686401
31,13976,0.5078327059745789
31,7940,0.5077154040336609
31,4485,0.5075423717498779
30,9210,0.507279098033905
31,3620,0.5072466135025024
31,8239,0.5070674419403076
31,9936,0.5070549249649048
31,2925,0.5070337057113647
31,12893,0.5069378018379211
31,9154,0.5068591237068176
31,1537,0.5063015818595886
31,4883,0.5062270760536194
31,5445,0.5062136054039001
31,12293,0.5059509873390198
31,10801,0.5059306621551514
31,5195,0.5052083730697632
31,10490,0.504905641078949
31,10989,0.5046957731246948
31,597,0.5044896602630615
31,14200,0.5044081807136536
31,7553,0.5043726563453674
31,9528,0.5043534636497498
31,5616,0.5043086409568787
31,7476,0.5042282938957214
31,14012,0.5041476488113403
31,5838,0.5040852427482605
31,1667,0.504075288772583
31,8531,0.5040347576141357
31,1821,0.50395268201828
31,2334,0.5034802556037903
31,11781,0.5028941631317139
31,1741,0.5028122663497925
31,6179,0.5028067827224731
31,4888,0.5026212930679321
31,2252,0.5024812817573547
31,48,0.502031683921814
31,13487,0.5019298195838928
31,10915,0.5018341541290283
31,1360,0.5017695426940918
31,14179,0.5016651153564453
31,9940,0.5015542507171631
31,3506,0.5013271570205688
31,13183,0.5013028979301453
31,7777,0.5003155469894409
31,3251,0.5002429485321045
31,8508,0.5002413392066956
31,4059,0.5000671744346619
31,12658,0.49998047947883606
31,2951,0.49963298439979553
30,3141,0.49939975142478943
31,7449,0.4991382956504822
31,8058,0.49872979521751404
31,728,0.49868977069854736
31,4328,0.4985763430595398
31,5267,0.49806371331214905
30,3152,0.49804338812828064
30,13721,0.49793756008148193
31,2003,0.49776196479797363
31,589,0.4971190392971039
31,1510,0.4969958961009979
31,12292,0.4969264268875122
31,8120,0.4968861937522888
31,11680,0.49686163663864136
31,13247,0.49682191014289856
31,4911,0.49659159779548645
31,8949,0.4962990880012512
30,12460,0.49627795815467834
31,10308,0.4962458908557892
31,5294,0.4962431788444519
31,2555,0.4962429106235504
31,3819,0.49621957540512085
31,4589,0.49614688754081726
31,12473,0.4960000514984131
31,13966,0.49596789479255676
31,11259,0.4959660470485687
31,11622,0.4959002733230591
31,9654,0.4953615665435791
31,11971,0.4951746165752411
31,194,0.494985967874527
31,10258,0.49497658014297485
31,12836,0.49477076530456543
31,1513,0.49470317363739014
31,8907,0.49454158544540405
31,2078,0.49443167448043823
31,7334,0.4944096803665161
31,7112,0.49427279829978943
31,2137,0.49386724829673767
31,11518,0.4927516281604767
31,3476,0.4926157593727112
31,879,0.49253588914871216
31,2928,0.4924316704273224
31,4423,0.4923408031463623
31,13197,0.4920123815536499
29,843,0.49189576506614685
31,10198,0.49173739552497864
31,3237,0.49134498834609985
31,13404,0.49119576811790466
31,1969,0.49048855900764465
31,11361,0.49042221903800964
31,5825,0.4903734624385834
31,4298,0.49031519889831543
29,9469,0.49027320742607117
31,3828,0.4901803135871887
31,6218,0.49001070857048035
31,3109,0.4898670017719269
31,2980,0.4895884394645691
31,8296,0.48909592628479004
31,13476,0.4885084331035614
31,9619,0.4883578419685364
31,5349,0.488145649433136
31,2294,0.48807719349861145
31,1594,0.48794832825660706
31,11885,0.48761072754859924
31,3611,0.4875463545322418
31,11360,0.48728734254837036
31,5877,0.4868113100528717
31,8857,0.48643526434898376
31,12540,0.4864048361778259
30,2297,0.48622995615005493
31,4225,0.48597952723503113
31,11378,0.4859620928764343
31,167,0.48588740825653076
31,9705,0.4858572483062744
31,8567,0.4856123924255371
31,2786,0.4855422377586365
31,10238,0.4853722155094147
28,5721,0.4852074086666107
31,8556,0.48507729172706604
29,4543,0.48474371433258057
30,9504,0.48446032404899597
30,5428,0.4841562807559967
31,6510,0.4840048551559448
31,3104,0.4838869869709015
31,6918,0.4837987422943115
31,8921,0.48367801308631897
28,5387,0.48353636264801025
31,11033,0.48349425196647644
31,10843,0.4834938943386078
31,4399,0.4834279417991638
31,7426,0.48340705037117004
30,9708,0.48338091373443604
30,779,0.4832701086997986
31,4240,0.48313844203948975
31,2930,0.4831005930900574
31,6950,0.48307177424430847
31,7057,0.4824388921260834
31,10168,0.48230475187301636
31,9075,0.4822472929954529
31,9916,0.48214948177337646
31,7458,0.4820866882801056
31,4835,0.48208439350128174
31,6600,0.48179611563682556
31,3444,0.48178574442863464
31,8446,0.48161789774894714
30,3727,0.4814397692680359
31,7981,0.4811297357082367
31,1562,0.4810886085033417
29,12644,0.4809771478176117
31,1987,0.4808984696865082
31,11218,0.48045283555984497
31,6009,0.4804060459136963
31,13847,0.4803900420665741
31,5847,0.4802080988883972
31,13112,0.48010021448135376
31,6028,0.47979143261909485
31,5074,0.47967207431793213
31,13219,0.47954389452934265
31,5399,0.47940191626548767
31,9769,0.47938278317451477
31,7706,0.4792540669441223
31,7319,0.47899433970451355
29,142,0.4786282777786255
31,8766,0.4785766303539276
31,12982,0.47849559783935547
31,8503,0.4782731533050537
31,430,0.4781136214733124
31,10675,0.47800952196121216
31,5943,0.4776843190193176
31,5206,0.47761741280555725
31,11252,0.4775656461715698
31,295,0.4775458574295044
30,5040,0.4772588908672333
31,14155,0.4771050810813904
31,2136,0.47703805565834045
31,11616,0.47699472308158875
31,13060,0.4768928289413452
31,1384,0.47676408290863037
31,10107,0.4763946533203125
31,1313,0.47623035311698914
31,7332,0.4757206439971924
31,11071,0.47559210658073425
30,2951,0.4754996597766876
31,11123,0.47537896037101746
31,9070,0.47520720958709717
30,4837,0.4751981198787689
31,4575,0.4742066562175751
31,1533,0.4742061197757721
31,6407,0.4736635684967041
31,5835,0.47355741262435913
31,2559,0.473517507314682
31,8953,0.4734874665737152
31,7497,0.4734490215778351
30,225,0.4734114408493042
31,9516,0.4733361005783081
31,14143,0.47299572825431824
31,14266,0.4729788601398468
31,14269,0.4729686975479126
31,12417,0.47290292382240295
31,4342,0.47284355759620667
31,11386,0.47272616624832153
31,4690,0.47266966104507446
31,12511,0.47258201241493225
31,6394,0.4725129306316376
31,5959,0.4722885489463806
31,11558,0.4721507430076599
31,3163,0.4719622731208801
31,1131,0.47193026542663574
26,3082,0.47183966636657715
31,13459,0.4716983437538147
30,12724,0.4716775417327881
31,1777,0.47151899337768555
31,9567,0.4712224006652832
31,11140,0.47117218375205994
31,5025,0.47106584906578064
31,9732,0.4710548520088196
31,9845,0.4708796739578247
31,577,0.4706572890281677
31,3135,0.4703877866268158
31,9176,0.4698374271392822
31,3949,0.46947914361953735
30,810,0.46930110454559326
31,9276,0.46917080879211426
31,1530,0.4686395525932312
30,2532,0.4677739143371582
31,2139,0.46772274374961853
31,3115,0.46760860085487366
31,12676,0.46737757325172424
31,7520,0.4673353433609009
31,11174,0.4670199751853943
31,12383,0.4669923484325409
31,7474,0.4664919972419739
31,9802,0.46649113297462463
31,600,0.466486394405365
31,6464,0.4664698541164398
31,1938,0.46646246314048767
30,3331,0.46623149514198303
31,6239,0.46620678901672363
31,699,0.4658975303173065
31,10502,0.46587711572647095
31,792,0.46573835611343384
30,4077,0.4652961492538452
31,8735,0.4651604890823364
31,3483,0.46422863006591797
31,2149,0.46421951055526733
31,5168,0.46376848220825195
30,7003,0.4636210501194
31,5173,0.46352407336235046
30,3397,0.4632357358932495
31,5706,0.46291810274124146
31,9553,0.4627019762992859
31,1781,0.4625166356563568
31,7733,0.46233895421028137
31,6704,0.4622606635093689
31,594,0.46213945746421814
31,9507,0.46202972531318665
31,7517,0.46192601323127747
31,13872,0.46189165115356445
31,3575,0.4618072211742401
31,7862,0.4617234170436859
30,10139,0.46158915758132935
30,11022,0.4614877998828888
31,8534,0.46135202050209045
31,6556,0.4610942006111145
31,11248,0.46098592877388
30,7095,0.4609818458557129
31,10746,0.46091270446777344
29,3783,0.4608455002307892
31,9874,0.460560142993927
31,10883,0.46030157804489136
31,9822,0.4602312743663788
31,12821,0.46020129323005676
31,11417,0.46018147468566895
31,2804,0.46005749702453613
31,14016,0.45912453532218933
31,6511,0.459036260843277
31,11015,0.45894676446914673
31,12275,0.4587574303150177
31,10323,0.4586583077907562
31,13650,0.4584592580795288
30,12025,0.4584389328956604
31,6019,0.4581226706504822
31,5046,0.45787784457206726
31,7874,0.4578680694103241
31,1398,0.4577887952327728
31,5287,0.4574684798717499
27,8738,0.4573169946670532
31,12783,0.4572778046131134
31,10144,0.4571511447429657
31,9299,0.45676442980766296
31,7243,0.45675408840179443
31,1747,0.45627671480178833
31,9631,0.45608723163604736
31,5513,0.4553278982639313
29,13799,0.45525428652763367
27,3653,0.4550922214984894
31,2120,0.4550659954547882
31,11221,0.45506009459495544
29,2788,0.45498332381248474
31,2431,0.4548940658569336
31,7626,0.4548894762992859
30,7076,0.4544668197631836
31,4528,0.4544183015823364
31,3936,0.4544130265712738
31,8298,0.45434626936912537
31,11985,0.4542767107486725
29,9228,0.4539572596549988
31,10101,0.45390716195106506
31,12043,0.45372408628463745
30,13513,0.4534132182598114
31,13556,0.4533471465110779
31,316,0.4532104730606079
31,4921,0.4531153440475464
31,12787,0.4531148076057434
31,5114,0.45300236344337463
31,6452,0.4529876112937927
31,12373,0.45296040177345276
31,4652,0.4526762366294861
31,3924,0.4525037705898285
31,5332,0.45192861557006836
31,10720,0.4519217610359192
31,5491,0.4518180191516876
31,11459,0.4517662227153778
31,4181,0.45166483521461487
31,3796,0.45161518454551697
31,6669,0.4516023099422455
31,3761,0.4514831006526947
31,6411,0.4514809548854828
31,12920,0.451465368270874
31,9058,0.4513866901397705
31,13271,0.45130136609077454
31,6626,0.4512712061405182
31,6698,0.4510602056980133
31,1246,0.45095106959342957
31,1961,0.4503119885921478
31,12172,0.4502186179161072
31,4496,0.4501726031303406
31,5171,0.44965431094169617
31,5244,0.44963568449020386
31,2306,0.4495724141597748
31,4657,0.44945740699768066
30,7204,0.4493408203125
31,1078,0.44915249943733215
30,10498,0.4486059248447418
31,12713,0.4484942853450775
30,10352,0.4484844505786896
31,6833,0.448377788066864
31,12949,0.4473966658115387
31,7613,0.44726210832595825
31,2049,0.4472328722476959
31,10284,0.4468468725681305
31,4685,0.44674649834632874
31,12541,0.44640037417411804
31,13230,0.44637033343315125
30,4238,0.44617360830307007
31,5833,0.4460577964782715
26,12113,0.4459311366081238
30,323,0.44583985209465027
31,2706,0.4457046389579773
31,8803,0.44537627696990967
31,11401,0.44533130526542664
30,2788,0.44519245624542236
31,6928,0.4451709985733032
31,12074,0.4449687600135803
30,6195,0.4445212483406067
31,2525,0.44445177912712097
31,12021,0.4443080723285675
31,13342,0.44430646300315857
31,2301,0.4441523253917694
30,11307,0.4440934956073761
31,11286,0.44404590129852295
31,5497,0.4437640309333801
30,12568,0.44375237822532654
30,6970,0.4436115622520447
30,13260,0.44360390305519104
31,9412,0.44336915016174316
31,3381,0.44276899099349976
31,13188,0.44273263216018677
31,169,0.4426441788673401
31,10844,0.44251716136932373
31,11576,0.4423581063747406
30,10821,0.4416825771331787
30,85,0.4411354064941406
31,4655,0.44104477763175964
31,4782,0.44096967577934265
19,10419,0.44090965390205383
31,7721,0.4406907856464386
31,865,0.44065794348716736
31,5510,0.4406251013278961
31,608,0.44047096371650696
30,10849,0.4403826892375946
30,5944,0.44034719467163086
31,2665,0.44026780128479004
31,124,0.44017720222473145
31,12110,0.44006064534187317
31,5924,0.4399571716785431
31,8267,0.4398263394832611
30,6707,0.4397902190685272
16,6521,0.43968817591667175
31,10668,0.4396284222602844
31,12342,0.4395240247249603
31,3138,0.43952324986457825
31,1113,0.4394576847553253
31,3095,0.4392295479774475
19,12164,0.43919637799263
31,2212,0.43879178166389465
31,14132,0.4384234845638275
31,2224,0.4382847249507904
31,5834,0.43809592723846436
31,2717,0.43794742226600647
31,9140,0.43764084577560425
30,4893,0.4376031160354614
31,7235,0.4375018775463104
31,7967,0.43705320358276367
31,11120,0.43698951601982117
31,12073,0.4369768798351288
31,14182,0.43686285614967346
30,11436,0.4367927014827728
31,8232,0.43672263622283936
31,422,0.4366708993911743
31,561,0.4365079402923584
30,7237,0.436469703912735
31,3355,0.4364044964313507
31,3345,0.43640077114105225
31,7482,0.4362495243549347
31,4157,0.4361862242221832
31,13585,0.4360641837120056
31,14118,0.43590909242630005
31,3434,0.43586546182632446
31,3860,0.43584030866622925
31,13150,0.4357587993144989
31,3057,0.4356940984725952
31,11583,0.43540772795677185
31,896,0.43538424372673035
31,5535,0.43529248237609863
31,4928,0.43525153398513794
31,12193,0.4351198673248291
29,1173,0.43502235412597656
31,8219,0.4349076747894287
31,13808,0.43490564823150635
31,10902,0.4348878860473633
31,6220,0.4347551465034485
31,6693,0.43438464403152466
31,10781,0.4343608617782593
31,9116,0.434343159198761
30,4391,0.4342878460884094
31,742,0.4342760741710663
31,9296,0.4340668022632599
31,11850,0.4337470829486847
31,703,0.4336724281311035
31,7206,0.43366098403930664
29,1123,0.43357837200164795
31,9463,0.4335657060146332
31,2944,0.43345460295677185
30,10032,0.4334283769130707
29,7839,0.43329405784606934
31,2025,0.4332595467567444
31,11563,0.43311479687690735
31,1007,0.43264514207839966
31,11341,0.43231433629989624
31,4523,0.43229901790618896
31,6817,0.4322032034397125
31,13097,0.43192458152770996
31,13703,0.43182632327079773
31,1740,0.4316839277744293
30,9329,0.4315590262413025
31,9867,0.4314669668674469
31,978,0.43139705061912537
31,1815,0.43137574195861816
31,4964,0.43129590153694153
31,4302,0.4312210977077484
31,1546,0.43116289377212524
31,10427,0.43111157417297363
31,3400,0.43109428882598877
31,10,0.43073686957359314
31,6772,0.43070530891418457
31,11307,0.43068748712539673
31,3440,0.43058860301971436
31,13259,0.43050456047058105
31,13493,0.43046629428863525
31,4559,0.4304320216178894
29,7091,0.4303215742111206
31,4995,0.4302651882171631
31,12101,0.4302503168582916
31,3055,0.4301788806915283
31,14119,0.4300307631492615
31,6837,0.42995673418045044
31,2796,0.42945006489753723
31,2423,0.4294397234916687
30,9105,0.4292820990085602
31,11882,0.4292581379413605
30,9283,0.42888110876083374
31,5685,0.42870670557022095
31,4793,0.42849400639533997
31,7663,0.42814546823501587
31,1335,0.42809829115867615
31,6217,0.427874356508255
31,9569,0.4277348220348358
31,11869,0.4275091886520386
31,11941,0.4273514449596405
31,9239,0.42705318331718445
31,12684,0.426933616399765
31,6467,0.42678871750831604
31,10083,0.4265923500061035
31,9902,0.42624351382255554
31,7964,0.4261687994003296
31,4035,0.4261360466480255
30,3853,0.4261351525783539
31,11166,0.42609986662864685
31,1662,0.42608192563056946
31,5708,0.4258919358253479
26,2589,0.4258324205875397
31,10914,0.4258168935775757
31,6665,0.4257465600967407
30,4101,0.42555657029151917
31,11713,0.4255554974079132
31,4123,0.42546623945236206
31,13366,0.4253776967525482
31,13027,0.4252835214138031
31,7012,0.42519357800483704
31,10758,0.4248254895210266
31,2869,0.4248204231262207
31,6102,0.4244503080844879
29,546,0.42443156242370605
22,4349,0.4242244064807892
31,12146,0.4242072105407715
31,4772,0.4241536557674408
31,755,0.4240877628326416
31,3987,0.4240303933620453
31,2566,0.4240075349807739
31,1728,0.4239058196544647
31,10461,0.4235457181930542
31,10373,0.4233182668685913
31,11304,0.42323070764541626
30,1812,0.4231974482536316
31,12266,0.42313840985298157
31,4430,0.4230290353298187
30,1457,0.42293816804885864
31,7294,0.4228688180446625
30,1943,0.42279118299484253
31,16,0.422770619392395
31,11057,0.42273205518722534
31,9089,0.4223887026309967
31,3238,0.4223857820034027
31,4686,0.4222351610660553
31,5771,0.42177027463912964
31,4946,0.42160195112228394
31,1621,0.42158761620521545
31,8149,0.42130401730537415
31,3134,0.4212530255317688
31,5000,0.42124345898628235
31,14031,0.4211058020591736
28,8818,0.42097076773643494
31,599,0.42088475823402405
31,11816,0.42085719108581543
31,2799,0.4207005500793457
31,11699,0.4206424057483673
31,3816,0.4205021858215332
31,2943,0.42039811611175537
31,10870,0.4203052222728729
31,7878,0.42024102807044983
31,4560,0.4202001392841339
31,12277,0.4200987219810486
31,5876,0.4200228154659271
31,2526,0.4196726381778717
31,4520,0.4193064570426941
31,3380,0.4192388951778412
31,7834,0.4192173480987549
31,5245,0.41908103227615356
31,8697,0.4190542995929718
31,9163,0.4190429747104645
30,5623,0.41897398233413696
31,6775,0.41891756653785706
31,4428,0.4185190200805664
31,9550,0.4184821844100952
31,13423,0.41844305396080017
31,7483,0.41832607984542847
31,10318,0.4182875454425812
31,14190,0.41821181774139404
31,9949,0.41817882657051086
31,13686,0.41815826296806335
31,778,0.41813522577285767
31,3357,0.41789180040359497
31,884,0.41780343651771545
31,3086,0.41777297854423523
31,5826,0.4173445403575897
31,6992,0.4170265793800354
31,5026,0.41686365008354187
31,10405,0.4168531596660614
31,14226,0.4168129861354828
31,14096,0.41676777601242065
31,11738,0.41647252440452576
24,5074,0.41632065176963806
31,10252,0.41630375385284424
31,11782,0.416090726852417
31,6041,0.41572999954223633
31,2932,0.4157131612300873
31,1343,0.41532427072525024
17,14096,0.4153110086917877
30,10341,0.41526415944099426
31,6201,0.4152171015739441
31,7863,0.41503557562828064
31,1564,0.41488921642303467
31,8464,0.41470804810523987
31,683,0.4144013822078705
31,8028,0.4143946170806885
31,1425,0.4143924117088318
31,4717,0.41437143087387085
31,1766,0.4143061637878418
31,4840,0.41427677869796753
30,6377,0.4142301380634308
31,5231,0.4142136573791504
31,6640,0.41377946734428406
29,2239,0.41328248381614685
31,517,0.41287678480148315
31,6029,0.41283708810806274
31,2331,0.41280439496040344
23,2565,0.41278275847435
31,3130,0.41272440552711487
27,6934,0.41269949078559875
30,7813,0.41261914372444153
31,7989,0.4122670292854309
31,1433,0.41219213604927063
31,1115,0.41215911507606506
30,3015,0.41215598583221436
29,987,0.41207289695739746
31,10879,0.4120202958583832
31,3917,0.4118397831916809
31,14173,0.4118337035179138
31,145,0.41158702969551086
30,7299,0.41153019666671753
31,6767,0.41140714287757874
31,10983,0.4112752377986908
28,10491,0.4109887182712555
31,310,0.41089576482772827
30,9604,0.4108108878135681
31,8987,0.4106937050819397
31,10767,0.4106033444404602
31,9714,0.41058987379074097
31,6636,0.4105338454246521
31,7362,0.41047826409339905
31,6812,0.4100523591041565
31,12709,0.4099782109260559
31,11206,0.4098949432373047
31,5841,0.40979745984077454
31,4783,0.40959808230400085
30,12422,0.4095924496650696
31,13328,0.40937647223472595
31,9864,0.40931639075279236
31,3990,0.40878763794898987
31,7759,0.4086972773075104
30,3937,0.4085899591445923
31,1835,0.4084775447845459
31,204,0.40821918845176697
31,1979,0.4081827700138092
31,4384,0.4080111086368561
31,8617,0.4079935550689697
31,12121,0.4078958332538605
31,4121,0.4077978730201721
31,2989,0.40776002407073975
31,3037,0.40772780776023865
31,12014,0.4076343774795532
31,3222,0.40754929184913635
31,12692,0.4075329899787903
31,5108,0.40711578726768494
31,7000,0.4070664346218109
31,13310,0.40682482719421387
31,13455,0.40656647086143494
31,8624,0.4064238667488098
31,3406,0.40631556510925293
31,14232,0.4061887562274933
31,13264,0.40592333674430847
31,8682,0.4057241678237915
30,2074,0.40571650862693787
31,3794,0.40537917613983154
31,3358,0.4053087830543518
31,2798,0.4051399827003479
31,3682,0.40512120723724365
31,4876,0.405118465423584
30,9591,0.40511369705200195
31,1756,0.40485721826553345
31,10953,0.4047723412513733
29,14025,0.40462443232536316
31,14303,0.4042481482028961
31,2219,0.40412288904190063
31,10521,0.4039955139160156
31,9647,0.40384525060653687
31,6995,0.40372493863105774
31,13501,0.40362587571144104
31,9708,0.4035710394382477
31,6986,0.40354397892951965
30,11449,0.40351560711860657
31,10077,0.4035068452358246
28,9648,0.4034060537815094
31,13754,0.4033643305301666
31,4008,0.40310901403427124
31,2419,0.4030935764312744
31,9074,0.4029727280139923
31,4053,0.4029180407524109
31,14111,0.402889221906662
31,5066,0.4028184711933136
31,12773,0.40281277894973755
31,11435,0.4027647376060486
31,1399,0.4027620255947113
31,11168,0.40272289514541626
31,2662,0.40266573429107666
31,10928,0.4026305675506592
30,11976,0.40253934264183044
31,8360,0.40238022804260254
31,5756,0.40232452750205994
30,8429,0.4021416902542114
31,7368,0.4018653631210327
31,4920,0.4017910361289978
31,10924,0.401769757270813
31,11907,0.40164172649383545
31,13884,0.4014616012573242
29,12248,0.4014468491077423
31,9947,0.4013146758079529
31,2513,0.4011620879173279
31,6015,0.40110212564468384
30,4583,0.4010639190673828
31,9526,0.4010356366634369
31,8587,0.400899201631546
31,8240,0.40057820081710815
31,1305,0.4003153145313263
31,14075,0.40015095472335815
31,11385,0.3999822437763214
31,5864,0.3999687135219574
31,11409,0.39987361431121826
31,2253,0.39983707666397095
31,12517,0.39965224266052246
30,986,0.39927399158477783
31,1016,0.3990459442138672
31,3844,0.39882540702819824
30,5999,0.39879855513572693
31,511,0.3983266055583954
30,4034,0.3982524275779724
31,10278,0.39817455410957336
31,5612,0.39797112345695496
31,2974,0.39790505170822144
30,2683,0.3977101743221283
30,5265,0.3973558247089386
31,7869,0.397307813167572
31,4770,0.3971518278121948
31,13883,0.3971199691295624
31,1535,0.397070050239563
31,10213,0.3969779312610626
31,8115,0.3969474136829376
31,4256,0.3966236710548401
31,13059,0.3963412642478943
31,6763,0.39632731676101685
31,350,0.39625006914138794
31,3081,0.3961550295352936
30,8218,0.39609503746032715
21,10289,0.3960227370262146
31,9478,0.3959091901779175
30,2709,0.39579373598098755
31,9155,0.39550018310546875
29,7118,0.3954426646232605
30,1464,0.39542606472969055
31,2335,0.3953973948955536
31,7973,0.395043283700943
31,3680,0.39489322900772095
26,9553,0.3945891261100769
31,3484,0.39445701241493225
31,10140,0.39436104893684387
31,13681,0.39430296421051025
31,5355,0.39428555965423584
31,13312,0.3941454589366913
30,1326,0.39412885904312134
31,4020,0.3939366340637207
31,12863,0.3938731253147125
30,5149,0.393837571144104
31,7555,0.3938135802745819
29,10899,0.39379873871803284
31,11903,0.39370062947273254
31,5955,0.39360615611076355
30,8026,0.3933670222759247
31,10035,0.39310383796691895
28,4007,0.3930182158946991
31,6520,0.39297813177108765
31,13950,0.3928588926792145
31,12679,0.3928024470806122
31,11258,0.3927830159664154
31,11496,0.3926934003829956
30,6621,0.3926394283771515
31,3330,0.39246422052383423
31,2971,0.3924488127231598
28,8911,0.39229530096054077
30,13035,0.3922148644924164
31,12032,0.3919902741909027
31,1760,0.39197683334350586
29,14070,0.39188992977142334
31,12719,0.39184027910232544
31,8642,0.39177006483078003
31,4257,0.39157992601394653
31,13740,0.39154696464538574
30,9276,0.39145946502685547
31,24,0.39130207896232605
31,2780,0.39127811789512634
31,1917,0.3912743628025055
30,1153,0.39100757241249084
31,7560,0.39097243547439575
31,2868,0.3908988833427429
30,9788,0.3908659517765045
30,4345,0.39059993624687195
31,11363,0.3905610144138336
31,9037,0.3905416429042816
30,11179,0.3904319703578949
30,468,0.3903341293334961
31,2463,0.3903072476387024
30,7305,0.39026376605033875
28,14127,0.39017388224601746
31,11652,0.38993972539901733
31,2127,0.3898617625236511
31,8416,0.3898163437843323
31,8980,0.38980063796043396
31,13507,0.3897631764411926
30,4887,0.38971444964408875
30,4803,0.38969263434410095
31,7155,0.38963592052459717
31,4400,0.3896021544933319
31,3243,0.38942888379096985
31,10063,0.38942474126815796
31,10348,0.38915443420410156
31,915,0.3891352117061615
31,5036,0.38903629779815674
31,6993,0.38898965716362
30,4398,0.3889400362968445
31,13172,0.38893216848373413
31,5762,0.3889264464378357
31,8346,0.38881808519363403
31,10653,0.3887748122215271
30,6037,0.38877353072166443
31,9735,0.38830024003982544
30,13781,0.3882317841053009
31,1250,0.38801538944244385
31,6960,0.3877180814743042
31,7978,0.3874688148498535
31,806,0.3872449994087219
31,8000,0.3870375156402588
31,2119,0.38690200448036194
31,9178,0.38689514994621277
31,11198,0.38674959540367126
31,6038,0.38661935925483704
31,9365,0.38658592104911804
29,11650,0.38647496700286865
27,3231,0.38645389676094055
31,3783,0.38643360137939453
29,666,0.3863134980201721
31,5277,0.3861558437347412
31,8371,0.38580772280693054
31,8636,0.3856542706489563
30,5035,0.3854196071624756
30,10682,0.38526058197021484
31,7976,0.38521525263786316
31,1991,0.38518258929252625
31,11487,0.3844491243362427
31,6700,0.38433030247688293
31,4785,0.38397642970085144
30,8589,0.38394272327423096
31,8409,0.383851021528244
31,3871,0.38369837403297424
31,4903,0.3836820423603058
31,6288,0.3835698366165161
31,14048,0.38315507769584656
31,8671,0.38288912177085876
31,6490,0.38282015919685364
31,10040,0.3827125132083893
31,11161,0.3827114701271057
31,13901,0.3825985789299011
30,12174,0.3824995756149292
31,9059,0.3824445307254791
31,271,0.3822003901004791
31,607,0.38196036219596863
31,3600,0.3815223276615143
31,10790,0.38142555952072144
31,4934,0.38138243556022644
30,8151,0.3807939291000366
31,11961,0.3807436525821686
31,2636,0.3806639313697815
31,3093,0.3804153501987457
31,1607,0.3803301453590393
31,2485,0.3802821636199951
31,5857,0.38026896119117737
31,1483,0.38017863035202026
31,8145,0.3801451623439789
31,13333,0.3801015317440033
31,8571,0.3800674378871918
31,10612,0.3798968493938446
31,6562,0.3794235587120056
30,4157,0.37941643595695496
31,2742,0.37937724590301514
31,1170,0.3791728913784027
31,5541,0.37906572222709656
31,10912,0.3789401054382324
31,4427,0.3789011836051941
31,12109,0.37884142994880676
31,2511,0.37878525257110596
31,3721,0.3787350058555603
31,7185,0.3787310719490051
31,9824,0.3787285387516022
31,6610,0.37855321168899536
31,4762,0.3785289227962494
28,11242,0.37840622663497925
31,7307,0.37835022807121277
31,9254,0.3782733976840973
30,6211,0.3782610595226288
31,7859,0.3781123459339142
31,5908,0.3779982328414917
31,8711,0.3778802156448364
31,8126,0.37785711884498596
31,4243,0.37785249948501587
31,3197,0.3777860403060913
31,4267,0.37775295972824097
31,219,0.37770143151283264
31,9016,0.3776536285877228
31,7061,0.37753620743751526
31,1199,0.37745195627212524
31,11345,0.3773117661476135
31,11599,0.3772521913051605
31,4011,0.3771760165691376
31,14018,0.3771604597568512
31,2147,0.37709683179855347
31,1759,0.3770506680011749
31,3382,0.3770276606082916
31,785,0.3769765794277191
30,2739,0.3767735958099365
31,5688,0.37675201892852783
30,4341,0.3766537010669708
31,7288,0.3765598237514496
31,542,0.3762948215007782
30,141,0.3762619197368622
30,6999,0.3758842647075653
30,4524,0.37560930848121643
31,7892,0.375406414270401
31,11396,0.37534576654434204
31,701,0.3752533495426178
31,9049,0.3751385807991028
31,3452,0.3750174343585968
31,13440,0.37489891052246094
31,13823,0.3748778700828552
31,6584,0.3748529851436615
31,4126,0.3748060464859009
19,10348,0.3746349811553955
31,7919,0.3743075132369995
31,3407,0.37384986877441406
31,3421,0.37376275658607483
31,7615,0.37368324398994446
31,14161,0.37361449003219604
31,3602,0.37360331416130066
31,9410,0.373568058013916
31,7537,0.3734533190727234
31,9436,0.3734431862831116
31,1192,0.37304553389549255
31,2343,0.37274888157844543
31,5437,0.37274470925331116
31,13202,0.37274423241615295
31,2691,0.3727007210254669
31,13436,0.3726797103881836
31,4293,0.3723958134651184
31,5427,0.37236887216567993
31,10042,0.3723275661468506
17,5248,0.37217962741851807
30,8760,0.37212109565734863
31,12413,0.3720344305038452
29,1790,0.3719879388809204
31,5691,0.3718794882297516
31,3923,0.37164396047592163
31,3642,0.37161511182785034
31,7876,0.3714295029640198
31,12917,0.3714028000831604
31,2596,0.37116575241088867
31,7398,0.37115657329559326
31,4829,0.3710419535636902
31,3079,0.3709653317928314
31,10586,0.37081676721572876
26,11322,0.37065404653549194
31,9804,0.37042832374572754
31,4112,0.37040066719055176
31,7303,0.3702033460140228
30,4006,0.37015995383262634
29,3187,0.3701106905937195
31,3972,0.36981669068336487
31,11392,0.36978307366371155
31,9915,0.3697565495967865
29,1971,0.36968520283699036
27,8967,0.36965906620025635
31,8812,0.3696088194847107
28,14222,0.3695818781852722
31,7907,0.36947453022003174
31,614,0.36947381496429443
23,13141,0.36943987011909485
31,9208,0.36911919713020325
31,95,0.3690870702266693
31,6978,0.3690502643585205
31,6175,0.36898359656333923
31,3217,0.36887723207473755
31,1570,0.36886292695999146
27,2280,0.36867740750312805
30,2403,0.3685954511165619
31,4834,0.36845260858535767
31,13384,0.36832767724990845
27,6226,0.3683047890663147
31,13583,0.36801961064338684
31,11412,0.36767420172691345
30,7824,0.3676646947860718
29,7723,0.3676515817642212
31,8997,0.36754369735717773
30,11888,0.3674275279045105
31,7197,0.36741194128990173
31,1066,0.3672696053981781
31,13724,0.3670589327812195
29,12858,0.36695581674575806
29,11395,0.3666588366031647
31,8960,0.3665603697299957
31,10085,0.3664868175983429
31,11692,0.3664798438549042
31,6003,0.36634206771850586
31,12501,0.3662990927696228
31,8714,0.36625105142593384
31,5643,0.36612361669540405
29,3127,0.3658928871154785
31,11141,0.3658060133457184
29,11171,0.3657831847667694
31,11807,0.3656840920448303
31,13082,0.36561641097068787
31,13470,0.3654477298259735
31,3969,0.36541488766670227
31,6729,0.36538007855415344
31,8794,0.3653583824634552
31,2375,0.3653215765953064
31,10225,0.3649577796459198
31,6544,0.3649457097053528
31,4095,0.3648780584335327
31,9302,0.3648485839366913
30,13393,0.364833801984787
31,13217,0.364784836769104
31,5675,0.36467719078063965
31,4945,0.36454060673713684
30,9965,0.36446890234947205
31,11598,0.3644641637802124
30,13811,0.3644523620605469
31,11260,0.3643600642681122
31,13721,0.36420565843582153
31,5665,0.36419135332107544
31,7133,0.36404502391815186
30,4834,0.3639566898345947
31,5520,0.363949716091156
31,9117,0.3638781011104584
31,363,0.3637080788612366
31,6491,0.3636534810066223
31,4088,0.36355215311050415
31,7513,0.3635237216949463
31,6397,0.3634929358959198
31,6548,0.36331596970558167
31,14254,0.36323878169059753
31,837,0.3629489541053772
31,12492,0.36287668347358704
31,7285,0.36280784010887146
31,3684,0.3627718687057495
31,3897,0.3627675473690033
30,1623,0.36266928911209106
31,6422,0.36262840032577515
31,8813,0.36236608028411865
30,9391,0.3622903525829315
31,7342,0.3622472584247589
31,7535,0.36223646998405457
31,13835,0.36221781373023987
31,3480,0.36213111877441406
31,3749,0.36210277676582336
30,12258,0.36197951436042786
31,3105,0.36194586753845215
31,10456,0.3616429567337036
30,11226,0.3615829646587372
31,6477,0.36146143078804016
30,6660,0.36135584115982056
31,296,0.36123740673065186
31,5851,0.3611432611942291
31,2217,0.3610173761844635
31,7116,0.3608294427394867
31,6496,0.3607177436351776
31,3284,0.360698938369751
31,11804,0.3606349229812622
31,8952,0.3606201410293579
31,9428,0.3605015277862549
31,6368,0.3604414463043213
31,7731,0.3603213429450989
30,7673,0.36025771498680115
31,1301,0.3600538372993469
31,12912,0.36003151535987854
31,11986,0.3600296974182129
31,7506,0.35996881127357483
31,7017,0.35987046360969543
31,7512,0.3598237633705139
30,5917,0.35977864265441895
30,1278,0.35960596799850464
31,11601,0.35950395464897156
26,11343,0.3592867851257324
29,8166,0.3592812716960907
30,11574,0.3592519462108612
31,14094,0.3591252267360687
30,11104,0.3590899109840393
31,8948,0.3590013086795807
31,13086,0.35894298553466797
31,1920,0.35893571376800537
30,2806,0.35856691002845764
29,13704,0.3583950102329254
31,9455,0.3583827018737793
31,345,0.35838037729263306
31,581,0.358267605304718
31,12273,0.35816267132759094
30,13252,0.3580869436264038
31,14197,0.35796651244163513
30,6159,0.3578919768333435
31,10401,0.357847660779953
31,5872,0.3575325310230255
31,14124,0.35737159848213196
31,2538,0.35729724168777466
31,4629,0.35723939538002014
31,11430,0.35723674297332764
31,956,0.35714191198349
31,7802,0.35699236392974854
31,1158,0.35698002576828003
31,10688,0.3567543625831604
31,3353,0.3567335605621338
31,8386,0.3566441535949707
31,13621,0.35660699009895325
31,12834,0.35651278495788574
31,12028,0.356184184551239
31,7529,0.35610780119895935
30,11725,0.35604730248451233
31,5143,0.35604479908943176
31,9145,0.35604071617126465
28,8979,0.3559568524360657
30,2310,0.35594385862350464
31,9672,0.3557976186275482
29,11372,0.35565534234046936
30,12246,0.3555588126182556
31,13529,0.3551408052444458
31,12361,0.3551101088523865
31,6873,0.35509881377220154
31,8738,0.3548299968242645
31,8754,0.3546737730503082
31,6676,0.35439786314964294
31,10449,0.3543676733970642
31,8285,0.354313462972641
31,1178,0.35430997610092163
30,11502,0.35411337018013
31,10976,0.3539464473724365
30,13387,0.3539341986179352
31,2639,0.35375890135765076
31,7199,0.35360243916511536
31,11374,0.353507399559021
30,9894,0.3532874584197998
31,12219,0.3529885411262512
29,1134,0.35294273495674133
31,8024,0.3527294993400574
31,13472,0.3524783253669739
30,13767,0.35245010256767273
31,13596,0.3523934483528137
31,3310,0.35234373807907104
26,6400,0.3523285984992981
29,12400,0.3522776961326599
31,11340,0.3522128164768219
31,4648,0.35202816128730774
31,4625,0.35187283158302307
31,10412,0.3517606854438782
30,6585,0.3516331911087036
31,8319,0.3514265716075897
31,13465,0.3512968122959137
31,356,0.35116657614707947
30,7117,0.3511596620082855
31,6351,0.35108333826065063
30,7506,0.35105371475219727
31,5359,0.3507874608039856
31,3351,0.3507190942764282
31,8310,0.35067224502563477
31,14207,0.35045310854911804
30,7060,0.35039231181144714
31,1240,0.3503783047199249
30,9277,0.350131094455719
31,8882,0.35006189346313477
31,368,0.34987643361091614
31,13111,0.3496849536895752
31,7888,0.3496164083480835
31,9977,0.3495555818080902
30,9410,0.34945404529571533
31,9396,0.3491096794605255
31,7827,0.34859925508499146
31,9976,0.3485967218875885
30,9544,0.34859538078308105
31,9312,0.3484461307525635
31,7262,0.34844425320625305
30,2549,0.3484193980693817
31,3842,0.34821203351020813
31,9555,0.3481239676475525
30,1978,0.347931832075119
31,4542,0.3479044437408447
31,6406,0.34786558151245117
31,6902,0.3477398753166199
31,9082,0.3476775884628296
31,13203,0.3475673198699951
31,6628,0.34749695658683777
31,11384,0.3473809063434601
28,8589,0.34736642241477966
30,856,0.3472015857696533
31,1409,0.3471065163612366
31,10957,0.34702321887016296
31,5201,0.3470003306865692
30,12753,0.3468683958053589
31,5900,0.3468577563762665
31,12258,0.34684279561042786
31,1447,0.3468320667743683
31,11347,0.34672683477401733
31,13160,0.34665998816490173
31,2362,0.3464796841144562
31,8182,0.34642356634140015
31,14170,0.34624800086021423
31,2295,0.3462008535861969
28,2460,0.3461947441101074
30,4936,0.34613335132598877
31,8739,0.3458975553512573
31,13871,0.34572774171829224
31,4677,0.3455790579319
29,2450,0.3455135226249695
31,4576,0.3454960882663727
31,11959,0.34532660245895386
31,1044,0.3452531099319458
31,11909,0.34516021609306335
31,9749,0.3450784385204315
30,696,0.34494641423225403
31,12710,0.34477710723876953
31,8110,0.34470677375793457
31,6951,0.3447016775608063
31,3029,0.3446861803531647
31,7485,0.34460756182670593
31,1837,0.34438592195510864
31,7662,0.34421464800834656
31,12125,0.3441939949989319
31,7325,0.3441641330718994
31,10025,0.34395259618759155
31,11620,0.3439101278781891
31,7079,0.3438796401023865
31,13176,0.3438296616077423
31,3989,0.3436408042907715
31,10228,0.3436006009578705
30,280,0.34356242418289185
31,14063,0.3434077203273773
31,6181,0.3431980311870575
31,9156,0.34309616684913635
30,12861,0.34303370118141174
30,8893,0.34296730160713196
30,9116,0.3429586887359619
30,449,0.3429456651210785
31,3024,0.342740535736084
31,5136,0.34273338317871094
31,1596,0.34272444248199463
30,6129,0.34267303347587585
31,2890,0.34252792596817017
30,2026,0.34249842166900635
31,4797,0.3423982262611389
30,11874,0.34224915504455566
22,4433,0.3422386348247528
31,658,0.34186604619026184
30,1864,0.3418000042438507
31,7212,0.34172704815864563
31,10748,0.34127020835876465
31,11035,0.3412606716156006
31,3366,0.34087321162223816
29,7161,0.3407624363899231
30,13012,0.34074151515960693
31,9337,0.3407371938228607
31,7099,0.3406723737716675
31,3527,0.3406117856502533
31,4433,0.3403107821941376
30,725,0.33991074562072754
30,2825,0.33983224630355835
31,2441,0.3395325839519501
31,5119,0.3394811749458313
31,2468,0.3393164873123169
31,13214,0.3392539918422699
30,7214,0.3391268849372864
31,2297,0.33910417556762695
31,8061,0.3390902280807495
31,10529,0.33880430459976196
31,7139,0.3387371003627777
31,9895,0.3387344181537628
31,11276,0.33872056007385254
31,1904,0.3386813998222351
31,5118,0.33866602182388306
31,2231,0.33864614367485046
31,4526,0.3386194705963135
31,11282,0.33845779299736023
31,7609,0.33817508816719055
31,6559,0.3380512297153473
31,13592,0.3378818929195404
31,1943,0.3378745913505554
31,6608,0.3377648890018463
31,6195,0.33772191405296326
31,395,0.3374105393886566
31,6086,0.33738580346107483
31,13422,0.3373793661594391
30,5251,0.3369612395763397
28,12292,0.33690738677978516
30,10321,0.33690235018730164
31,8502,0.3368256986141205
30,10879,0.33682388067245483
31,13266,0.33672410249710083
31,3505,0.3367237448692322
31,2150,0.3366706669330597
31,7179,0.33666396141052246
31,13794,0.33648476004600525
31,6507,0.33631277084350586
31,6576,0.33629801869392395
31,2775,0.33624958992004395
29,3979,0.3361961245536804
31,13752,0.33617910742759705
31,2651,0.33604660630226135
31,3010,0.33595502376556396
31,548,0.3357967734336853
30,5531,0.33575624227523804
31,6566,0.3357524871826172
31,2743,0.3356156647205353
31,11003,0.3355574905872345
31,8272,0.3355258107185364
31,1915,0.33545994758605957
31,7180,0.33536794781684875
30,8030,0.335278183221817
30,13984,0.33519288897514343
31,7508,0.33514976501464844
31,9930,0.33510732650756836
31,4688,0.3350561261177063
31,6304,0.3348836898803711
31,2404,0.33486413955688477
31,11740,0.33473825454711914
31,3559,0.3347215950489044
31,3337,0.3345926105976105
31,5088,0.33448392152786255
31,5964,0.3343214690685272
29,1891,0.3343162536621094
31,1724,0.3343064486980438
31,4080,0.3342072665691376
31,5590,0.33404645323753357
31,4136,0.33390486240386963
31,11436,0.3336631655693054
31,6872,0.33360555768013
30,2753,0.33350133895874023
31,10678,0.3334819972515106
31,10123,0.33345040678977966
30,7999,0.33336445689201355
31,413,0.33333393931388855
30,6424,0.333264023065567
31,11837,0.33314794301986694
31,2653,0.3331076204776764
31,6525,0.33299756050109863
31,4734,0.33243101835250854
31,4353,0.3323996365070343
31,9579,0.3323547840118408
29,5277,0.33227235078811646
31,2112,0.3321681022644043
31,9711,0.3320920169353485
31,1286,0.33208152651786804
29,8993,0.3320423364639282
30,11603,0.3320305347442627
30,2176,0.33187368512153625
31,1008,0.33180126547813416
31,4517,0.331770658493042
31,4492,0.33174604177474976
31,1787,0.33168700337409973
30,3346,0.3316774070262909
29,11441,0.3313773274421692
31,2437,0.3313521444797516
31,10290,0.33109718561172485
30,12154,0.33101069927215576
31,6932,0.3309744894504547
29,9277,0.3306728005409241
31,7465,0.33063939213752747
31,10589,0.3304394781589508
31,13253,0.3304024338722229
30,2273,0.33020615577697754
17,11983,0.3301211893558502
31,4932,0.33000755310058594
31,13667,0.32995113730430603
31,10310,0.32992303371429443
31,12953,0.3299095332622528
31,8131,0.3298085033893585
28,5804,0.3297308683395386
31,14080,0.32970795035362244
31,3694,0.32944053411483765
31,14264,0.3294317126274109
31,6058,0.3293476998806
31,7421,0.3293178677558899
30,711,0.32928964495658875
31,13688,0.32915198802948
31,9730,0.32912957668304443
31,10175,0.3290523588657379
30,11188,0.3289922773838043
29,13350,0.32898810505867004
31,8326,0.32883381843566895
31,9511,0.32877418398857117
31,12447,0.32873857021331787
31,5381,0.32849428057670593
31,730,0.32849058508872986
31,1389,0.3283945322036743
28,7839,0.32830825448036194
31,3962,0.3282734453678131
31,8242,0.3281538486480713
31,1714,0.32805749773979187
31,10007,0.32804566621780396
30,13325,0.3279810845851898
31,13636,0.327957421541214
30,14072,0.32771578431129456
31,248,0.3276800811290741
31,9637,0.32764795422554016
30,3944,0.3274533748626709
31,11229,0.3274383842945099
31,5785,0.3273869752883911
31,12832,0.3273623287677765
31,2673,0.32730549573898315
31,10244,0.3272673189640045
31,6130,0.3269517421722412
31,7814,0.32685989141464233
31,1936,0.32669177651405334
30,10312,0.32651638984680176
30,9174,0.32614707946777344
31,13083,0.32588064670562744
31,888,0.3256436884403229
31,1705,0.32549944519996643
31,12341,0.3254847526550293
31,12323,0.3254452645778656
31,7080,0.32501015067100525
30,5140,0.32497018575668335
30,9523,0.3249647915363312
31,7929,0.3249012231826782
31,4639,0.3248961567878723
31,13139,0.3248848617076874
31,11437,0.32482871413230896
30,4213,0.3245958685874939
31,12344,0.32458773255348206
30,12161,0.32440951466560364
29,3815,0.3243703842163086
30,10551,0.3241795003414154
31,2969,0.32414761185646057
31,7538,0.32403379678726196
30,10126,0.3240196406841278
31,5874,0.32401689887046814
31,11981,0.32386839389801025
31,9205,0.3237136900424957
31,326,0.32365235686302185
30,4317,0.32345637679100037
29,1355,0.32330021262168884
31,14255,0.3232990801334381
31,7595,0.3231898248195648
31,6761,0.32314300537109375
30,9402,0.32309985160827637
31,8432,0.3229575753211975
31,9667,0.32291659712791443
30,11785,0.3228723704814911
31,4893,0.3227498233318329
30,5931,0.3225405812263489
30,2063,0.32242828607559204
31,4055,0.3224208354949951
30,11719,0.3224085867404938
30,1579,0.3222055435180664
31,3393,0.3221776485443115
31,9242,0.32215845584869385
31,11881,0.3220134973526001
31,155,0.32175320386886597
31,8888,0.3216569125652313
31,4190,0.3215666711330414
31,1374,0.3214768171310425
29,3546,0.3214509189128876
31,4167,0.32139697670936584
31,12984,0.32128503918647766
30,10158,0.3212045729160309
14,12639,0.3211557865142822
31,7557,0.32114237546920776
31,11846,0.3210775554180145
31,10650,0.32105469703674316
31,10570,0.3209887742996216
31,12904,0.3207441568374634
28,12739,0.3206351399421692
31,7632,0.3205614984035492
30,9406,0.32048988342285156
31,8417,0.32037368416786194
31,13899,0.32036805152893066
31,3473,0.3202129006385803
31,3018,0.32016074657440186
31,6631,0.3200938105583191
31,11480,0.31987616419792175
29,11511,0.3198634088039398
31,4033,0.31979694962501526
31,518,0.3197086453437805
30,1797,0.3196256756782532
31,10295,0.319450706243515
30,11214,0.3194218575954437
30,12775,0.3193381726741791
31,752,0.3192826211452484
30,6499,0.31922557950019836
24,8082,0.3191188871860504
29,9049,0.3189965486526489
28,5922,0.3188941180706024
31,12630,0.31882473826408386
31,3713,0.3187542259693146
30,9255,0.31873026490211487
30,2474,0.3186919093132019
30,9698,0.3186300992965698
31,7221,0.3186038136482239
18,12063,0.31860366463661194
31,10408,0.318580687046051
31,2807,0.3185555934906006
31,3567,0.3185397684574127
30,11575,0.31853002309799194
31,5348,0.3182925879955292
30,13642,0.31817328929901123
31,12180,0.31816354393959045
30,10343,0.3179989755153656
31,11075,0.31771939992904663
30,6772,0.3176199197769165
31,8668,0.31736141443252563
31,4823,0.31710273027420044
31,11676,0.31697413325309753
31,10548,0.31697335839271545
31,5044,0.3168434798717499
31,5514,0.31682541966438293
31,5830,0.3163556456565857
29,11835,0.3161430358886719
31,7697,0.3160140812397003
31,4999,0.3159789741039276
29,5230,0.315930038690567
31,1085,0.31592440605163574
31,8400,0.3159094452857971
31,9601,0.3158890902996063
29,841,0.3157727122306824
31,10673,0.3156897723674774
31,7195,0.3156784772872925
31,3155,0.31567248702049255
31,1268,0.3155646026134491
31,4464,0.31544628739356995
30,2517,0.31540748476982117
31,12414,0.3152666389942169
31,5100,0.31525927782058716
31,196,0.3151964545249939
31,12059,0.3150824010372162
30,3587,0.31503188610076904
31,6854,0.31479182839393616
30,5831,0.3147536814212799
31,12070,0.31465286016464233
30,11720,0.31458529829978943
31,2647,0.31457650661468506
31,10937,0.3144570291042328
30,1425,0.31434139609336853
31,5646,0.3143065273761749
29,3400,0.31425607204437256
31,12340,0.3140830397605896
31,6545,0.31405526399612427
31,10090,0.31394797563552856
30,5794,0.3138960301876068
30,10428,0.3135606646537781
30,11484,0.3135257959365845
31,2092,0.3134799301624298
31,6899,0.3134024739265442
31,5969,0.3131852149963379
31,5407,0.313122034072876
29,3311,0.31310781836509705
29,12782,0.3128546476364136
31,10918,0.3127717971801758
30,7687,0.3126671314239502
31,862,0.3126431107521057
30,9027,0.3126336336135864
29,721,0.3126091957092285
31,13179,0.312512069940567
30,4035,0.3124937415122986
30,11496,0.31237682700157166
30,13622,0.3123229146003723
31,3605,0.31221485137939453
30,4208,0.3121096193790436
31,631,0.311977356672287
31,7794,0.3118722438812256
31,9402,0.3117767870426178
29,9265,0.31170517206192017
30,8491,0.31169193983078003
29,4918,0.3114049732685089
31,6515,0.3113842010498047
31,3159,0.31130948662757874
31,1147,0.31125661730766296
31,455,0.3111312687397003
31,3521,0.3111160695552826
30,8418,0.3109831213951111
31,427,0.31091588735580444
31,10414,0.3107333481311798
31,8333,0.3107185661792755
31,1314,0.31065160036087036
31,7972,0.3106149137020111
31,8408,0.3105410039424896
31,7561,0.3104456961154938
31,265,0.3104119598865509
27,8530,0.31040453910827637
29,5,0.3104037046432495
31,2051,0.31028228998184204
31,3212,0.3102068305015564
30,1395,0.3101322650909424
31,7786,0.30986353754997253
30,2955,0.30967971682548523
31,2124,0.30958330631256104
31,5921,0.30951371788978577
31,11209,0.30950629711151123
31,1512,0.30942368507385254
31,5,0.3093379735946655
31,1574,0.3092324137687683
31,7599,0.30919593572616577
17,14098,0.30916547775268555
31,6579,0.3088570535182953
29,3005,0.3087930679321289
31,7833,0.30858489871025085
31,10117,0.30844029784202576
31,3204,0.3082273006439209
31,5103,0.308199405670166
31,9024,0.308181494474411
31,8930,0.30788007378578186
31,14010,0.30773940682411194
31,11942,0.30773165822029114
31,10997,0.30771327018737793
31,1978,0.30770957469940186
30,4261,0.30766838788986206
30,8454,0.30753201246261597
31,2878,0.30748286843299866
31,1200,0.3074425160884857
31,688,0.30743512511253357
31,6487,0.3072505295276642
31,10591,0.30705246329307556
31,8434,0.3069207966327667
31,7293,0.306837260723114
31,9739,0.3067755401134491
31,5965,0.30669060349464417
30,8364,0.3065647780895233
31,12721,0.30626410245895386
31,10346,0.306171178817749
31,5115,0.305919349193573
31,2852,0.3057425618171692
24,9680,0.3055937588214874
31,2825,0.3054596483707428
30,8817,0.3054147958755493
30,906,0.3054072856903076
31,7071,0.30538034439086914
31,327,0.30518022179603577
31,434,0.3051561415195465
31,12205,0.30513355135917664
31,12260,0.3050318658351898
31,2845,0.3049757182598114
31,5995,0.30493319034576416
31,3214,0.30485185980796814
31,8415,0.30473414063453674
31,1981,0.30469703674316406
31,11811,0.30457958579063416
31,8354,0.3045536279678345
31,8321,0.3044271767139435
30,4382,0.3044207692146301
31,14279,0.30435237288475037
31,3363,0.3043120205402374
31,1304,0.3041989505290985
31,9214,0.3041793704032898
31,4509,0.3041530251502991
31,4270,0.30404025316238403
31,5145,0.30398619174957275
30,11322,0.3037833869457245
29,7153,0.3037782609462738
31,9057,0.303702712059021
31,13641,0.3036385774612427
31,764,0.3036332130432129
31,13916,0.3035747706890106
31,610,0.30349695682525635
31,380,0.3034241497516632
28,8131,0.3032999634742737
31,1822,0.30326637625694275
30,11535,0.3032013773918152
31,3432,0.3029486835002899
31,5717,0.30292779207229614
31,12422,0.30284082889556885
31,5461,0.30281826853752136
31,4726,0.30261924862861633
31,13692,0.30256733298301697
31,9012,0.30241841077804565
31,8071,0.3024064898490906
31,9917,0.30235037207603455
31,11413,0.30218425393104553
30,11341,0.30214327573776245
31,4821,0.30214038491249084
30,11089,0.30195164680480957
31,4060,0.30188438296318054
30,1255,0.30186429619789124
31,4679,0.3018074333667755
30,11628,0.3016774654388428
31,13385,0.3016357421875
31,11397,0.3014616072177887
30,13226,0.301392138004303
30,1005,0.30138975381851196
30,301,0.3013679087162018
29,13642,0.3012872040271759
31,2649,0.3012301027774811
25,11622,0.3011934757232666
29,8332,0.30114102363586426
31,3839,0.3010557293891907
31,6127,0.30098220705986023
31,13067,0.3009473383426666
30,1244,0.3008667230606079
31,12106,0.30085116624832153
30,960,0.30077341198921204
31,10423,0.30074986815452576
30,9634,0.30074751377105713
31,12749,0.30064353346824646
30,2684,0.30064019560813904
31,6436,0.30060380697250366
30,9374,0.30032867193222046
31,3348,0.30019575357437134
31,6904,0.30019164085388184
31,7075,0.3000499904155731
30,8067,0.29987379908561707
29,6543,0.29966336488723755
31,3623,0.29958295822143555
31,11546,0.29944688081741333
31,557,0.2994216978549957
29,13254,0.29939016699790955
17,2876,0.29938891530036926
31,7090,0.299369215965271
31,394,0.29932016134262085
31,3557,0.29929256439208984
31,906,0.2992607653141022
31,266,0.29925304651260376
31,377,0.2991439402103424
31,11274,0.2991379499435425
31,3734,0.29909512400627136
31,2169,0.2990727722644806
29,4634,0.2990497350692749
30,11049,0.299019992351532
31,12314,0.29899105429649353
31,11313,0.29889392852783203
31,11945,0.29883238673210144
31,2663,0.2987831234931946
31,12742,0.2986973822116852
30,5476,0.29866474866867065
31,9713,0.29861077666282654
30,6716,0.2986028492450714
31,9527,0.2985551953315735
31,588,0.29818642139434814
31,2483,0.29811760783195496
30,14159,0.2978830337524414
31,6313,0.2976230978965759
30,7080,0.29741370677948
28,6670,0.2973228096961975
31,5797,0.29728248715400696
27,8306,0.2972473204135895
30,6888,0.29715999960899353
31,5774,0.29715821146965027
30,11258,0.2968714237213135
31,8537,0.29685959219932556
31,8600,0.29678428173065186
31,11878,0.2967126667499542
30,6181,0.2966180443763733
31,1937,0.2964684069156647
31,10606,0.29634004831314087
31,718,0.2962827980518341
31,7922,0.2961621582508087
30,4311,0.29611289501190186
27,9670,0.2959776520729065
1,198,0.29594725370407104
30,8953,0.2958982288837433
31,13428,0.29589366912841797
28,12996,0.29589274525642395
30,3856,0.2958119809627533
31,5848,0.29574427008628845
31,2211,0.29539698362350464
30,5294,0.2953691780567169
30,9143,0.2953495383262634
31,4573,0.2952769994735718
31,14060,0.2952602505683899
30,3768,0.2952413260936737
31,6150,0.2952321767807007
31,11291,0.2951726019382477
30,9433,0.2950657308101654
31,10324,0.29502567648887634
28,4743,0.29501140117645264
30,10663,0.2949814200401306
30,10291,0.29486966133117676
30,2195,0.2948397099971771
26,7374,0.29479432106018066
30,6587,0.2946082055568695
31,10217,0.29460448026657104
31,7792,0.2945811450481415
30,2634,0.2942173480987549
31,12352,0.2941914498806
31,7853,0.2940939962863922
31,1576,0.2940136194229126
31,8090,0.293874591588974
31,6380,0.29378750920295715
31,4998,0.29373666644096375
30,172,0.2937318682670593
30,1681,0.29362785816192627
31,13519,0.2936120927333832
29,7310,0.29351383447647095
31,638,0.29350605607032776
30,12664,0.2934968173503876
31,13006,0.29319387674331665
30,5852,0.2930224537849426
31,11463,0.2929600477218628
30,4473,0.2929440438747406
31,574,0.292940229177475
29,969,0.2929343581199646
31,2560,0.29275304079055786
30,2306,0.2926478385925293
31,8368,0.2926020622253418
29,4048,0.29248762130737305
31,3791,0.2924685776233673
31,5460,0.2922489643096924
30,5674,0.29222390055656433
31,12634,0.29209208488464355
31,8828,0.2920593023300171
31,97,0.2920459806919098
31,1208,0.2919313311576843
30,3914,0.29191043972969055
31,11351,0.2918567955493927
30,5872,0.2917417287826538
29,254,0.29164552688598633
31,11794,0.2916341722011566
31,1210,0.29159465432167053
31,13026,0.2912973165512085
31,851,0.2907251715660095
31,9986,0.2904026508331299
31,7068,0.29015010595321655
30,9575,0.2900901138782501
31,10173,0.2899155020713806
30,11504,0.2899135649204254
30,12336,0.28988802433013916
31,8013,0.2897605299949646
31,9578,0.28967925906181335
31,4137,0.2896474599838257
31,9292,0.2896230220794678
31,10277,0.289485365152359
31,8258,0.28926149010658264
30,1426,0.2891635000705719
31,1898,0.2891275882720947
30,7040,0.2890831232070923
31,12745,0.28902438282966614
30,1128,0.2886475622653961
31,1609,0.28857383131980896
31,3195,0.2884965240955353
29,9502,0.2884604334831238
31,3635,0.2882712483406067
29,2803,0.28820231556892395
28,10733,0.2882022559642792
31,11405,0.28817644715309143
30,6327,0.2878921627998352
30,10162,0.2878779470920563
31,10073,0.2877991795539856
29,6144,0.28779828548431396
28,12818,0.2874981760978699
30,8350,0.28747665882110596
21,12373,0.28739696741104126
31,5799,0.2873832583427429
29,3879,0.2873186469078064
30,1617,0.2872985005378723
31,13273,0.28727230429649353
23,4616,0.28722327947616577
29,6168,0.28721702098846436
31,7101,0.28720220923423767
31,13978,0.2871718108654022
31,1176,0.2870222330093384
31,7799,0.28678473830223083
31,9013,0.286767840385437
20,13871,0.2867286503314972
31,11216,0.2867077589035034
31,2374,0.28670230507850647
31,12677,0.28667309880256653
31,4473,0.286668062210083
31,8003,0.28662896156311035
30,12492,0.28657472133636475
29,5363,0.28640806674957275
31,11688,0.28623974323272705
30,1832,0.28619033098220825
31,12091,0.2861658036708832
29,7421,0.2861495018005371
30,6712,0.2861342132091522
31,12961,0.2861182391643524
30,6718,0.2859896123409271
31,4367,0.28593534231185913
18,12797,0.28586336970329285
31,12568,0.28585729002952576
29,5337,0.28585031628608704
31,2695,0.2858269214630127
30,3630,0.28582534193992615
31,7639,0.285639226436615
30,538,0.2854714095592499
30,1472,0.28532347083091736
31,2339,0.28532034158706665
31,913,0.28522002696990967
31,4796,0.28506001830101013
31,1488,0.28496408462524414
31,4445,0.2848862111568451
31,8746,0.2848820090293884
31,5912,0.28483039140701294
31,11928,0.28482457995414734
15,4525,0.2847954332828522
31,1880,0.2845614552497864
30,7872,0.2845436632633209
30,6462,0.2845386564731598
30,1239,0.2845302224159241
16,5033,0.28427568078041077
30,1911,0.2842455804347992
31,5618,0.28418439626693726
31,12220,0.2840513288974762
30,3543,0.2840474545955658
31,12673,0.28403615951538086
31,11395,0.2839398682117462
31,955,0.283892959356308
28,5882,0.28386640548706055
30,999,0.28383374214172363
31,7289,0.2838321030139923
31,3864,0.28378140926361084
31,7743,0.2835359275341034
31,11540,0.2833836078643799
27,4837,0.28338268399238586
29,13210,0.28319114446640015
31,5175,0.2830792963504791
31,1041,0.28304457664489746
30,13235,0.2828975319862366
31,10051,0.2828214466571808
31,5806,0.282818078994751
29,13959,0.28276464343070984
31,3446,0.2826651632785797
30,1645,0.2826453447341919
31,12818,0.2825489044189453
31,1226,0.28253448009490967
31,5098,0.2825332581996918
31,6319,0.2823913097381592
30,3498,0.28236114978790283
30,8431,0.28230759501457214
30,8634,0.2822493016719818
31,1091,0.28224700689315796
31,2101,0.2822279632091522
31,13726,0.28221991658210754
30,408,0.28212445974349976
31,11748,0.2821148633956909
31,970,0.2820660471916199
31,1511,0.2819121778011322
31,13248,0.28179338574409485
31,6254,0.2817574441432953
29,2538,0.2815903425216675
31,6974,0.28158748149871826
31,7530,0.2813793420791626
30,5509,0.28135716915130615
31,1364,0.2813571095466614
30,6763,0.28119146823883057
26,922,0.28111135959625244
31,1437,0.281005322933197
31,7087,0.2808169424533844
31,3633,0.2807798981666565
27,627,0.2807786762714386
31,5754,0.28072455525398254
30,9373,0.280627578496933
31,4896,0.2804819941520691
29,11100,0.2804163992404938
29,10358,0.28022414445877075
31,2874,0.280180960893631
29,3359,0.2801350951194763
31,11362,0.2800043225288391
21,5218,0.2799270451068878
31,10102,0.2798062860965729
31,13079,0.2797839939594269
31,6349,0.27950525283813477
31,6372,0.279447466135025
31,5692,0.27939796447753906
31,767,0.2793697416782379
30,14290,0.27932310104370117
31,7779,0.2793077230453491
30,6367,0.27929699420928955
31,2886,0.27897071838378906
31,8036,0.2789515256881714
30,7331,0.2784360647201538
24,9679,0.2783895432949066
19,6849,0.27833792567253113
30,379,0.27827170491218567
29,10749,0.2782517373561859
31,10345,0.2782498002052307
31,3065,0.27823731303215027
30,13407,0.2781680226325989
30,9832,0.27801212668418884
31,4244,0.2780119776725769
30,4983,0.27795538306236267
30,13306,0.2779276669025421
31,2491,0.2778673470020294
31,2747,0.2777306139469147
31,6412,0.2777065932750702
31,7169,0.2776776850223541
30,11369,0.27764543890953064
30,11503,0.2774816155433655
31,9247,0.2774414122104645
31,3034,0.2774180471897125
30,5626,0.2773834764957428
27,2298,0.27735236287117004
31,11735,0.2773342728614807
30,11365,0.27729493379592896
31,8393,0.2772730886936188
31,2082,0.27723926305770874
31,13874,0.2771064341068268
31,12046,0.27710244059562683
30,1840,0.27702611684799194
31,3780,0.2770087420940399
31,3887,0.27681639790534973
31,9324,0.27664217352867126
31,787,0.27659863233566284
31,13803,0.276568204164505
31,10241,0.2764321565628052
30,9246,0.2763991951942444
30,7451,0.2763921916484833
31,12296,0.27638837695121765
31,4733,0.2763803005218506
29,706,0.27633902430534363
30,9264,0.27627983689308167
31,5704,0.2761092483997345
29,6859,0.27598637342453003
25,12563,0.275657057762146
31,6768,0.2756173014640808
31,5254,0.2755936086177826
28,5372,0.27544867992401123
31,3704,0.2752533257007599
31,6277,0.2751949727535248
31,6398,0.27519068121910095
29,923,0.2750534117221832
31,336,0.2749584913253784
31,12095,0.2748945355415344
30,10431,0.27487513422966003
30,10562,0.2748740017414093
30,8925,0.274872750043869
31,4601,0.2748587131500244
31,105,0.2747896909713745
31,13156,0.2747287452220917
31,7637,0.27467063069343567
19,10648,0.2745012938976288
31,8699,0.274467408657074
30,1680,0.27410122752189636
31,10588,0.27404218912124634
31,9359,0.27404096722602844
31,14003,0.2739569842815399
28,11293,0.2738392949104309
30,1200,0.27382799983024597
31,10847,0.27373403310775757
31,2604,0.2735849916934967
31,147,0.2735714316368103
31,2349,0.2735714316368103
31,6155,0.2735450863838196
29,4834,0.2735055088996887
30,3491,0.2735036611557007
31,10133,0.273409366607666
30,5114,0.2733595073223114
31,9870,0.27325674891471863
31,5178,0.2731601893901825
31,2577,0.2731268107891083
31,7912,0.2730482220649719
31,9400,0.27301734685897827
31,10410,0.27293822169303894
28,13293,0.2728762924671173
31,1856,0.27280840277671814
29,1919,0.27260515093803406
31,1092,0.27250295877456665
31,840,0.2724493443965912
31,11824,0.2723289132118225
29,7194,0.2722812592983246
31,6656,0.27225884795188904
31,4254,0.2722562849521637
31,7965,0.272213876247406
30,6286,0.27215808629989624
31,1800,0.2720082104206085
30,8751,0.27200645208358765
31,8867,0.27199795842170715
29,1516,0.2719707787036896
31,2449,0.27190878987312317
30,771,0.27190351486206055
30,5814,0.2718416750431061
27,2695,0.27181288599967957
27,10813,0.2717400789260864
15,7566,0.27149662375450134
30,3242,0.2714781165122986
29,169,0.27144569158554077
31,462,0.2714131474494934
31,5696,0.2713158130645752
31,163,0.27128586173057556
28,2505,0.27114245295524597
25,11584,0.27096113562583923
30,13676,0.2708485424518585
31,2204,0.27066564559936523
31,4132,0.27062976360321045
30,8278,0.270623117685318
31,733,0.27042388916015625
30,13481,0.27036282420158386
31,1424,0.27029433846473694
30,6640,0.2701634466648102
31,14246,0.27008581161499023
31,8116,0.27002209424972534
31,11298,0.26996931433677673
30,8700,0.2696784734725952
27,10519,0.2696477770805359
29,9954,0.26936399936676025
31,5159,0.269258052110672
30,6369,0.2691234350204468
31,1074,0.26907145977020264
30,11474,0.2689775824546814
31,3831,0.26881086826324463
31,4933,0.26873862743377686
31,1130,0.26873335242271423
30,12187,0.26867857575416565
29,12413,0.26865819096565247
31,13694,0.26865154504776
29,578,0.26861897110939026
31,5798,0.2685958445072174
30,7434,0.2685145139694214
29,11785,0.26848581433296204
31,13269,0.2684812545776367
30,13558,0.2683182656764984
31,1877,0.2681923508644104
31,13985,0.26812851428985596
30,765,0.26809391379356384
28,12733,0.26807838678359985
31,6232,0.2680065333843231
31,7754,0.267890989780426
31,9009,0.26786336302757263
29,6911,0.26781827211380005
30,1997,0.2677774131298065
31,3940,0.26766887307167053
30,1231,0.267611563205719
31,6057,0.26745566725730896
30,13499,0.2670961916446686
31,12224,0.26701200008392334
31,1598,0.2668783962726593
31,9004,0.266818106174469
31,9784,0.2667016088962555
31,6683,0.26668083667755127
31,8557,0.26665419340133667
31,5291,0.2665655016899109
31,1174,0.2665131986141205
30,2762,0.2664524018764496
28,14244,0.2662838101387024
29,2922,0.26626282930374146
31,3951,0.2662416100502014
29,6086,0.2660828232765198
31,6762,0.26599782705307007
31,3809,0.26583340764045715
31,7900,0.2658168375492096
30,10111,0.2658011019229889
31,4253,0.26572510600090027
31,3461,0.26567965745925903
31,8936,0.26565104722976685
29,3069,0.2656148374080658
31,4466,0.2655808627605438
31,1584,0.26553580164909363
29,1275,0.2653934955596924
30,5920,0.26539212465286255
31,14292,0.2652834951877594
31,9032,0.26525017619132996
31,12202,0.26523953676223755
29,7777,0.2652372717857361
31,1730,0.26523157954216003
31,5097,0.26521605253219604
29,5446,0.2651532292366028
30,58,0.2650549113750458
31,2539,0.2648942768573761
29,2913,0.2647815942764282
31,9900,0.26474931836128235
31,13782,0.2647385895252228
31,5356,0.2647310793399811
31,7696,0.2646944522857666
31,5395,0.2645385265350342
29,11181,0.26451700925827026
31,4972,0.26450368762016296
30,11373,0.264461487531662
31,626,0.2644413411617279
31,10048,0.26441264152526855
31,1986,0.26434481143951416
31,7370,0.26431581377983093
29,207,0.2641204595565796
30,5,0.2640809714794159
31,3649,0.26403582096099854
31,10699,0.2639217674732208
31,907,0.2638918459415436
31,1098,0.26376041769981384
31,4191,0.26334479451179504
31,8192,0.26330679655075073
31,4395,0.26325395703315735
30,287,0.26315993070602417
30,9296,0.26297760009765625
31,10050,0.2629253566265106
30,10445,0.26282528042793274
30,35,0.2627972960472107
31,10283,0.26279279589653015
31,6532,0.26278156042099
27,8425,0.2627696990966797
29,4693,0.2625972032546997
30,4306,0.2623807489871979
31,5702,0.2622935473918915
29,5459,0.26226744055747986
30,1011,0.2622670531272888
31,11780,0.2622254490852356
30,1058,0.2621232271194458
31,11134,0.261951744556427
31,8891,0.2618953287601471
31,8750,0.261893093585968
31,7584,0.2615795433521271
21,8329,0.2615561783313751
30,4673,0.2614906430244446
31,4504,0.2614659368991852
31,9821,0.26146218180656433
31,10202,0.26133987307548523
31,1626,0.26126617193222046
31,1732,0.2611525356769562
29,13013,0.26112568378448486
26,12888,0.261073499917984
29,11323,0.2609545886516571
31,210,0.26092636585235596
29,4831,0.2607901990413666
31,12941,0.26071256399154663
29,10837,0.26063603162765503
31,6670,0.26058080792427063
28,12074,0.2604997158050537
31,13725,0.2604800760746002
31,6392,0.2603916525840759
31,6271,0.26036185026168823
30,2654,0.2602938115596771
31,4085,0.2602223753929138
31,3022,0.26021087169647217
31,6259,0.2601982653141022
31,3695,0.2601664960384369
30,13170,0.26015833020210266
31,3697,0.2600243091583252
31,6798,0.2599763870239258
31,3390,0.2598230838775635
31,9855,0.25972652435302734
27,6949,0.259611040353775
31,6909,0.25956448912620544
30,10711,0.2594369649887085
31,14004,0.25943243503570557
31,7839,0.2594303786754608
31,7418,0.25940683484077454
26,14003,0.2593419849872589
29,8767,0.259327232837677
27,12299,0.25932618975639343
31,12564,0.2592494487762451
30,1467,0.25924476981163025
31,1153,0.2591743767261505
30,4546,0.25917384028434753
29,6942,0.2591676414012909
30,3295,0.25910961627960205
31,3554,0.25906750559806824
30,12988,0.2589608132839203
31,12624,0.25884950160980225
31,6001,0.25884073972702026
30,13087,0.25866273045539856
31,9065,0.25864797830581665
30,13442,0.2586282789707184
31,1469,0.2585694193840027
30,8028,0.2585001289844513
30,9521,0.25845739245414734
31,13601,0.2584508955478668
30,8845,0.25842857360839844
30,6407,0.2584144175052643
30,1801,0.25834912061691284
29,10308,0.25833776593208313
29,1920,0.2582569420337677
30,4368,0.25811266899108887
29,13411,0.2580356299877167
26,8033,0.2579851746559143
30,5860,0.2579096257686615
29,2223,0.25789761543273926
31,14215,0.25785964727401733
30,1610,0.2577713429927826
31,5633,0.25773245096206665
30,1317,0.2577162981033325
31,12082,0.2577056586742401
30,12129,0.25765880942344666
16,11277,0.25762253999710083
31,2924,0.25761935114860535
31,13239,0.25759416818618774
31,529,0.2574864327907562
31,5370,0.25733718276023865
30,12398,0.25732651352882385
30,9690,0.257225900888443
31,4944,0.2571642994880676
31,2467,0.257112592458725
31,8643,0.25701040029525757
27,8191,0.2569652199745178
31,9606,0.2569572925567627
30,4749,0.2569373846054077
31,8666,0.2568936347961426
31,2518,0.2568623721599579
30,2546,0.25670555233955383
31,2561,0.25663459300994873
30,9513,0.2565857470035553
31,13555,0.2565489709377289
31,4413,0.2565169930458069
29,11000,0.2565155327320099
31,301,0.2562737464904785
31,8773,0.25622421503067017
31,1046,0.2561097741127014
31,5866,0.2559209167957306
31,4674,0.2558497488498688
31,7893,0.2558126151561737
31,4283,0.2557655870914459
31,13876,0.2557128965854645
29,12608,0.2556041181087494
31,5022,0.25533175468444824
23,11765,0.25527140498161316
30,2512,0.2552456855773926
31,5187,0.25513845682144165
31,7961,0.2550894320011139
20,4060,0.2550145387649536
28,14268,0.2549634277820587
29,6295,0.2549530863761902
31,8916,0.2548099458217621
31,2645,0.2546525299549103
31,1135,0.25451844930648804
29,7558,0.25440242886543274
31,14306,0.25427764654159546
31,2473,0.2541441321372986
30,4937,0.25413334369659424
30,12543,0.25413069128990173
30,13759,0.2540856599807739
29,5787,0.2540702819824219
29,14023,0.25403013825416565
31,4931,0.2540246844291687
30,12744,0.25401732325553894
31,6637,0.25398361682891846
31,1677,0.2539149820804596
31,6131,0.25390130281448364
31,5184,0.253872811794281
31,4864,0.25373488664627075
30,12298,0.2536506950855255
26,262,0.25363755226135254
29,3655,0.2535684406757355
31,5565,0.25355979800224304
29,157,0.2535073161125183
31,844,0.2534807324409485
31,13934,0.25338688492774963
31,6955,0.25335341691970825
30,8143,0.25327926874160767
31,13359,0.2532729208469391
26,3526,0.25322121381759644
31,12411,0.2531343996524811
29,1751,0.25303754210472107
31,14157,0.252981960773468
30,8631,0.25294098258018494
31,7585,0.2529352307319641
31,6448,0.2528893053531647
30,1495,0.2528657019138336
29,6400,0.2527766227722168
31,644,0.2527397572994232
27,7954,0.25270402431488037
30,3086,0.25265976786613464
30,9782,0.252638578414917
30,6378,0.252607524394989
30,2309,0.2525999844074249
30,2005,0.25255444645881653
31,680,0.25248169898986816
30,3310,0.25229111313819885
29,658,0.25228530168533325
29,7181,0.2522457242012024
30,3430,0.25224247574806213
28,14086,0.2521439790725708
31,1901,0.25213125348091125
30,4924,0.25196290016174316
29,13687,0.2518668472766876
22,654,0.2518131136894226
29,12713,0.25177210569381714
31,9690,0.25176164507865906
31,7552,0.25174129009246826
29,1566,0.25153979659080505
31,5901,0.25153014063835144
31,4948,0.25144535303115845
30,9333,0.25142982602119446
30,5421,0.2512831389904022
18,7892,0.2512691915035248
30,8724,0.2512432634830475
29,10987,0.2511557340621948
31,9796,0.2509121000766754
30,1293,0.2508068382740021
29,12454,0.25064945220947266
31,11569,0.25062698125839233
31,5578,0.2506074607372284
31,142,0.25050899386405945
31,10313,0.25041499733924866
30,8075,0.2504129409790039
31,3914,0.25035595893859863
30,3415,0.2503337860107422
31,11337,0.25027769804000854
31,2235,0.25014838576316833
29,12995,0.25010257959365845
30,5442,0.25002166628837585
31,14283,0.25000590085983276
31,4846,0.24990786612033844
30,1551,0.2499029040336609
30,6632,0.2498798370361328
26,3754,0.2498314082622528
30,3240,0.24979090690612793
30,9816,0.24974195659160614
30,12392,0.24972572922706604
31,11102,0.24966643750667572
28,1527,0.24964448809623718
31,2246,0.24963520467281342
31,1337,0.24957245588302612
31,1334,0.24953967332839966
30,1354,0.2494359016418457
31,545,0.24937717616558075
30,9457,0.2493472546339035
29,4094,0.2492779940366745
31,6792,0.24922499060630798
30,5936,0.2491726279258728
30,14200,0.24911722540855408
31,215,0.24911339581012726
31,4757,0.24904699623584747
29,9923,0.2490018904209137
30,3956,0.2489825338125229
31,7656,0.24868246912956238
31,11913,0.24866829812526703
30,1909,0.24865874648094177
29,7280,0.24862080812454224
31,4074,0.24847671389579773
31,11966,0.24845696985721588
31,2567,0.24840912222862244
30,2932,0.24838405847549438
31,10355,0.248351588845253
28,12795,0.24826058745384216
30,11910,0.24822679162025452
29,7189,0.2482188194990158
31,3515,0.24817362427711487
31,1802,0.24810057878494263
31,2278,0.248096764087677
31,7950,0.2480083703994751
30,13021,0.2478603571653366
29,11262,0.24785935878753662
31,13944,0.24782903492450714
31,570,0.2478000819683075
31,12800,0.24778102338314056
31,1332,0.2477738857269287
31,11076,0.2477385699748993
31,7018,0.24770525097846985
31,69,0.24770228564739227
30,4058,0.2475948929786682
30,8522,0.2475922405719757
30,2798,0.24755683541297913
29,8114,0.24754442274570465
31,8177,0.24753119051456451
29,13238,0.24750065803527832
31,12801,0.247473806142807
31,12764,0.24741403758525848
31,1119,0.24731911718845367
31,2634,0.24730300903320312
30,14276,0.24725663661956787
31,7607,0.24722303450107574
31,1532,0.24720478057861328
30,3236,0.2471882551908493
31,3492,0.2471187561750412
30,9871,0.24702152609825134
31,8847,0.24700509011745453
31,575,0.24695606529712677
31,9019,0.24691486358642578
30,3777,0.24690787494182587
30,13728,0.24669624865055084
31,8578,0.24662622809410095
30,8225,0.24661773443222046
31,10935,0.2465355545282364
27,11076,0.24649113416671753
30,8784,0.24647940695285797
31,6164,0.2463984489440918
31,6547,0.246196910738945
30,1761,0.24617546796798706
30,12179,0.24615894258022308
30,13600,0.24614739418029785
29,6792,0.2459971010684967
30,13471,0.24599014222621918
31,9773,0.24596644937992096
30,404,0.24595151841640472
31,243,0.24592247605323792
27,5147,0.24591948091983795
28,171,0.24582594633102417
27,462,0.24577763676643372
31,9053,0.2455795556306839
30,4472,0.24551939964294434
31,12759,0.2454434037208557
31,1084,0.24541649222373962
31,12782,0.24539799988269806
31,64,0.2453644722700119
16,5041,0.2452937811613083
31,2302,0.24527090787887573
31,3248,0.24525660276412964
28,2464,0.24522066116333008
31,13496,0.24519367516040802
31,3543,0.24508172273635864
31,4600,0.24500137567520142
31,8770,0.2449764907360077
31,12465,0.24497009813785553
31,11119,0.24494926631450653
30,3000,0.24492022395133972
31,5887,0.24486777186393738
31,5220,0.24474705755710602
28,12003,0.2447265386581421
29,8688,0.24471323192119598
28,10314,0.2447090744972229
30,8639,0.24468418955802917
31,12387,0.24465733766555786
30,9375,0.24459490180015564
31,5030,0.24449844658374786
30,1561,0.24434234201908112
30,11802,0.24419014155864716
22,7534,0.2441502809524536
30,4257,0.24409343302249908
31,2966,0.24406549334526062
31,7486,0.24399365484714508
31,7559,0.24397636950016022
27,13135,0.2439446896314621
31,6819,0.24392257630825043
31,5807,0.243886336684227
23,13207,0.24381375312805176
31,8379,0.24377129971981049
31,8453,0.24368678033351898
29,4705,0.24367600679397583
31,11208,0.24364641308784485
26,1014,0.2436271458864212
31,1043,0.24357862770557404
25,7730,0.24349306523799896
31,328,0.24343419075012207
30,12926,0.24340730905532837
31,1354,0.24334882199764252
31,4199,0.24326160550117493
31,3848,0.2432374656200409
31,4524,0.2431163638830185
30,13932,0.2431139200925827
31,734,0.24303598701953888
31,5808,0.24296943843364716
29,8656,0.2429158240556717
31,11766,0.24291259050369263
31,1581,0.24289409816265106
31,11089,0.2427404671907425
28,482,0.2426319569349289
29,7855,0.24248255789279938
17,6406,0.2424061894416809
31,2055,0.24236464500427246
29,11374,0.24234411120414734
22,7260,0.2423362135887146
31,14214,0.24216577410697937
31,13999,0.2420632690191269
30,10187,0.24205178022384644
30,14102,0.24189575016498566
31,2277,0.24176675081253052
30,11665,0.24175606667995453
31,11292,0.24175304174423218
31,12126,0.24169205129146576
31,12522,0.24163305759429932
29,13413,0.24156248569488525
30,4322,0.24153216183185577
31,12015,0.24150608479976654
31,10261,0.2414790689945221
31,10542,0.24143484234809875
30,12586,0.24140861630439758
30,4165,0.24140717089176178
31,10211,0.24137051403522491
30,13575,0.24131330847740173
31,3244,0.24124020338058472
31,13409,0.2412165105342865
31,7959,0.24120691418647766
30,1933,0.24119095504283905
31,13123,0.24104800820350647
31,2522,0.24104107916355133
29,2713,0.24100464582443237
29,1184,0.24083153903484344
30,10376,0.24079813063144684
30,11360,0.24079063534736633
28,1648,0.2407902330160141
29,12155,0.24076248705387115
31,4627,0.24073222279548645
31,5753,0.24070259928703308
30,5486,0.24067717790603638
29,2417,0.24059733748435974
31,2505,0.24057385325431824
31,6241,0.24035632610321045
28,9555,0.24032309651374817
31,13078,0.24028469622135162
31,4327,0.24024993181228638
31,6822,0.24016045033931732
30,9350,0.24014827609062195
30,1228,0.24008174240589142
31,7123,0.23988960683345795
31,14242,0.2398832142353058
22,2162,0.23987390100955963
31,3687,0.23985837399959564
29,9142,0.2397170066833496
31,7327,0.2396859973669052
31,9092,0.23962584137916565
31,10159,0.2395937144756317
31,11577,0.23945875465869904
28,3343,0.23936565220355988
26,5805,0.2393285483121872
28,11137,0.2393108755350113
31,9674,0.23906444013118744
29,9210,0.23900893330574036
29,12092,0.23886950314044952
31,10143,0.23885761201381683
30,3033,0.2386983186006546
30,6989,0.23867182433605194
31,13597,0.23857717216014862
25,7490,0.23846745491027832
31,5276,0.23842523992061615
22,12789,0.23841296136379242
30,10488,0.23841188848018646
30,3597,0.2384018748998642
31,1955,0.23832711577415466
31,7669,0.2383231818675995
31,4851,0.23828375339508057
31,6077,0.23824328184127808
31,9486,0.2380029559135437
31,9549,0.23799945414066315
31,10062,0.23795633018016815
31,4125,0.23793859779834747
29,3115,0.23783712089061737
31,2737,0.23778647184371948
29,11533,0.23777981102466583
31,5183,0.23763801157474518
31,7847,0.23757322132587433
27,4655,0.23750479519367218
30,12192,0.23749703168869019
31,8566,0.237480029463768
29,10656,0.23747287690639496
29,7454,0.23746323585510254
16,8923,0.237407386302948
31,3088,0.2373638153076172
31,10877,0.23735485970973969
29,13816,0.23728561401367188
30,6816,0.23726503551006317
30,7969,0.23726007342338562
30,5966,0.23725354671478271
28,14262,0.23713485896587372
31,5858,0.23708894848823547
31,9709,0.23705662786960602
31,174,0.23692891001701355
30,4021,0.23688246309757233
31,2788,0.23681940138339996
31,8631,0.23668690025806427
30,4260,0.2366301268339157
31,11137,0.2365700602531433
31,4025,0.23654592037200928
30,915,0.23630663752555847
31,8225,0.2362191379070282
31,10406,0.23618870973587036
31,2794,0.2361595630645752
31,10647,0.23613254725933075
31,424,0.23612356185913086
30,13848,0.23608098924160004
31,3629,0.2359951287508011
31,13346,0.2359812706708908
28,8862,0.2355365753173828
30,13360,0.23548197746276855
31,8818,0.2354414016008377
29,3438,0.23543411493301392
31,11948,0.2354026883840561
30,10617,0.23539407551288605
31,3905,0.23535095155239105
30,6080,0.23531289398670197
31,9421,0.2352965623140335
31,5488,0.23526673018932343
31,13055,0.23512543737888336
31,6805,0.23506325483322144
30,4280,0.23497578501701355
30,2500,0.2349633276462555
31,12559,0.23492145538330078
27,7281,0.23483212292194366
30,8309,0.23479412496089935
30,13782,0.23466646671295166
30,3855,0.23459577560424805
29,4284,0.23459507524967194
26,4419,0.23453782498836517
27,1633,0.23444533348083496
31,5594,0.2344076931476593
29,10188,0.23440583050251007
26,12529,0.23435431718826294
31,14046,0.23428893089294434
31,5730,0.23425635695457458
28,11628,0.23424747586250305
31,5388,0.23424333333969116
31,7791,0.23423688113689423
28,7267,0.23416770994663239
31,967,0.2341657131910324
26,13709,0.23410220444202423
30,11398,0.23409397900104523
30,1602,0.2340305596590042
22,9454,0.23396164178848267
30,2245,0.23389273881912231
30,12582,0.23380830883979797
30,13989,0.2337792068719864
31,6771,0.23371942341327667
31,9426,0.23365989327430725
31,10677,0.23361514508724213
29,13204,0.23357181251049042
29,14017,0.23354361951351166
18,976,0.23353107273578644
31,6746,0.23351256549358368
31,11092,0.23346398770809174
30,10883,0.23344573378562927
30,3918,0.23342809081077576
26,12735,0.2334216833114624
30,4192,0.23328116536140442
31,13897,0.23323577642440796
31,2181,0.23308192193508148
30,5311,0.23306110501289368
29,6710,0.23302054405212402
30,236,0.2328537106513977
31,12604,0.23279109597206116
30,2614,0.23270860314369202
30,11536,0.23270496726036072
30,13628,0.2326793074607849
30,9485,0.23267070949077606
31,12620,0.23258092999458313
31,1664,0.232553169131279
31,10859,0.23248976469039917
29,9050,0.23247918486595154
30,3705,0.23241914808750153
31,9941,0.23233626782894135
31,1602,0.23229871690273285
29,3080,0.23228809237480164
30,2411,0.2321641445159912
28,1307,0.23216038942337036
29,7658,0.23215065896511078
31,2098,0.23213577270507812
31,8019,0.23212063312530518
30,12211,0.2320883572101593
31,3137,0.23207968473434448
31,3851,0.2319343388080597
31,2189,0.23191164433956146
31,5654,0.23188069462776184
30,5289,0.23187978565692902
30,144,0.23182563483715057
30,12512,0.23178105056285858
31,13208,0.2316799759864807
31,6445,0.2316296249628067
24,6928,0.23160967230796814
27,13451,0.23138602077960968
29,14145,0.23132294416427612
28,1332,0.23119811713695526
31,9060,0.23119759559631348
29,334,0.231196790933609
20,11595,0.23119483888149261
30,4513,0.23113122582435608
31,11365,0.23108430206775665
30,8321,0.23108169436454773
28,13789,0.23107357323169708
30,5089,0.2309028059244156
29,11196,0.23086737096309662
25,5183,0.2308410108089447
29,1435,0.23076589405536652
31,1788,0.23072929680347443
31,13675,0.2307249754667282
30,1601,0.2307083010673523
31,1145,0.23067975044250488
30,7966,0.2305074781179428
30,2940,0.2304943948984146
29,9686,0.23041567206382751
31,7608,0.23041322827339172
31,7515,0.23039963841438293
31,10402,0.23039749264717102
29,763,0.2303795963525772
31,9518,0.23036473989486694
31,6646,0.23032423853874207
31,4820,0.2303088754415512
31,6152,0.23029237985610962
31,2000,0.23026342689990997
30,921,0.23019888997077942
31,13454,0.23007380962371826
31,5106,0.23000910878181458
31,2164,0.23000802099704742
30,11768,0.2299973964691162
31,10581,0.22990188002586365
31,14329,0.22987350821495056
29,6374,0.22984673082828522
30,5414,0.22983743250370026
31,11554,0.22979284822940826
31,7522,0.22955332696437836
29,12466,0.22953209280967712
30,4949,0.22951196134090424
31,8595,0.22945751249790192
31,6806,0.2294200360774994
31,962,0.22941303253173828
29,3637,0.22931328415870667
31,10246,0.22926348447799683
31,12286,0.22919262945652008
31,11249,0.22909998893737793
28,11731,0.22906561195850372
28,5793,0.2290075570344925
29,417,0.22893905639648438
31,9884,0.22889937460422516
30,8295,0.22889599204063416
30,2879,0.22887858748435974
30,50,0.22880646586418152
30,2576,0.22876378893852234
29,8099,0.22876206040382385
31,2718,0.22875536978244781
31,11054,0.22874756157398224
31,5340,0.22868669033050537
29,7616,0.22861243784427643
31,4424,0.22850468754768372
25,5739,0.22849631309509277
30,2908,0.2284664362668991
30,923,0.22846338152885437
30,5168,0.22845163941383362
31,799,0.22828596830368042
31,403,0.22820179164409637
31,1918,0.22819028794765472
30,1178,0.22816704213619232
31,7927,0.22806784510612488
30,10040,0.22804178297519684
29,11306,0.22800998389720917
31,2165,0.22797156870365143
13,8310,0.2279115617275238
31,7014,0.22790579497814178
31,13826,0.22789500653743744
31,6275,0.22784078121185303
31,6952,0.2278359979391098
31,2816,0.22777925431728363
31,2180,0.22776395082473755
31,7889,0.22762610018253326
30,995,0.22748057544231415
31,13745,0.2274187207221985
31,11827,0.22733040153980255
31,11930,0.2272648811340332
31,305,0.22721852362155914
31,7226,0.22720888257026672
31,8210,0.22712834179401398
31,5881,0.22709962725639343
31,3935,0.22692465782165527
29,9580,0.2268194854259491
30,13116,0.22677846252918243
31,3700,0.22667503356933594
30,1582,0.22659894824028015
30,10125,0.22659443318843842
30,3099,0.22658796608448029
31,12954,0.22658701241016388
28,6170,0.2264520823955536
31,6088,0.22628673911094666
31,1557,0.22626811265945435
30,9211,0.22624951601028442
31,641,0.2261042594909668
30,9625,0.2260817140340805
31,14,0.2260473668575287
30,14143,0.22601138055324554
31,3343,0.2258038967847824
29,679,0.22580114006996155
30,10391,0.22566130757331848
31,3361,0.22557686269283295
31,11696,0.2254921793937683
29,7944,0.22544020414352417
30,14108,0.22529740631580353
30,4239,0.22529330849647522
30,12964,0.22528265416622162
31,6420,0.22526587545871735
30,6437,0.2252400666475296
28,8460,0.2252366691827774
29,2647,0.22517144680023193
30,1699,0.22505277395248413
28,5651,0.22500565648078918
31,3067,0.22490279376506805
26,783,0.22488917410373688
31,4312,0.22487543523311615
31,3185,0.2247992604970932
31,227,0.22471961379051208
31,5029,0.22470752894878387
31,2484,0.2246512919664383
31,4202,0.22464530169963837
29,4179,0.22462965548038483
31,3277,0.22459092736244202
30,3437,0.2245771735906601
31,11697,0.22451843321323395
31,10142,0.22448882460594177
18,8228,0.22448810935020447
31,1128,0.2244686633348465
31,1838,0.22445419430732727
31,11303,0.2243986576795578
31,11653,0.22430899739265442
31,1686,0.22421450912952423
24,1578,0.2242124229669571
31,8808,0.22415632009506226
19,4760,0.22413939237594604
28,2811,0.22413639724254608
30,3161,0.22413469851016998
30,7143,0.22409923374652863
30,879,0.22408129274845123
31,11691,0.22406743466854095
31,12951,0.22400327026844025
31,7842,0.22399835288524628
31,10553,0.22399023175239563
24,6497,0.22396782040596008
28,9504,0.22394585609436035
30,5131,0.22392070293426514
31,3282,0.2239183485507965
30,12552,0.22385835647583008
31,7915,0.2238193303346634
31,11133,0.22381272912025452
31,7385,0.22380681335926056
31,6555,0.2237846553325653
31,14332,0.22375689446926117
31,11420,0.22369477152824402
31,8677,0.22365255653858185
30,6491,0.22364602982997894
31,2113,0.22362306714057922
30,11165,0.22360160946846008
31,10498,0.22356997430324554
31,10671,0.22355911135673523
31,6616,0.22351010143756866
30,3930,0.22333493828773499
31,12776,0.22329726815223694
30,12730,0.22328582406044006
26,13051,0.22327761352062225
31,13855,0.22322140634059906
31,1183,0.22318673133850098
31,3369,0.22314979135990143
29,12010,0.22309623658657074
30,190,0.2230941653251648
30,4323,0.2230551838874817
30,7660,0.22300618886947632
31,5536,0.22294412553310394
31,5552,0.22288009524345398
31,12650,0.2228696346282959
31,10709,0.22285856306552887
30,7304,0.22284838557243347
31,408,0.22267501056194305
31,5225,0.22246943414211273
31,8336,0.22244736552238464
25,7647,0.22244442999362946
31,232,0.22235813736915588
31,11416,0.22218915820121765
31,12959,0.2221240997314453
31,12856,0.22211433947086334
31,96,0.22207632660865784
29,8393,0.22205263376235962
31,7434,0.22199872136116028
29,4510,0.22199563682079315
31,9374,0.2219424694776535
31,6020,0.22189617156982422
31,8353,0.22187606990337372
31,9548,0.22180220484733582
30,6076,0.22178563475608826
29,664,0.2217382937669754
27,5424,0.2215750366449356
31,9071,0.22153471410274506
16,2399,0.2215123325586319
31,13815,0.22138434648513794
31,5501,0.22133997082710266
31,11443,0.22131219506263733
31,13069,0.22131013870239258
31,4476,0.22126269340515137
29,5147,0.22123542428016663
31,2123,0.22121095657348633
29,11791,0.2211921066045761
30,10174,0.22118495404720306
20,5237,0.22116965055465698
23,9021,0.22112628817558289
31,13045,0.22099356353282928
31,9853,0.2209191918373108
31,1531,0.22089527547359467
31,8112,0.22084294259548187
31,8059,0.22080843150615692
31,12153,0.22079452872276306
30,9094,0.22075608372688293
31,13625,0.22066502273082733
30,9900,0.2206476628780365
29,9483,0.22054491937160492
30,12351,0.22049587965011597
31,385,0.22045916318893433
14,5392,0.22041983902454376
31,2269,0.2203727811574936
28,3967,0.2203611582517624
29,12838,0.2203250527381897
31,3482,0.22028744220733643
30,2596,0.22028383612632751
30,7148,0.22028040885925293
31,12622,0.22024935483932495
30,14131,0.2202431708574295
31,2846,0.2202366292476654
31,10416,0.22023244202136993
31,3980,0.22023044526576996
30,10762,0.22018302977085114
31,11693,0.22017820179462433
29,2422,0.22016090154647827
31,5944,0.22015893459320068
30,14192,0.2201317548751831
30,7089,0.22007796168327332
31,2071,0.22007061541080475
31,6774,0.21994760632514954
31,1032,0.21983136236667633
27,11133,0.2197750210762024
29,3737,0.21961858868598938
29,8533,0.21958501636981964
28,7329,0.21958434581756592
29,9869,0.21955300867557526
18,6223,0.21948203444480896
31,11765,0.21938729286193848
29,4854,0.21938467025756836
30,5290,0.21935810148715973
31,73,0.2193174660205841
31,3226,0.21929164230823517
31,9425,0.21916480362415314
30,10543,0.2191496342420578
29,7548,0.21909590065479279
31,10619,0.21894946694374084
30,5866,0.2189195305109024
31,6595,0.21891309320926666
29,3201,0.2188444882631302
31,78,0.21882909536361694
31,6,0.21882344782352448
30,7259,0.21881456673145294
30,12196,0.21880051493644714
30,8962,0.21877986192703247
31,10571,0.21877525746822357
31,5071,0.21876507997512817
31,4723,0.2186909019947052
31,11242,0.21861839294433594
31,7391,0.21860887110233307
31,11407,0.21855618059635162
31,13363,0.21851186454296112
31,10191,0.2184358388185501
30,4146,0.21838617324829102
28,7640,0.21836359798908234
29,2536,0.21830995380878448
30,12159,0.2182949334383011
31,280,0.21828408539295197
26,10556,0.21827271580696106
30,10322,0.21826569736003876
16,13362,0.21825483441352844
31,4223,0.2182098776102066
25,3590,0.21817557513713837
29,6482,0.21813756227493286
30,248,0.21807250380516052
30,253,0.2180303931236267
30,4724,0.21799951791763306
30,2625,0.21793232858181
27,10988,0.21789537370204926
31,11301,0.21786414086818695
31,10266,0.21777352690696716
30,5558,0.21775859594345093
31,4486,0.2177416980266571
15,13787,0.21773432195186615
31,14185,0.21770131587982178
31,12328,0.2176934778690338
31,5125,0.21765285730361938
31,12343,0.21763038635253906
30,11944,0.21761681139469147
31,10370,0.21759924292564392
29,7514,0.21750418841838837
30,7340,0.21747422218322754
31,10189,0.21745020151138306
30,594,0.2174159586429596
31,2631,0.21741114556789398
31,12532,0.21737077832221985
31,9072,0.2173565775156021
31,13654,0.2172430455684662
31,7534,0.21718627214431763
31,3797,0.2170361429452896
24,2804,0.21702668070793152
29,12136,0.21694551408290863
30,2558,0.21693746745586395
30,11854,0.2169184684753418
31,6527,0.2169046252965927
31,6581,0.2168337106704712
30,9306,0.21680861711502075
29,420,0.2166861742734909
31,2562,0.21666669845581055
28,13681,0.216570183634758
31,9274,0.21654370427131653
30,13901,0.21646054089069366
31,14208,0.21630635857582092
