layer,neuron,change_score
31,12732,8391.5224609375
31,8717,5469.5498046875
31,5463,4301.3408203125
31,12278,864.7503051757812
31,12111,214.5141143798828
30,2730,128.13653564453125
30,3342,125.18138122558594
30,10408,88.80669403076172
31,207,74.43112182617188
31,7000,70.89681243896484
30,13679,47.66363525390625
30,840,34.89891815185547
30,11920,27.288095474243164
30,11430,26.77766990661621
31,801,23.871849060058594
30,10321,23.850563049316406
30,12395,23.316055297851562
30,7305,20.381092071533203
31,4581,18.40630531311035
30,5442,17.804197311401367
29,664,16.915742874145508
30,6989,15.005998611450195
30,2815,14.517908096313477
30,7674,14.308211326599121
30,6663,13.821310997009277
30,458,13.58420467376709
29,11929,12.990331649780273
30,2306,12.829646110534668
31,2564,12.204703330993652
31,2398,12.165186882019043
31,7727,11.254912376403809
31,1209,10.477435111999512
30,11084,9.9673433303833
30,9329,9.926170349121094
30,2458,9.702676773071289
28,12702,9.033500671386719
30,12814,8.747481346130371
30,10767,8.672924995422363
31,9639,8.596275329589844
30,12811,8.561429023742676
30,12991,8.496881484985352
30,1033,8.45673942565918
30,3775,8.316888809204102
30,9957,8.241348266601562
30,3271,8.219703674316406
30,13459,8.218513488769531
30,3813,8.190997123718262
30,8295,8.17663860321045
30,139,8.108179092407227
31,338,8.085344314575195
30,999,8.077605247497559
31,1894,7.953386306762695
30,10563,7.941739559173584
30,4968,7.8980937004089355
29,3976,7.875022888183594
30,699,7.8630242347717285
30,10687,7.760626792907715
30,3574,7.692856788635254
31,10129,7.658102035522461
31,218,7.62275505065918
31,9620,7.608839511871338
30,3434,7.506997108459473
30,6893,7.438065052032471
30,7549,7.388335704803467
30,1950,7.365894317626953
30,9355,7.330970287322998
30,8983,7.2732977867126465
30,9094,7.226720333099365
31,1159,7.173761367797852
30,9382,7.154046058654785
30,7016,7.149934768676758
30,12689,7.087096691131592
30,10739,7.077871322631836
30,13182,7.063539028167725
29,7428,7.058465003967285
30,12185,7.056892395019531
30,3673,7.048311233520508
30,14211,7.012271404266357
30,1994,6.9876389503479
30,2780,6.9460601806640625
30,9761,6.870413303375244
30,13356,6.857448577880859
30,1552,6.850188732147217
30,6939,6.846970081329346
30,1914,6.811819076538086
31,14201,6.753698348999023
31,10542,6.7367072105407715
30,9833,6.703441619873047
30,934,6.6970648765563965
30,6816,6.687202453613281
30,7867,6.647650241851807
30,1548,6.6471734046936035
30,7076,6.636506080627441
30,12495,6.631352424621582
30,10343,6.60818338394165
30,13584,6.603478908538818
30,10265,6.594250679016113
30,9044,6.55961275100708
29,12010,6.559088706970215
30,4084,6.545799255371094
30,1369,6.534594535827637
30,9257,6.534108638763428
29,7375,6.527876377105713
30,7985,6.5222063064575195
30,4664,6.5076704025268555
30,3776,6.483902931213379
30,8366,6.4638800621032715
30,14008,6.409651279449463
30,841,6.407774925231934
30,3833,6.4058003425598145
30,9657,6.385735988616943
30,7708,6.355587482452393
30,11898,6.346854209899902
30,3724,6.333085060119629
30,6742,6.328255653381348
30,10498,6.320862770080566
30,13140,6.317562580108643
30,11819,6.306128025054932
31,12616,6.285763740539551
30,5840,6.274794578552246
29,12217,6.260704040527344
29,6070,6.237441539764404
30,711,6.233139991760254
30,7398,6.23257303237915
30,35,6.228948593139648
30,4796,6.227723598480225
30,6275,6.214627265930176
30,8698,6.208459377288818
31,13336,6.200791358947754
30,8057,6.199778079986572
30,4079,6.187486171722412
30,13017,6.168184280395508
30,8652,6.163196086883545
30,5951,6.133704662322998
31,3654,6.130139350891113
30,7322,6.123111724853516
30,6204,6.105761528015137
30,6255,6.1010422706604
30,12787,6.083574295043945
30,12463,6.077025890350342
30,1724,6.076197147369385
30,1297,6.069169521331787
30,10641,6.053390026092529
30,13953,6.049490928649902
30,11055,6.007478713989258
30,635,5.99395751953125
30,6772,5.970993995666504
30,1119,5.953629970550537
30,7595,5.945744037628174
30,8570,5.9365034103393555
30,12600,5.934688568115234
30,903,5.916581153869629
30,10173,5.883403778076172
30,12660,5.86962890625
30,5854,5.853342533111572
31,8861,5.849885940551758
30,5624,5.83221435546875
30,12573,5.818015098571777
30,3583,5.817870616912842
30,7668,5.786834716796875
30,4560,5.784704208374023
29,2736,5.775253772735596
30,1249,5.75587797164917
29,11492,5.7459564208984375
30,10599,5.745417594909668
30,11169,5.738055229187012
30,6240,5.733346939086914
31,1945,5.7084431648254395
30,2019,5.701168537139893
29,5337,5.6943769454956055
30,9893,5.694370746612549
30,5542,5.68832540512085
30,8070,5.672995090484619
30,6937,5.669041156768799
30,4346,5.662753582000732
30,13058,5.632524490356445
30,11438,5.6280317306518555
30,10339,5.6246819496154785
30,503,5.619251251220703
30,6093,5.617604732513428
30,7776,5.616281986236572
30,9032,5.601617813110352
30,11377,5.599310874938965
30,7577,5.581923484802246
28,13243,5.5740966796875
30,7752,5.568029880523682
30,4505,5.538857936859131
30,1823,5.530938625335693
30,14233,5.527970790863037
30,14282,5.521924018859863
30,864,5.513237953186035
30,3930,5.4827189445495605
30,6764,5.469217777252197
30,7609,5.445563793182373
30,4426,5.4382524490356445
29,3912,5.4363532066345215
30,7107,5.433393955230713
30,728,5.421880722045898
30,837,5.421469211578369
30,5752,5.419929504394531
29,11535,5.411443710327148
30,248,5.4055914878845215
30,10853,5.4049553871154785
30,6171,5.393021583557129
30,9513,5.38830041885376
30,13168,5.378578186035156
30,12371,5.37429666519165
30,1307,5.361240863800049
30,5804,5.350780487060547
30,5333,5.334745407104492
30,4546,5.328573703765869
30,9735,5.307768821716309
30,11533,5.305848598480225
30,9717,5.299258708953857
30,3429,5.288788318634033
30,7790,5.255839824676514
30,2069,5.25455904006958
30,4128,5.2534565925598145
31,12731,5.235866546630859
30,5767,5.22747278213501
30,11992,5.2157158851623535
31,2204,5.21349573135376
30,779,5.202929973602295
30,5649,5.186252593994141
30,2195,5.1836771965026855
30,6851,5.170058727264404
30,465,5.136309623718262
30,5426,5.1343584060668945
30,13111,5.133349895477295
29,8741,5.073244571685791
30,11842,5.069973468780518
30,10,5.051476955413818
30,10997,5.037944793701172
31,11989,5.037369251251221
30,4280,5.035540580749512
30,12255,5.030544281005859
30,11106,5.011096954345703
31,2358,4.996279239654541
30,9125,4.992738723754883
30,17,4.9846673011779785
31,2536,4.975646495819092
30,5914,4.970237731933594
30,3679,4.961315631866455
30,1144,4.957668304443359
31,10030,4.955887794494629
31,14224,4.952672481536865
29,4006,4.952356815338135
30,1874,4.944911479949951
30,2521,4.928030967712402
30,3097,4.926131725311279
30,8023,4.909369468688965
30,12126,4.9034342765808105
30,13575,4.902910232543945
30,4852,4.899209499359131
30,11860,4.888576984405518
30,3078,4.881192684173584
30,5320,4.8697123527526855
31,5322,4.865592002868652
30,3483,4.8645243644714355
30,545,4.864002227783203
30,13655,4.863650321960449
31,5636,4.860547065734863
30,6491,4.846648216247559
30,10083,4.842753887176514
30,2440,4.832617282867432
30,9728,4.829001426696777
30,1381,4.818039417266846
30,7184,4.8070597648620605
30,2405,4.801663398742676
31,13197,4.798516750335693
30,8084,4.797451019287109
29,11151,4.797327995300293
30,5043,4.796749114990234
31,8300,4.793822288513184
30,3382,4.793601989746094
30,12556,4.780671119689941
30,276,4.771677017211914
30,13499,4.767467498779297
30,13248,4.764591217041016
30,14285,4.762008190155029
30,5850,4.75840950012207
30,8855,4.75551700592041
30,9096,4.747504711151123
30,3886,4.732472896575928
31,8359,4.727746486663818
30,10272,4.720551490783691
30,4092,4.712923526763916
30,1668,4.693525791168213
30,10126,4.691911697387695
31,537,4.682015895843506
30,1280,4.681398868560791
30,6618,4.680745601654053
30,4361,4.680631637573242
30,4503,4.676101207733154
30,3478,4.664821147918701
30,3941,4.6553192138671875
30,8696,4.645695209503174
30,13373,4.636274337768555
30,5072,4.636268615722656
30,2689,4.63505220413208
28,1692,4.633106231689453
30,11076,4.622514724731445
30,11389,4.620758533477783
30,8638,4.6181440353393555
31,5975,4.612781047821045
30,23,4.60886287689209
30,2070,4.605218410491943
30,13567,4.60194730758667
31,14266,4.594882488250732
31,1654,4.587048053741455
30,12419,4.58173131942749
31,2477,4.580611705780029
30,9350,4.575746536254883
30,2427,4.573583602905273
30,13224,4.569039344787598
30,255,4.564863204956055
30,11494,4.56057596206665
30,2538,4.556350231170654
30,2025,4.54062032699585
30,8437,4.536943435668945
30,1609,4.521785259246826
30,240,4.517064571380615
29,3817,4.511773109436035
31,10843,4.510504722595215
30,11109,4.509799480438232
30,14095,4.507633686065674
30,5427,4.504193305969238
30,9556,4.500946044921875
31,8371,4.4977216720581055
30,9404,4.493682384490967
31,10212,4.490496635437012
30,14261,4.487902641296387
30,9031,4.466014862060547
29,7206,4.451671600341797
31,2016,4.447757244110107
30,11889,4.4477434158325195
30,4668,4.447589874267578
30,12728,4.443290710449219
30,8959,4.430936813354492
31,13449,4.429182052612305
30,10554,4.409391403198242
30,2017,4.401291847229004
30,5417,4.391852855682373
29,5343,4.387697219848633
30,9219,4.372877597808838
30,12673,4.361154079437256
30,1235,4.357758045196533
30,11625,4.356709957122803
30,14161,4.354840278625488
30,3413,4.3520331382751465
30,2268,4.3508758544921875
30,12798,4.341084003448486
31,2187,4.332201957702637
31,6271,4.327955722808838
30,1943,4.320770263671875
31,8127,4.316155910491943
30,11210,4.3111891746521
30,7393,4.3067240715026855
30,12499,4.295551300048828
30,4447,4.288300037384033
30,13681,4.288075923919678
30,5473,4.284704685211182
30,2446,4.275081634521484
30,2204,4.2640299797058105
30,12383,4.260221004486084
30,6973,4.260076522827148
30,9100,4.2589826583862305
30,1167,4.255526542663574
29,10255,4.249695301055908
30,10117,4.245330333709717
30,1735,4.245184898376465
31,8407,4.2443366050720215
30,6406,4.240060329437256
30,7910,4.2352070808410645
30,7299,4.233814239501953
31,5643,4.233503341674805
30,12757,4.232314586639404
30,1431,4.230165004730225
31,6683,4.2270050048828125
30,13613,4.225019454956055
30,11240,4.223764896392822
31,3514,4.209038257598877
30,1574,4.20637845993042
30,10868,4.2060651779174805
30,58,4.20199728012085
30,12534,4.199784755706787
30,13049,4.199604511260986
30,13308,4.1970534324646
30,7600,4.17185115814209
31,6998,4.167694091796875
30,13863,4.154033184051514
30,5687,4.152708053588867
30,10411,4.146854877471924
30,9787,4.145848751068115
29,12129,4.141671657562256
30,11613,4.136905670166016
30,10952,4.127099990844727
30,10974,4.126677989959717
30,12741,4.125907897949219
30,10364,4.123041152954102
30,5705,4.118956089019775
29,9588,4.116321563720703
31,311,4.115391254425049
31,11159,4.113391876220703
30,12067,4.111225128173828
30,6543,4.107395172119141
30,4842,4.101077556610107
30,6486,4.097784519195557
29,7284,4.097445964813232
30,11803,4.08770751953125
30,14280,4.083369731903076
30,2486,4.069863319396973
30,5522,4.0687079429626465
30,2127,4.065828800201416
30,14158,4.063882827758789
30,5501,4.062913417816162
30,10245,4.056041717529297
30,2939,4.053600311279297
31,12514,4.048732757568359
31,5945,4.047990322113037
30,2808,4.045904159545898
31,8813,4.039531707763672
30,7431,4.037196636199951
30,9793,4.0284223556518555
30,1441,4.018176555633545
30,1050,4.008750915527344
30,8028,4.002765655517578
30,11272,3.9962589740753174
30,11463,3.9959535598754883
31,3499,3.994988203048706
30,7319,3.9924652576446533
30,1496,3.9917378425598145
30,4618,3.987590789794922
30,10158,3.9814205169677734
30,8200,3.9742069244384766
31,12004,3.972590208053589
30,5713,3.9685280323028564
30,6110,3.9600090980529785
30,3798,3.959897041320801
30,5793,3.956035614013672
30,6021,3.9456772804260254
30,4882,3.945533275604248
30,4472,3.94277286529541
30,2724,3.9417026042938232
31,3859,3.9388725757598877
30,1047,3.9384069442749023
29,7086,3.933610677719116
31,363,3.921830654144287
30,9608,3.921597719192505
30,6693,3.9206879138946533
30,7705,3.9186482429504395
30,6290,3.9185678958892822
30,995,3.9176547527313232
30,11328,3.910900115966797
30,5591,3.9097323417663574
29,285,3.9029202461242676
30,6331,3.900439500808716
31,2649,3.8853707313537598
31,12247,3.8849878311157227
30,11810,3.8817474842071533
30,217,3.8650026321411133
29,6281,3.863522529602051
30,3803,3.8562002182006836
30,7442,3.8517494201660156
30,151,3.8506853580474854
30,10295,3.850395441055298
30,8127,3.8455820083618164
30,7857,3.8454699516296387
30,1482,3.837317705154419
30,13730,3.833963394165039
30,8242,3.8282063007354736
31,1973,3.823525905609131
30,1793,3.8225762844085693
29,12267,3.819695472717285
31,6525,3.814932107925415
31,5995,3.807941436767578
30,11893,3.8035976886749268
31,9178,3.802656888961792
30,1018,3.8000330924987793
30,12009,3.7942428588867188
30,3503,3.791769504547119
31,7036,3.7892043590545654
30,13359,3.78627347946167
30,3346,3.785618543624878
31,3835,3.783338785171509
30,11194,3.778109550476074
30,5975,3.7734169960021973
31,255,3.7710399627685547
30,367,3.7698476314544678
30,655,3.7662136554718018
30,3716,3.7651333808898926
30,677,3.7629587650299072
28,10843,3.7587122917175293
30,6372,3.757328748703003
30,3988,3.756397008895874
30,9191,3.7493948936462402
30,13056,3.749305009841919
30,4736,3.7414112091064453
30,6165,3.7409780025482178
30,4684,3.737304925918579
30,1303,3.7330918312072754
30,1891,3.7301242351531982
30,5695,3.728018283843994
30,9240,3.7262511253356934
31,13869,3.718341112136841
30,5886,3.7157957553863525
30,6640,3.7146503925323486
31,3135,3.713494062423706
31,7676,3.7057714462280273
30,10152,3.6994409561157227
30,4800,3.6974992752075195
30,4675,3.6971793174743652
31,14324,3.695018768310547
30,13159,3.693613290786743
30,11083,3.6866040229797363
30,5615,3.685041666030884
30,9117,3.6848533153533936
30,5610,3.6820621490478516
30,12963,3.667523145675659
31,3121,3.665574312210083
30,191,3.664111375808716
30,8500,3.663269519805908
30,7366,3.663139581680298
30,5311,3.6618425846099854
30,2969,3.660454750061035
31,3522,3.6582741737365723
30,9305,3.6565465927124023
31,3863,3.6549675464630127
30,2214,3.6460392475128174
30,9758,3.6450960636138916
29,12533,3.640424966812134
30,11703,3.633275032043457
28,6701,3.627645492553711
29,1658,3.6189067363739014
30,13285,3.617429256439209
30,13538,3.614192247390747
31,1060,3.6140973567962646
31,2622,3.6128170490264893
30,9451,3.6057188510894775
30,2817,3.6055688858032227
29,2169,3.6055240631103516
30,10473,3.597358226776123
31,6440,3.5916433334350586
31,9886,3.5848114490509033
31,5645,3.581094980239868
30,6547,3.5770254135131836
31,5559,3.574640989303589
30,2318,3.5730984210968018
29,9818,3.5671958923339844
31,4627,3.565609931945801
30,3820,3.5654563903808594
30,6413,3.5587751865386963
31,13649,3.558079719543457
30,9843,3.557638645172119
30,10494,3.556274890899658
30,2459,3.5559327602386475
31,7261,3.5539588928222656
31,3621,3.5490331649780273
30,7367,3.541158676147461
30,6971,3.5394771099090576
30,6578,3.537864923477173
30,8194,3.5365750789642334
30,10949,3.5361006259918213
30,14027,3.5355989933013916
30,11360,3.529907703399658
30,13600,3.5286507606506348
30,12375,3.5138609409332275
30,8031,3.5091567039489746
30,7346,3.4967095851898193
31,2199,3.495678663253784
30,3195,3.493330478668213
31,8998,3.4933180809020996
29,10402,3.4907381534576416
30,3336,3.4879093170166016
29,11511,3.4782888889312744
31,6445,3.4702889919281006
30,5841,3.469524383544922
30,6252,3.468801975250244
29,9016,3.460573434829712
30,5771,3.4589035511016846
30,7144,3.458064317703247
30,11289,3.4517767429351807
30,1829,3.446296453475952
30,879,3.4446604251861572
29,3895,3.436767816543579
29,8424,3.4364423751831055
29,12211,3.4340662956237793
30,11022,3.4284446239471436
30,10433,3.4269826412200928
30,12629,3.426539897918701
30,8288,3.423823356628418
30,12200,3.4227683544158936
31,3081,3.4227213859558105
27,307,3.4174399375915527
31,7217,3.415804147720337
30,11202,3.415590763092041
31,11354,3.4131968021392822
30,6344,3.4078683853149414
29,4266,3.4021124839782715
30,1516,3.401932954788208
30,12563,3.3983213901519775
29,13667,3.3948447704315186
31,5745,3.3925743103027344
31,10893,3.3896231651306152
29,4420,3.386671304702759
30,271,3.384275197982788
30,13860,3.379317283630371
30,526,3.3739707469940186
30,862,3.3731489181518555
31,5528,3.369840383529663
29,3694,3.36380934715271
30,13889,3.3619539737701416
30,7015,3.360551357269287
30,5528,3.3579657077789307
31,6029,3.356356382369995
30,7748,3.3551933765411377
30,8954,3.351062536239624
30,13235,3.348332405090332
31,11258,3.3467140197753906
30,1177,3.3385961055755615
30,9198,3.3349266052246094
30,6480,3.331357479095459
31,8118,3.3274240493774414
30,10254,3.3207719326019287
29,6089,3.312842607498169
30,5122,3.3124771118164062
30,404,3.307018280029297
31,562,3.302166223526001
31,2174,3.300964832305908
30,12713,3.298969268798828
31,8206,3.2989022731781006
30,4775,3.2930452823638916
29,8740,3.292078971862793
31,9240,3.280362844467163
30,11840,3.2786149978637695
30,4578,3.2765634059906006
30,11103,3.2695114612579346
30,950,3.268465995788574
31,9294,3.266683340072632
30,12127,3.263154983520508
30,2717,3.2616126537323
30,1209,3.2613821029663086
30,7066,3.260190963745117
31,2538,3.2557809352874756
31,641,3.2520577907562256
30,4382,3.2487666606903076
29,11917,3.2460246086120605
31,10104,3.2441964149475098
30,1391,3.242583990097046
30,12827,3.239530324935913
30,125,3.2291147708892822
30,11373,3.227266311645508
31,12280,3.225897789001465
31,5455,3.225255250930786
29,10902,3.224717140197754
31,2756,3.2209761142730713
30,10777,3.2186882495880127
29,3412,3.214376926422119
30,12914,3.2102394104003906
30,4431,3.2097344398498535
31,489,3.2079505920410156
31,9729,3.207611322402954
30,10887,3.205737829208374
31,10233,3.2052040100097656
30,7037,3.203178644180298
30,12903,3.20288348197937
30,7004,3.196895122528076
31,2299,3.1968588829040527
30,9598,3.1953630447387695
30,3878,3.1940383911132812
30,1964,3.1933884620666504
30,3347,3.189110517501831
31,1000,3.187584638595581
30,4014,3.1873016357421875
31,11778,3.186089038848877
31,12491,3.182868480682373
30,11151,3.1803481578826904
29,715,3.1781296730041504
31,8609,3.162508964538574
30,14026,3.159041166305542
29,2650,3.156198024749756
31,7342,3.1552910804748535
30,7638,3.1535520553588867
30,6648,3.1527209281921387
30,4384,3.151219129562378
29,9901,3.1508915424346924
29,169,3.150888681411743
30,14092,3.1482303142547607
30,4571,3.1477346420288086
30,10353,3.143023729324341
29,13238,3.1412220001220703
30,2298,3.1403868198394775
31,5099,3.135931968688965
28,12253,3.134675979614258
29,10726,3.1285505294799805
30,11268,3.1284735202789307
29,12910,3.1259310245513916
30,11859,3.1248130798339844
30,12554,3.122873544692993
30,3631,3.121539354324341
30,13473,3.1197023391723633
30,5357,3.1180431842803955
29,5363,3.116912603378296
31,12688,3.1168010234832764
31,7831,3.111666202545166
28,13736,3.109663486480713
31,12723,3.1048011779785156
30,7624,3.103469133377075
30,8932,3.1032164096832275
30,8886,3.1030149459838867
30,10645,3.1023337841033936
31,3611,3.1010165214538574
31,10757,3.097496747970581
30,11577,3.09682297706604
31,8182,3.09661602973938
29,8788,3.095085859298706
30,7002,3.094006299972534
31,5966,3.0934855937957764
30,12878,3.09185528755188
31,409,3.08784556388855
30,8775,3.0870211124420166
31,9883,3.0821285247802734
31,1940,3.080958127975464
30,8492,3.080949068069458
30,13697,3.079183578491211
29,6676,3.0786657333374023
29,8501,3.0779666900634766
31,12048,3.0777649879455566
31,2836,3.077603816986084
30,14123,3.076129674911499
31,6584,3.074812412261963
30,7687,3.073956251144409
30,5718,3.0713374614715576
30,2363,3.0684127807617188
31,778,3.0621654987335205
31,5551,3.0615224838256836
31,511,3.0608479976654053
31,5644,3.0600826740264893
31,8128,3.057701349258423
30,9559,3.053480625152588
27,2106,3.05332612991333
30,9514,3.0531857013702393
30,3912,3.052403211593628
30,9115,3.050666570663452
30,3307,3.048126220703125
30,5259,3.046400547027588
29,12104,3.045750379562378
30,4334,3.0439884662628174
30,11538,3.043781042098999
30,2593,3.0360095500946045
31,6466,3.03410005569458
30,2516,3.0333034992218018
30,8780,3.0286402702331543
31,3474,3.0273854732513428
31,7052,3.023512363433838
30,2018,3.023120880126953
30,8249,3.014979600906372
30,283,3.0127995014190674
30,1330,3.012770175933838
31,4538,3.0119893550872803
30,120,3.010040044784546
29,9513,3.0087387561798096
30,8385,3.0072293281555176
29,313,3.00600004196167
30,11445,3.005324363708496
29,9738,3.005216121673584
30,725,3.004412889480591
31,1947,3.0018112659454346
30,4028,3.001282215118408
30,13650,3.0009326934814453
31,8557,3.000425100326538
31,4732,2.999035120010376
30,7784,2.992215156555176
31,13638,2.9882357120513916
26,2589,2.983153820037842
30,9317,2.9827165603637695
30,8225,2.9822490215301514
30,5486,2.978121042251587
31,7684,2.973188877105713
30,3777,2.9717538356781006
31,9292,2.9716594219207764
31,9208,2.971597194671631
30,3136,2.969038248062134
30,5269,2.968090057373047
30,2904,2.9675467014312744
30,10365,2.9643754959106445
31,7861,2.9641165733337402
30,2252,2.9598023891448975
30,13364,2.9589972496032715
31,6467,2.957672357559204
31,7724,2.956242322921753
29,6168,2.9558157920837402
31,3682,2.955399990081787
31,12996,2.9549560546875
30,12283,2.9526913166046143
30,6680,2.9518322944641113
30,5726,2.9510304927825928
30,12702,2.9507665634155273
30,2695,2.950023889541626
29,1566,2.948404550552368
31,3506,2.943218231201172
30,8749,2.9403791427612305
30,13286,2.93864107131958
30,6199,2.9385275840759277
30,10386,2.9385130405426025
29,10723,2.938047409057617
30,7616,2.9364819526672363
30,5954,2.9340155124664307
30,2367,2.933866024017334
31,9575,2.9320287704467773
30,3366,2.9267706871032715
30,7744,2.920840263366699
31,10136,2.92038631439209
31,5969,2.9188051223754883
30,13021,2.9127938747406006
30,12717,2.90783429145813
30,12522,2.9038760662078857
30,3260,2.903872489929199
30,6666,2.903136968612671
31,6220,2.9029414653778076
30,12083,2.9023611545562744
30,4836,2.8967690467834473
29,6894,2.896604537963867
30,6476,2.895308494567871
30,3675,2.8917407989501953
29,6623,2.8917336463928223
31,8110,2.8894505500793457
28,8574,2.888861894607544
31,11509,2.886314630508423
30,838,2.885845899581909
30,6886,2.8830134868621826
31,9523,2.880714178085327
31,4000,2.8804376125335693
29,1619,2.8785080909729004
29,13181,2.878391742706299
30,9725,2.8782529830932617
31,640,2.8753128051757812
30,1819,2.8751449584960938
29,9129,2.8749868869781494
29,1785,2.874737501144409
30,6819,2.873915433883667
28,6308,2.866483449935913
30,6168,2.8659889698028564
30,13765,2.865186929702759
29,10857,2.8631179332733154
30,10772,2.860931873321533
31,344,2.860318422317505
29,8753,2.859919548034668
31,6614,2.8593461513519287
30,13667,2.8575403690338135
31,7833,2.856583833694458
30,4541,2.8553011417388916
30,14146,2.852396249771118
31,7851,2.851949691772461
30,2401,2.8512351512908936
30,10120,2.8508315086364746
30,6242,2.8504514694213867
31,1467,2.8498589992523193
29,9706,2.847465991973877
31,5920,2.8462071418762207
30,10260,2.841667890548706
31,12298,2.8414266109466553
30,62,2.839097499847412
29,3115,2.8377463817596436
31,11276,2.8303983211517334
29,11285,2.8298895359039307
29,11740,2.8246681690216064
31,10161,2.8235960006713867
30,14187,2.820962905883789
30,11813,2.8189539909362793
31,1689,2.818847894668579
29,10202,2.8177974224090576
31,7478,2.8163626194000244
30,11660,2.8157153129577637
31,9012,2.8123321533203125
30,9946,2.810617685317993
30,13927,2.806434392929077
30,10941,2.8062660694122314
30,13442,2.8059017658233643
30,2795,2.805703639984131
30,6531,2.8043501377105713
30,1272,2.8028485774993896
31,3778,2.802187919616699
30,8793,2.7970566749572754
31,12120,2.7967896461486816
30,13570,2.7952351570129395
30,2470,2.794294595718384
31,6355,2.793703556060791
30,9439,2.7841718196868896
31,4919,2.782883644104004
31,7020,2.7805240154266357
28,9026,2.778003454208374
31,6265,2.7766785621643066
28,9082,2.7751550674438477
31,13149,2.7651760578155518
31,5470,2.765108585357666
29,12067,2.7637479305267334
31,894,2.763594150543213
30,1974,2.761509656906128
30,9151,2.7595653533935547
30,9697,2.755997657775879
31,2293,2.755810022354126
29,3045,2.7543845176696777
30,9834,2.7540371417999268
31,13874,2.753803253173828
30,7091,2.7534823417663574
31,473,2.7507123947143555
31,2301,2.7394795417785645
30,7747,2.7394397258758545
30,4251,2.7337112426757812
31,3647,2.725451707839966
31,1919,2.723268747329712
31,14106,2.722109079360962
31,8203,2.7209455966949463
29,4566,2.7189109325408936
29,9222,2.7183001041412354
29,7509,2.7180027961730957
30,12523,2.717885732650757
31,2833,2.716745376586914
31,943,2.7119007110595703
31,6023,2.711041212081909
30,13869,2.707119941711426
31,9715,2.7035205364227295
31,10402,2.7029964923858643
30,11294,2.7021517753601074
30,1839,2.699069023132324
31,4943,2.6971004009246826
31,4457,2.696070432662964
30,7908,2.693857192993164
31,11622,2.687455415725708
31,10555,2.6873366832733154
31,12742,2.6855549812316895
31,10506,2.685100793838501
31,13891,2.685091972351074
31,5493,2.6813461780548096
31,9187,2.6762609481811523
31,10669,2.6706738471984863
30,14028,2.6700823307037354
31,6085,2.662160873413086
31,5230,2.6615922451019287
31,3483,2.661377429962158
30,14299,2.6608333587646484
30,7295,2.6595418453216553
31,5471,2.654609203338623
30,1438,2.6543264389038086
31,711,2.6541459560394287
31,8959,2.6530961990356445
30,10174,2.6524851322174072
31,13534,2.6482601165771484
29,1550,2.6435539722442627
31,7566,2.6418869495391846
30,3802,2.638231039047241
30,12524,2.6366806030273438
30,9887,2.630791664123535
30,6312,2.6289069652557373
31,6992,2.627321720123291
30,6582,2.6273131370544434
31,10759,2.6260650157928467
29,12117,2.6257991790771484
30,2100,2.619243860244751
31,12668,2.615316867828369
30,11138,2.61500883102417
31,7399,2.614624500274658
30,6911,2.6135826110839844
30,12202,2.6119675636291504
30,11007,2.6094753742218018
30,9950,2.60678768157959
30,3543,2.6066737174987793
30,520,2.6040186882019043
30,9602,2.602560043334961
31,8699,2.6020219326019287
29,1823,2.59908390045166
30,2530,2.5962791442871094
31,11757,2.594600200653076
30,6196,2.5945210456848145
30,4240,2.592684030532837
30,3623,2.5897467136383057
29,12632,2.588719367980957
30,7676,2.5861716270446777
29,11605,2.58518648147583
31,13662,2.582385778427124
29,10987,2.580139398574829
31,13833,2.5757954120635986
31,6603,2.575413465499878
30,3081,2.5749127864837646
25,5781,2.574483871459961
31,9299,2.574167251586914
31,5394,2.567903995513916
30,14169,2.567711591720581
30,3394,2.5666720867156982
30,6555,2.5648131370544434
31,5218,2.5644969940185547
29,6380,2.562823534011841
30,9701,2.5592169761657715
31,2405,2.5581934452056885
30,9841,2.556121349334717
31,10929,2.552351236343384
31,9557,2.550518274307251
29,10788,2.5504448413848877
31,2188,2.549729824066162
29,4663,2.5495190620422363
31,1780,2.54353928565979
30,10586,2.5423333644866943
30,10001,2.539799928665161
30,3557,2.5388472080230713
31,6919,2.5374948978424072
30,11304,2.535212755203247
31,4657,2.531672954559326
31,10800,2.5316519737243652
29,12770,2.531381607055664
30,13104,2.529331922531128
31,7819,2.529008388519287
29,10894,2.5252957344055176
29,7042,2.5234458446502686
29,6987,2.5228631496429443
31,2847,2.518768548965454
30,3236,2.5178210735321045
30,7969,2.51724910736084
30,6336,2.515573740005493
30,931,2.514498710632324
31,2474,2.511164426803589
30,4709,2.506342887878418
31,7793,2.502737522125244
30,4189,2.4993155002593994
31,12400,2.4975504875183105
29,12012,2.497039794921875
30,2324,2.49625825881958
31,6696,2.4953930377960205
31,9551,2.493938446044922
31,13943,2.4938864707946777
31,13184,2.4900360107421875
30,7419,2.4893007278442383
30,8013,2.486586093902588
30,5435,2.48582124710083
30,5073,2.4837071895599365
31,1585,2.4818971157073975
31,8524,2.4771993160247803
31,3472,2.4768221378326416
30,292,2.476231575012207
29,12784,2.4742629528045654
30,2059,2.4737298488616943
31,9005,2.470014810562134
30,9220,2.4698476791381836
30,12061,2.469794273376465
30,1053,2.4693071842193604
31,9947,2.4689760208129883
31,13544,2.468719959259033
30,3109,2.4686903953552246
30,4569,2.4680252075195312
31,10514,2.466367483139038
31,273,2.4663643836975098
31,5245,2.4661030769348145
31,11123,2.4621989727020264
30,8853,2.4614572525024414
31,13518,2.461244583129883
31,7463,2.459510326385498
31,14239,2.4589297771453857
31,4717,2.457552671432495
31,12352,2.456850528717041
31,13479,2.455836772918701
29,6914,2.4555885791778564
31,6764,2.4520206451416016
28,12074,2.449402332305908
31,9375,2.4417648315429688
31,7122,2.4399003982543945
31,247,2.4385769367218018
28,3062,2.4351766109466553
31,13619,2.4324183464050293
30,6992,2.4322447776794434
31,7368,2.429471492767334
29,10112,2.428678512573242
29,10803,2.427790641784668
29,12755,2.423373222351074
30,9143,2.4233148097991943
31,3487,2.4210214614868164
30,9261,2.419795036315918
30,12694,2.418799638748169
31,2040,2.41782283782959
29,10490,2.417600393295288
31,5799,2.4157509803771973
29,4740,2.413309335708618
29,6732,2.4119725227355957
31,13933,2.4078080654144287
30,13910,2.406801462173462
30,1703,2.406186819076538
30,3680,2.4040729999542236
31,3387,2.4013125896453857
31,8525,2.4003143310546875
29,7003,2.4002480506896973
31,5108,2.39760160446167
30,11952,2.395510196685791
31,2248,2.393036365509033
30,2286,2.3926305770874023
31,6009,2.390946388244629
30,6396,2.390834331512451
30,1935,2.3904576301574707
30,2519,2.38771915435791
30,13890,2.387150526046753
30,9702,2.3855931758880615
30,7779,2.37864351272583
31,13298,2.3735337257385254
31,13606,2.373202323913574
30,7172,2.371835708618164
30,7423,2.370856761932373
31,1158,2.367478370666504
30,12132,2.36726713180542
31,3235,2.3651227951049805
31,10427,2.3637208938598633
30,12284,2.3635525703430176
31,624,2.3623862266540527
30,3683,2.3604400157928467
29,9523,2.3602664470672607
29,14011,2.355313539505005
31,3015,2.354855537414551
29,3384,2.3545143604278564
30,12144,2.3542637825012207
30,41,2.352558135986328
30,6641,2.350710153579712
31,12529,2.3502795696258545
30,5912,2.3488805294036865
30,11320,2.3486742973327637
31,12266,2.347409248352051
31,13675,2.3448119163513184
30,5860,2.344723701477051
30,13496,2.340918779373169
31,13493,2.339160203933716
31,7195,2.336916923522949
30,9002,2.3349506855010986
28,6107,2.3338263034820557
31,11279,2.332044839859009
31,13466,2.331486225128174
27,2911,2.3259336948394775
31,5933,2.325697422027588
30,9453,2.3232507705688477
31,6626,2.3215510845184326
31,10850,2.3208253383636475
29,11112,2.3193295001983643
31,9049,2.319329261779785
29,12134,2.3166263103485107
31,12185,2.316166639328003
31,10801,2.3138020038604736
31,8446,2.3113272190093994
31,2223,2.30975341796875
30,5794,2.308927536010742
30,11141,2.307488441467285
30,13908,2.3062686920166016
31,3384,2.3043949604034424
29,11171,2.303474187850952
31,21,2.303255796432495
30,13018,2.3031907081604004
31,1831,2.300581455230713
29,8605,2.299731731414795
31,10690,2.2980575561523438
30,11752,2.296131134033203
29,11772,2.2941417694091797
30,4195,2.293368339538574
31,4062,2.289773941040039
31,118,2.2892143726348877
31,11999,2.287259817123413
30,1570,2.2867822647094727
31,8074,2.2865071296691895
31,5772,2.284949541091919
30,14072,2.283515214920044
31,2754,2.2802517414093018
30,13587,2.276033639907837
30,5921,2.2728934288024902
31,7281,2.2710766792297363
30,1311,2.2709832191467285
30,13174,2.2709617614746094
29,10770,2.2685651779174805
29,11997,2.265632152557373
31,12220,2.2640833854675293
30,13495,2.260782241821289
31,5919,2.259986162185669
29,3843,2.2574875354766846
31,2055,2.256903886795044
30,9974,2.2544913291931152
29,2422,2.2492823600769043
30,857,2.248203992843628
30,6763,2.24708890914917
31,6439,2.2450666427612305
31,9416,2.2416000366210938
31,11571,2.2412407398223877
30,618,2.2391836643218994
29,7574,2.2389307022094727
31,4633,2.236830711364746
31,4353,2.2363758087158203
31,11495,2.2360191345214844
31,4415,2.233605146408081
30,9109,2.2334251403808594
30,6948,2.2331457138061523
31,1041,2.2317936420440674
29,5983,2.2291440963745117
29,8529,2.2279908657073975
31,7387,2.2277579307556152
31,9658,2.2269833087921143
31,12494,2.2241220474243164
31,8345,2.2216930389404297
31,11216,2.2208385467529297
30,10468,2.220653533935547
31,4945,2.220418930053711
31,844,2.220062732696533
31,9256,2.2186012268066406
30,8725,2.2184886932373047
31,8234,2.216381788253784
30,12195,2.2150943279266357
30,858,2.2144973278045654
30,12711,2.2129595279693604
31,850,2.211120843887329
31,13525,2.2109909057617188
30,1773,2.2102694511413574
30,5814,2.208951711654663
29,3411,2.208209991455078
30,8183,2.206212282180786
30,8903,2.2057571411132812
31,4817,2.2056760787963867
31,5883,2.2051680088043213
31,9262,2.203404188156128
30,8132,2.201550245285034
30,8276,2.2001841068267822
31,7245,2.199930191040039
29,11961,2.199260950088501
31,4786,2.197524309158325
31,11885,2.1964964866638184
30,11545,2.1963348388671875
29,13304,2.1949360370635986
30,410,2.1949105262756348
31,4178,2.1927812099456787
31,2935,2.192369222640991
31,5688,2.190777063369751
31,2004,2.1899473667144775
31,7562,2.187744379043579
31,1050,2.1873691082000732
31,12150,2.1863110065460205
30,7673,2.1860225200653076
31,2334,2.1859519481658936
31,10620,2.1848628520965576
30,563,2.1833431720733643
29,6864,2.1818947792053223
30,6079,2.181694984436035
31,9312,2.180936336517334
30,6754,2.1808369159698486
30,9750,2.171266555786133
29,1646,2.1695187091827393
29,10651,2.1679532527923584
31,5000,2.1664111614227295
31,5427,2.1661057472229004
31,7812,2.165355682373047
31,2885,2.1644577980041504
29,9468,2.1640899181365967
30,1814,2.163034439086914
29,11543,2.162109136581421
30,8834,2.1600453853607178
31,11244,2.158453941345215
30,9065,2.155710458755493
31,219,2.154522657394409
30,8226,2.154186248779297
31,12948,2.1512062549591064
31,12241,2.1504127979278564
30,9719,2.147648572921753
31,8398,2.147393226623535
31,8421,2.1471476554870605
29,1875,2.146545171737671
31,3485,2.1456458568573
30,4381,2.1442768573760986
26,13136,2.142955780029297
30,1640,2.139738082885742
31,10006,2.137139081954956
30,13742,2.13642954826355
30,9855,2.136415719985962
29,7125,2.1353116035461426
31,1115,2.133723020553589
31,13472,2.130113363265991
31,2804,2.1300103664398193
31,6413,2.1291208267211914
30,9242,2.1290318965911865
30,10661,2.1282527446746826
30,13711,2.127519369125366
31,6401,2.127138137817383
31,10439,2.125800371170044
31,11713,2.1252236366271973
31,8857,2.1246769428253174
31,7508,2.122681140899658
31,12999,2.120081901550293
29,7647,2.1200592517852783
31,12841,2.1190342903137207
31,6422,2.117973804473877
29,1275,2.1147148609161377
30,8688,2.1145806312561035
30,14159,2.1131505966186523
31,1423,2.112882137298584
31,4729,2.1126253604888916
31,712,2.1078670024871826
30,5172,2.1066958904266357
31,9401,2.1060523986816406
30,10459,2.105928897857666
31,9116,2.104559898376465
31,11350,2.1027393341064453
30,12323,2.102421522140503
30,2767,2.101501941680908
29,1784,2.0998096466064453
31,1572,2.0995829105377197
30,320,2.097639322280884
29,9262,2.0971968173980713
31,7613,2.0963993072509766
30,4260,2.0950965881347656
30,3654,2.0945723056793213
30,7768,2.0910568237304688
31,12110,2.0907537937164307
31,10107,2.089223623275757
30,6889,2.0891830921173096
31,10973,2.087571620941162
30,4211,2.087259292602539
30,11510,2.0863888263702393
31,6656,2.083937883377075
30,13060,2.083221435546875
31,8928,2.079963207244873
31,9171,2.0785973072052
31,6384,2.0769002437591553
30,12431,2.0766994953155518
30,9173,2.0720326900482178
31,190,2.071851968765259
30,8427,2.0702595710754395
31,7206,2.0691659450531006
31,8307,2.06890869140625
31,13392,2.067354679107666
31,1250,2.066075563430786
31,349,2.0660078525543213
30,7606,2.0659496784210205
29,12635,2.065250873565674
29,7812,2.0648443698883057
31,10904,2.0641915798187256
31,7476,2.0634663105010986
30,7115,2.0628838539123535
29,2872,2.061335325241089
30,9010,2.0612499713897705
31,9692,2.0598666667938232
31,3840,2.059781312942505
31,1712,2.0591022968292236
31,10630,2.0584192276000977
31,14299,2.0579707622528076
31,3616,2.055271863937378
31,11225,2.0535147190093994
30,7981,2.0531060695648193
31,4663,2.0530195236206055
31,10914,2.0528979301452637
30,5599,2.0524587631225586
31,2305,2.0520269870758057
31,8791,2.051894426345825
30,331,2.0474674701690674
30,13883,2.0457372665405273
31,4512,2.0438530445098877
29,13688,2.042915105819702
30,1791,2.042572259902954
30,10711,2.040707588195801
30,2907,2.039557695388794
30,667,2.0381851196289062
29,14017,2.035106897354126
30,1949,2.03267502784729
31,11166,2.031146764755249
30,223,2.03002667427063
30,1365,2.029944658279419
30,12526,2.029879093170166
31,5539,2.028576135635376
30,5563,2.0267696380615234
30,14257,2.0265331268310547
30,5924,2.026200294494629
31,1227,2.025179624557495
31,12541,2.024855136871338
31,2535,2.0247747898101807
30,6949,2.024381160736084
30,2677,2.023681879043579
29,5749,2.023256540298462
31,1777,2.02321457862854
29,1749,2.022024154663086
30,3983,2.021000623703003
31,6099,2.0188863277435303
30,13764,2.0178024768829346
31,1793,2.0177149772644043
31,10776,2.0148770809173584
29,10119,2.0148355960845947
31,5168,2.014425754547119
29,7396,2.0130887031555176
30,10915,2.0125913619995117
29,12195,2.0107297897338867
31,12476,2.0086467266082764
31,10870,2.0075738430023193
31,3787,2.0072312355041504
30,239,2.004422903060913
30,1628,2.003159999847412
31,4523,2.0027616024017334
31,9500,2.000884532928467
31,11581,2.0001420974731445
31,3633,1.9978392124176025
31,151,1.9975295066833496
31,10275,1.9959943294525146
31,2109,1.9950271844863892
30,874,1.993274211883545
31,997,1.9927215576171875
31,5698,1.9904106855392456
31,3079,1.9874998331069946
31,13024,1.9874536991119385
29,12657,1.9869931936264038
31,4139,1.9866117238998413
29,1381,1.9839506149291992
30,5345,1.983029842376709
31,10202,1.9829477071762085
30,5946,1.9826936721801758
31,3551,1.9826165437698364
31,287,1.9800125360488892
31,4352,1.9779837131500244
27,8140,1.9779045581817627
31,6243,1.9772672653198242
29,3069,1.9768431186676025
30,14177,1.9764974117279053
29,6122,1.9759714603424072
31,6685,1.9756356477737427
30,11557,1.97003173828125
30,3529,1.969652771949768
31,11229,1.9681857824325562
31,2036,1.9673471450805664
31,5540,1.966233730316162
31,5232,1.9661141633987427
29,12476,1.9620760679244995
30,5832,1.9616789817810059
31,9421,1.9609830379486084
31,2275,1.9588632583618164
29,518,1.9577232599258423
31,3355,1.9576994180679321
30,6206,1.9573756456375122
31,13112,1.9563401937484741
31,13076,1.9552258253097534
30,5934,1.954513430595398
31,3067,1.9532939195632935
30,12454,1.9532701969146729
30,14300,1.9528511762619019
31,256,1.9523038864135742
30,2173,1.9516687393188477
30,4624,1.9511122703552246
30,13147,1.950410008430481
31,1986,1.9493684768676758
29,750,1.9493489265441895
31,11029,1.9481734037399292
31,11860,1.9470735788345337
30,2990,1.9468990564346313
30,5490,1.9463738203048706
31,5691,1.9460331201553345
31,11599,1.944179892539978
31,10180,1.9441077709197998
30,11508,1.9439332485198975
30,225,1.9414465427398682
31,11541,1.9412803649902344
29,834,1.939931035041809
29,4037,1.9392062425613403
30,5036,1.9383188486099243
31,3691,1.9377001523971558
31,7309,1.9372093677520752
31,4790,1.9365018606185913
29,2918,1.936414122581482
31,6247,1.935822606086731
31,14196,1.935668706893921
31,2867,1.9350628852844238
31,12861,1.9350600242614746
30,3295,1.9335812330245972
31,3750,1.932766318321228
30,6770,1.9326224327087402
31,4780,1.9313894510269165
31,12913,1.9253791570663452
31,8936,1.924206256866455
31,5311,1.9241667985916138
31,12717,1.9220740795135498
31,13414,1.9204936027526855
31,14332,1.919934868812561
31,1057,1.9187384843826294
30,8082,1.9178060293197632
29,9718,1.9175117015838623
31,5082,1.9171534776687622
31,2770,1.9167470932006836
31,2946,1.9166229963302612
31,1200,1.9151734113693237
30,10240,1.914604902267456
31,12252,1.913089632987976
30,3639,1.9123767614364624
31,6918,1.9092599153518677
30,628,1.9092422723770142
31,486,1.9084407091140747
30,2908,1.9075897932052612
31,5517,1.9075870513916016
31,7012,1.9071807861328125
31,10746,1.9069331884384155
30,9848,1.905472993850708
31,5355,1.9048621654510498
31,11808,1.904007077217102
31,14027,1.9035232067108154
31,11552,1.903101921081543
30,11624,1.9026261568069458
31,1186,1.9014290571212769
31,6575,1.9003020524978638
31,1834,1.8990346193313599
30,8885,1.8988200426101685
31,2315,1.8979178667068481
29,302,1.8975837230682373
30,5906,1.8967448472976685
29,12996,1.8957545757293701
31,2549,1.8955672979354858
31,9735,1.8944876194000244
28,7013,1.8926973342895508
29,10254,1.892290711402893
31,10956,1.8914681673049927
29,1425,1.8913666009902954
30,4433,1.8901880979537964
30,4459,1.8899482488632202
31,11298,1.889146327972412
30,12034,1.8879525661468506
29,8296,1.8876252174377441
31,6158,1.8876081705093384
31,2807,1.8875662088394165
31,11342,1.8848154544830322
31,3873,1.884116291999817
30,429,1.882359504699707
31,4838,1.8822541236877441
30,7095,1.8819316625595093
29,5178,1.8817025423049927
28,11702,1.8815776109695435
30,11948,1.8814424276351929
30,557,1.8793405294418335
30,12074,1.8779555559158325
31,13801,1.8759421110153198
31,7897,1.8744300603866577
31,12222,1.8743908405303955
30,3486,1.8741867542266846
31,7605,1.8736399412155151
29,10297,1.871078610420227
31,291,1.8710170984268188
31,2575,1.8704192638397217
30,5533,1.8701032400131226
31,10363,1.8685652017593384
31,5025,1.8683547973632812
31,1816,1.8681001663208008
30,13609,1.8670192956924438
31,12950,1.8667229413986206
30,10597,1.8665189743041992
30,317,1.8654985427856445
31,9825,1.8641225099563599
31,7450,1.8630728721618652
30,3425,1.8621572256088257
29,12593,1.86087167263031
31,9822,1.8598506450653076
31,7096,1.8595143556594849
30,4318,1.859506368637085
30,7944,1.8577817678451538
31,899,1.8573098182678223
30,3380,1.857025146484375
31,6266,1.855735182762146
31,5632,1.8557344675064087
30,10009,1.8546168804168701
30,4360,1.8537306785583496
31,6419,1.8520474433898926
30,13175,1.8517781496047974
30,842,1.850949764251709
31,5137,1.8502029180526733
31,13826,1.8501055240631104
30,12171,1.849428653717041
31,6510,1.8473143577575684
31,10414,1.8472975492477417
31,2945,1.846584677696228
30,11472,1.8459975719451904
28,11188,1.8448610305786133
30,12939,1.8444764614105225
31,566,1.8440274000167847
31,11282,1.8433210849761963
31,11084,1.842939019203186
30,792,1.8421703577041626
30,12153,1.8413341045379639
31,102,1.841227412223816
31,7814,1.841013789176941
31,7429,1.8403912782669067
31,10915,1.8397691249847412
31,14103,1.8375593423843384
31,11969,1.8364825248718262
30,9691,1.8353151082992554
31,13102,1.8344426155090332
31,12949,1.8342198133468628
30,9448,1.8321009874343872
31,13976,1.8320664167404175
31,2689,1.8318029642105103
29,4827,1.8314156532287598
31,3175,1.8304293155670166
30,10608,1.8304016590118408
30,3378,1.8302364349365234
31,7451,1.8293224573135376
31,2958,1.827423095703125
31,7906,1.8273124694824219
31,5648,1.827121615409851
31,11140,1.8262778520584106
30,4239,1.8252686262130737
30,2340,1.8251804113388062
31,8193,1.8224775791168213
31,12502,1.8217952251434326
31,9114,1.8217663764953613
30,11409,1.8216859102249146
31,1530,1.8205991983413696
31,13605,1.8204843997955322
31,9175,1.8176541328430176
30,2369,1.815667748451233
29,4113,1.8152127265930176
31,10803,1.8147881031036377
31,12009,1.814348816871643
31,8350,1.8134205341339111
31,11347,1.8132330179214478
31,12393,1.8105205297470093
31,10770,1.8104054927825928
30,273,1.8086601495742798
31,4554,1.8086473941802979
30,13318,1.8072993755340576
29,6257,1.8063806295394897
31,9664,1.8061174154281616
29,6244,1.8049657344818115
31,6403,1.804596185684204
30,224,1.8042099475860596
31,12676,1.803901195526123
29,8151,1.8025903701782227
31,3635,1.801041841506958
30,2194,1.7997804880142212
31,14107,1.7985833883285522
31,12971,1.7981826066970825
31,9144,1.798138976097107
30,4527,1.797462821006775
30,3940,1.7968730926513672
30,1426,1.7966457605361938
31,10459,1.7963486909866333
30,4200,1.7926076650619507
31,7294,1.7918444871902466
31,2657,1.7891290187835693
30,9045,1.789027452468872
29,11059,1.7887834310531616
31,608,1.7887684106826782
31,4197,1.7878860235214233
31,561,1.7875642776489258
31,6529,1.7868531942367554
31,7208,1.7865780591964722
28,1196,1.7856431007385254
31,2344,1.7817169427871704
28,166,1.7816619873046875
29,5629,1.781638503074646
30,6207,1.7813669443130493
31,6424,1.778584361076355
31,7721,1.7779951095581055
31,11488,1.7775743007659912
31,8409,1.7772687673568726
30,434,1.7768689393997192
31,11024,1.7762459516525269
30,66,1.7749314308166504
30,6654,1.773264765739441
30,11552,1.7726244926452637
30,1036,1.7724899053573608
31,12910,1.7693774700164795
31,5934,1.7692047357559204
29,10317,1.7669847011566162
30,3575,1.7662255764007568
27,13732,1.765495777130127
31,14118,1.7653073072433472
31,6760,1.7650498151779175
30,7958,1.7646255493164062
30,10052,1.7644894123077393
28,3779,1.7640950679779053
31,1395,1.7638111114501953
31,13110,1.763480544090271
30,8801,1.7629247903823853
29,14108,1.76258385181427
30,11820,1.762129306793213
31,2268,1.762125849723816
31,2119,1.7617387771606445
31,13574,1.7616262435913086
31,6981,1.7615422010421753
28,11063,1.7603071928024292
31,6548,1.759678840637207
30,5195,1.7588114738464355
30,7447,1.7578465938568115
31,3428,1.7572184801101685
31,3439,1.7572166919708252
30,13768,1.7549973726272583
30,760,1.7549355030059814
31,7124,1.7547687292099
30,13291,1.7538914680480957
31,8275,1.7537320852279663
30,3884,1.7536590099334717
31,3940,1.752336859703064
31,145,1.7517415285110474
30,3416,1.750680923461914
29,13948,1.7488107681274414
31,4298,1.7487655878067017
31,416,1.7477234601974487
31,11218,1.7473530769348145
30,6096,1.7472712993621826
31,3876,1.7471624612808228
31,11361,1.7471420764923096
31,4542,1.7462842464447021
31,1813,1.7455401420593262
31,8372,1.7451075315475464
29,1755,1.7444872856140137
30,7755,1.744174599647522
29,6305,1.7441390752792358
31,12923,1.7429182529449463
31,12119,1.741916298866272
29,9120,1.7412817478179932
31,10716,1.7410911321640015
31,2149,1.74089515209198
31,13181,1.739664077758789
31,5220,1.738765835762024
31,5026,1.737167239189148
31,996,1.737022042274475
31,896,1.73692786693573
30,14069,1.7365214824676514
31,10492,1.735113501548767
29,14177,1.735042691230774
31,6678,1.7347837686538696
31,4672,1.7343953847885132
31,4366,1.7332119941711426
31,4574,1.7325966358184814
28,9680,1.731813907623291
31,11483,1.7302345037460327
31,3571,1.7299840450286865
31,10529,1.726136565208435
30,9072,1.7248317003250122
31,12226,1.724652647972107
31,1519,1.7242534160614014
30,469,1.7242108583450317
31,2215,1.7232825756072998
30,1478,1.7232633829116821
31,12920,1.7219383716583252
31,13707,1.7213674783706665
29,12048,1.7196578979492188
30,14265,1.7194881439208984
31,11013,1.7189836502075195
29,7237,1.717504858970642
31,13218,1.7170435190200806
31,9016,1.7159833908081055
30,11706,1.7157871723175049
31,6721,1.715497612953186
30,10818,1.7150477170944214
29,13036,1.7144622802734375
30,12966,1.7138620615005493
31,12486,1.7136809825897217
30,12516,1.713642954826355
30,8978,1.7124191522598267
31,11817,1.7116447687149048
31,2115,1.7115217447280884
31,7278,1.7101027965545654
31,3101,1.7095690965652466
31,11085,1.7090736627578735
31,8154,1.7078012228012085
31,2117,1.706652283668518
30,4543,1.7061952352523804
31,3872,1.7056480646133423
30,5590,1.70390784740448
29,1141,1.703505039215088
31,13115,1.7031418085098267
31,13950,1.703007459640503
31,4911,1.7029732465744019
30,10027,1.7026315927505493
30,12612,1.7025972604751587
31,4563,1.7022141218185425
29,7114,1.7014977931976318
31,12591,1.7005788087844849
31,5021,1.6998313665390015
29,5933,1.6973018646240234
31,8695,1.6972116231918335
31,2100,1.6968086957931519
31,11752,1.6964291334152222
31,9119,1.6963809728622437
29,10030,1.6931376457214355
31,12196,1.6925889253616333
31,8835,1.6923545598983765
31,900,1.691343903541565
31,11695,1.689773440361023
31,4026,1.6894792318344116
29,8710,1.6888996362686157
31,6657,1.6883800029754639
31,5562,1.6877524852752686
31,6221,1.6856533288955688
30,4994,1.6834849119186401
30,11405,1.6810095310211182
31,11325,1.6804662942886353
31,5074,1.680253028869629
31,6549,1.679100751876831
31,4436,1.6786367893218994
31,3166,1.6784487962722778
31,11945,1.6778799295425415
29,8374,1.6761056184768677
31,1496,1.6743801832199097
31,1873,1.6734485626220703
31,5335,1.6717634201049805
31,11255,1.671684741973877
30,6256,1.6712864637374878
31,2046,1.6709063053131104
31,5294,1.6701685190200806
29,7141,1.6693575382232666
31,1607,1.669196367263794
30,12150,1.6689560413360596
31,374,1.6686933040618896
30,9660,1.6682844161987305
31,12839,1.6677156686782837
31,12039,1.6673976182937622
31,11579,1.666298508644104
31,13139,1.6661072969436646
30,13161,1.664286732673645
31,3540,1.6642720699310303
31,8053,1.6639763116836548
30,12570,1.6639420986175537
31,1324,1.6636371612548828
29,9167,1.66289484500885
31,4518,1.662354826927185
31,4665,1.6602184772491455
31,13989,1.6593481302261353
31,8937,1.6589369773864746
30,8710,1.658748745918274
31,8968,1.6585049629211426
31,7863,1.6583192348480225
31,1425,1.6570857763290405
30,4425,1.6566585302352905
31,734,1.655874252319336
31,8899,1.6547796726226807
31,8990,1.6542476415634155
30,7249,1.6539350748062134
31,14073,1.6533606052398682
30,1152,1.652408242225647
31,167,1.6493360996246338
31,8309,1.649086594581604
29,7168,1.6485317945480347
30,5790,1.6484391689300537
31,7838,1.6475085020065308
31,10100,1.64718759059906
31,1904,1.6471526622772217
29,12452,1.6454824209213257
31,1090,1.6445883512496948
31,7981,1.644025444984436
31,4788,1.6438727378845215
29,11344,1.6432194709777832
29,9142,1.6419336795806885
29,7407,1.6417568922042847
19,12164,1.641459584236145
31,4046,1.641382098197937
31,3869,1.6411739587783813
30,994,1.6410958766937256
31,11126,1.6410428285598755
31,13312,1.6393479108810425
30,5323,1.6389905214309692
30,4753,1.6385024785995483
29,636,1.6378499269485474
31,2012,1.6364837884902954
31,7078,1.6357102394104004
31,515,1.6349741220474243
31,2129,1.6339530944824219
31,4661,1.6337025165557861
31,6080,1.6334192752838135
30,5969,1.6333553791046143
31,5330,1.6327588558197021
31,12851,1.632380723953247
30,10207,1.6323589086532593
30,9596,1.6318851709365845
31,7703,1.6314467191696167
31,953,1.630457878112793
31,10674,1.630096435546875
31,10697,1.6268185377120972
31,12779,1.626225471496582
31,791,1.6249494552612305
30,1270,1.624388337135315
30,11976,1.6234484910964966
31,1691,1.6219614744186401
31,7484,1.6212888956069946
30,6735,1.6212408542633057
31,9587,1.621203899383545
30,8371,1.6209484338760376
31,5041,1.6206315755844116
31,3930,1.618478775024414
31,13062,1.6179102659225464
30,12135,1.617477536201477
31,5617,1.6172544956207275
30,694,1.6156829595565796
30,5812,1.6153641939163208
30,7014,1.6136102676391602
31,6891,1.613594651222229
31,3238,1.6126190423965454
31,7940,1.6114732027053833
31,14276,1.6104941368103027
31,14249,1.609423041343689
31,9586,1.6092965602874756
31,3759,1.6077120304107666
30,76,1.6057391166687012
31,13647,1.6050565242767334
29,10946,1.602894902229309
29,3214,1.6020739078521729
29,11270,1.6014333963394165
31,7115,1.5990182161331177
31,12007,1.598763108253479
31,5253,1.5984901189804077
31,12358,1.598476767539978
31,1665,1.5983988046646118
29,3697,1.5977486371994019
31,13745,1.5966219902038574
31,13648,1.5959213972091675
29,4210,1.5944383144378662
30,3351,1.5943372249603271
29,3276,1.5936222076416016
31,6131,1.5930713415145874
31,9615,1.5916187763214111
30,5253,1.5915379524230957
31,6352,1.5914257764816284
30,3630,1.5906612873077393
30,6584,1.5905990600585938
31,13058,1.5898442268371582
30,13265,1.5895845890045166
31,4015,1.588301420211792
30,10104,1.5873150825500488
31,4768,1.5857394933700562
31,8503,1.585386037826538
29,10366,1.5837675333023071
31,1991,1.5837395191192627
31,13292,1.5833240747451782
30,8272,1.5829386711120605
30,4594,1.582846760749817
30,343,1.5826843976974487
31,1663,1.582478404045105
29,6008,1.582057237625122
31,5048,1.5817066431045532
30,8210,1.5813257694244385
30,4245,1.5812567472457886
31,9350,1.5811738967895508
31,9929,1.5810177326202393
31,3493,1.580195426940918
30,10824,1.5794854164123535
31,6562,1.5794001817703247
30,2743,1.57736074924469
30,10195,1.5760935544967651
31,5371,1.5750468969345093
31,6256,1.574310064315796
29,9935,1.5736953020095825
30,722,1.5735011100769043
28,4187,1.5731548070907593
31,7104,1.5730005502700806
30,3876,1.572789192199707
31,10285,1.5720776319503784
30,8223,1.5719174146652222
31,9919,1.569966435432434
31,11775,1.5695838928222656
31,3988,1.5688949823379517
31,3409,1.568570852279663
29,10837,1.5684309005737305
31,14160,1.5681989192962646
29,2397,1.5681971311569214
31,862,1.5680428743362427
31,12525,1.5672553777694702
28,8884,1.567035436630249
31,3878,1.566755771636963
30,8069,1.5642966032028198
31,12365,1.56423819065094
31,12145,1.5641552209854126
30,10064,1.5633553266525269
31,8298,1.562514066696167
30,6023,1.561658501625061
31,1386,1.5610777139663696
31,1807,1.5609019994735718
29,1125,1.5607177019119263
29,6908,1.5584906339645386
31,8884,1.5573230981826782
29,1016,1.5566645860671997
30,10790,1.5564459562301636
31,13610,1.556272268295288
31,6993,1.5558571815490723
30,9811,1.555690884590149
30,770,1.5547599792480469
31,9877,1.5530935525894165
29,512,1.5528664588928223
31,13487,1.552255392074585
31,8461,1.5520365238189697
29,5808,1.5515711307525635
30,12662,1.5510255098342896
31,6389,1.549876093864441
31,13681,1.549484133720398
31,2155,1.5487785339355469
31,10590,1.5485169887542725
28,4578,1.54790461063385
31,11080,1.5462374687194824
29,8827,1.5459104776382446
30,4004,1.5458828210830688
31,6165,1.545215368270874
31,714,1.5450953245162964
31,1534,1.5446999073028564
31,14018,1.5444196462631226
30,13392,1.5434889793395996
31,5724,1.5434380769729614
31,12968,1.5425788164138794
25,10086,1.5419660806655884
30,8892,1.5418745279312134
28,3524,1.5416557788848877
31,660,1.5405253171920776
31,1157,1.5400772094726562
31,2800,1.5383723974227905
30,12507,1.5382471084594727
30,12115,1.5374360084533691
29,5182,1.5360512733459473
31,13368,1.5359259843826294
29,4360,1.5353602170944214
30,10023,1.5345591306686401
31,7683,1.5344191789627075
30,5375,1.5331792831420898
31,7967,1.5320484638214111
31,4179,1.531516671180725
31,7973,1.5312612056732178
31,12033,1.531235694885254
29,2311,1.5302408933639526
31,1409,1.5299968719482422
31,10405,1.5298972129821777
31,5877,1.5289831161499023
31,1594,1.528659462928772
31,5771,1.5275628566741943
31,8094,1.5266735553741455
31,10014,1.5248785018920898
30,3006,1.5245685577392578
31,2434,1.5236890316009521
29,5234,1.5234168767929077
31,12922,1.5216597318649292
30,3183,1.5212994813919067
31,3929,1.521161437034607
30,13513,1.5203720331192017
31,1087,1.5192780494689941
31,11243,1.5184476375579834
31,9712,1.5182658433914185
30,8359,1.51728355884552
30,9959,1.5171376466751099
31,4128,1.5166375637054443
30,10840,1.5121113061904907
7,8343,1.5111680030822754
31,12297,1.5105857849121094
30,7418,1.510257601737976
30,12016,1.5076175928115845
31,4896,1.5068840980529785
31,2207,1.5064584016799927
31,4983,1.5047881603240967
28,4748,1.5039705038070679
30,6006,1.5036540031433105
31,8279,1.503186583518982
31,4873,1.5024912357330322
31,4791,1.5024420022964478
30,14288,1.5021885633468628
29,13323,1.5019090175628662
31,7076,1.5015746355056763
31,1662,1.5007504224777222
31,4520,1.4994136095046997
29,9654,1.4991947412490845
31,4157,1.497823715209961
30,4110,1.4959584474563599
31,13703,1.4956872463226318
31,731,1.495597004890442
31,8914,1.4950121641159058
31,6216,1.4950042963027954
29,12980,1.493638038635254
31,11314,1.4932907819747925
31,5971,1.4920507669448853
31,13622,1.492043375968933
31,8544,1.4915902614593506
31,733,1.4915469884872437
31,7568,1.4914335012435913
31,7778,1.4888203144073486
29,10665,1.4851820468902588
31,9052,1.4839121103286743
31,9673,1.4832576513290405
30,9387,1.4822973012924194
31,13328,1.4820985794067383
30,5701,1.4818671941757202
31,1320,1.4817224740982056
31,3337,1.4812816381454468
26,8477,1.4785284996032715
31,4125,1.4776191711425781
31,3583,1.477324366569519
31,10389,1.4766972064971924
28,10465,1.4762331247329712
31,4160,1.4760187864303589
29,1668,1.47596275806427
31,3084,1.4749441146850586
30,4929,1.474766731262207
31,1739,1.4741681814193726
31,3476,1.4738925695419312
30,7775,1.4736313819885254
29,13,1.4727753400802612
30,6460,1.4721441268920898
31,10834,1.4714876413345337
30,3256,1.4693851470947266
29,4854,1.4687412977218628
31,9559,1.4686717987060547
31,9916,1.4683728218078613
31,5541,1.4669029712677002
31,14057,1.466685175895691
29,12988,1.4666141271591187
30,7497,1.4639402627944946
31,7955,1.4633084535598755
31,6669,1.4631847143173218
31,5553,1.4629987478256226
29,1084,1.4606727361679077
31,7607,1.4603079557418823
31,8123,1.4602168798446655
30,9955,1.459533452987671
31,7434,1.459517478942871
31,9875,1.459450364112854
31,5426,1.4582974910736084
31,847,1.4581501483917236
31,1095,1.4578356742858887
31,1681,1.4576716423034668
30,6320,1.4576239585876465
29,7352,1.4551368951797485
31,2241,1.4548356533050537
31,6109,1.453347086906433
31,9355,1.4530130624771118
30,1112,1.4523428678512573
30,12262,1.4522631168365479
25,3897,1.451906681060791
31,13185,1.4510716199874878
30,12559,1.4507559537887573
30,7573,1.4506369829177856
31,7978,1.450401782989502
29,8554,1.449455738067627
30,5905,1.4490861892700195
31,4358,1.448978304862976
30,2433,1.448258638381958
31,12109,1.4463976621627808
30,4955,1.4455478191375732
30,9108,1.4452224969863892
31,1705,1.443869709968567
31,8004,1.4433302879333496
31,12814,1.443003535270691
30,703,1.4427011013031006
29,7349,1.442484974861145
30,2423,1.4417179822921753
30,6888,1.4414278268814087
31,2008,1.439753770828247
30,3436,1.4383244514465332
31,10912,1.4380863904953003
30,12154,1.436969518661499
29,10749,1.4364663362503052
31,3444,1.436111569404602
31,3811,1.4355536699295044
31,6490,1.4347577095031738
31,3023,1.4347342252731323
31,7004,1.4346494674682617
29,10434,1.4345017671585083
31,9678,1.4342460632324219
31,6069,1.4340450763702393
30,3542,1.4335111379623413
31,6072,1.431971549987793
31,13814,1.4302551746368408
31,7673,1.430003046989441
31,1544,1.429632544517517
29,5074,1.4287245273590088
31,11221,1.428686261177063
31,8377,1.4285691976547241
30,12387,1.4275028705596924
31,11929,1.4271379709243774
30,1355,1.4268085956573486
31,6303,1.4267371892929077
28,1975,1.4258865118026733
31,10935,1.42545485496521
31,4121,1.4231367111206055
29,3746,1.4230177402496338
30,12584,1.4227440357208252
30,7476,1.4227280616760254
31,9880,1.4217088222503662
30,12661,1.421634316444397
31,1674,1.4207462072372437
29,2405,1.420743465423584
31,7938,1.4207124710083008
31,14112,1.4201533794403076
30,4410,1.4181711673736572
31,8618,1.4177188873291016
30,8513,1.417550802230835
31,9252,1.4170031547546387
31,9974,1.4168132543563843
30,4244,1.4152113199234009
31,13310,1.4142656326293945
30,3475,1.413862943649292
30,7024,1.413734793663025
28,4100,1.413206934928894
31,5538,1.4121520519256592
29,5913,1.4118273258209229
31,5542,1.4114558696746826
29,3790,1.41112220287323
31,9744,1.41107976436615
31,14075,1.4104880094528198
28,11241,1.4098842144012451
31,4667,1.407945990562439
31,9505,1.4077558517456055
30,5640,1.407454490661621
28,6453,1.4067070484161377
30,3597,1.4064842462539673
30,5106,1.4064539670944214
31,1165,1.4048810005187988
30,6015,1.404492735862732
30,855,1.4034423828125
29,9711,1.4033945798873901
31,10220,1.4033606052398682
31,2742,1.4028124809265137
30,6099,1.4026695489883423
31,7001,1.4025553464889526
31,11638,1.401764154434204
31,794,1.4011417627334595
30,2412,1.3968178033828735
31,4776,1.396600365638733
31,1766,1.396186113357544
31,5071,1.394688606262207
29,9403,1.3946820497512817
31,8320,1.393212914466858
31,7360,1.3926738500595093
29,2606,1.392665147781372
31,13515,1.3926196098327637
30,10301,1.3925284147262573
30,11663,1.3919917345046997
31,9765,1.3911765813827515
31,9550,1.3907662630081177
28,8573,1.39033043384552
30,2220,1.3894944190979004
31,11222,1.3889588117599487
31,10946,1.3887646198272705
29,2836,1.3882863521575928
31,9824,1.387782096862793
31,2087,1.3877780437469482
28,9278,1.387609839439392
31,7725,1.3861980438232422
31,3924,1.3858580589294434
30,12442,1.3855024576187134
31,6313,1.384312391281128
31,865,1.3840041160583496
31,4193,1.3833363056182861
31,3865,1.383281946182251
31,2971,1.3832018375396729
31,1488,1.3819217681884766
29,6774,1.3817113637924194
29,4650,1.3815258741378784
31,11781,1.3811419010162354
30,4895,1.3810572624206543
28,8733,1.3810343742370605
31,10401,1.3803595304489136
29,4705,1.380070447921753
29,9936,1.3796826601028442
30,9377,1.3786733150482178
31,10644,1.3775125741958618
31,8276,1.375081181526184
31,3880,1.375059962272644
30,9908,1.3742793798446655
31,7038,1.373266577720642
31,8950,1.3731026649475098
31,8060,1.3718293905258179
31,4373,1.370530366897583
31,11108,1.369240641593933
30,9698,1.369186520576477
27,5734,1.3682466745376587
30,7132,1.3678388595581055
30,3297,1.3678069114685059
31,7133,1.3673020601272583
31,13178,1.3669313192367554
31,4253,1.366666555404663
30,9645,1.366491436958313
30,4510,1.3664782047271729
31,7963,1.3650305271148682
31,11965,1.3647915124893188
31,10210,1.3616859912872314
30,6587,1.3609181642532349
31,8296,1.3607515096664429
31,5114,1.3599878549575806
30,8161,1.3585412502288818
31,10453,1.3569813966751099
30,11725,1.3565000295639038
31,2468,1.3560289144515991
31,10897,1.3559194803237915
28,9642,1.3558826446533203
31,6090,1.355482578277588
30,11680,1.3548823595046997
31,3105,1.3546199798583984
31,3043,1.3539694547653198
30,4637,1.3533381223678589
31,11079,1.3531279563903809
30,10344,1.3526102304458618
28,4869,1.3524092435836792
30,3296,1.351768970489502
31,6567,1.3515853881835938
30,3362,1.3509877920150757
31,557,1.3506300449371338
31,2212,1.3505783081054688
30,11246,1.350334644317627
30,13935,1.3502157926559448
31,10741,1.3500522375106812
31,5525,1.3495806455612183
30,3137,1.348848819732666
30,10504,1.348107933998108
31,154,1.3478401899337769
31,7840,1.3470791578292847
30,8856,1.346853256225586
31,3382,1.3463811874389648
30,966,1.3460537195205688
30,13661,1.3458575010299683
31,7944,1.3457448482513428
27,13857,1.3449835777282715
31,11178,1.344731330871582
31,8382,1.3440883159637451
30,12136,1.343563199043274
29,4423,1.3435231447219849
31,10463,1.342501163482666
29,5323,1.3416863679885864
30,5531,1.339864730834961
31,8583,1.3387377262115479
31,12446,1.3376545906066895
31,9864,1.3373879194259644
31,13995,1.3367109298706055
29,7106,1.3362244367599487
31,552,1.3358412981033325
29,4152,1.3353396654129028
31,7460,1.335280418395996
30,2782,1.3352667093276978
31,12292,1.3349709510803223
31,4648,1.3345108032226562
31,9845,1.3343034982681274
31,3834,1.3337035179138184
30,9367,1.3332788944244385
30,1236,1.333127737045288
28,8337,1.331904649734497
31,5061,1.3317643404006958
31,13015,1.3310972452163696
31,11133,1.33085036277771
30,2682,1.3307150602340698
30,4436,1.3299262523651123
31,11562,1.3280094861984253
31,8305,1.3276944160461426
30,9156,1.3268626928329468
29,140,1.3255501985549927
31,5857,1.3249415159225464
31,9834,1.324904203414917
31,6326,1.324680209159851
31,10241,1.3241701126098633
29,6571,1.3240773677825928
30,7538,1.3238595724105835
31,8321,1.322595238685608
31,3146,1.3225517272949219
31,655,1.322400689125061
30,3939,1.32192862033844
31,13236,1.3206584453582764
29,4785,1.3206074237823486
31,5349,1.3197906017303467
30,9373,1.3190916776657104
31,4688,1.3183183670043945
31,2213,1.3180556297302246
31,2596,1.3179783821105957
31,4835,1.3176337480545044
29,4181,1.3168154954910278
31,12248,1.3151416778564453
31,8828,1.3146530389785767
31,9088,1.314467430114746
31,6770,1.3133457899093628
30,4419,1.3127270936965942
31,11435,1.3125478029251099
31,13279,1.3122894763946533
31,17,1.3104431629180908
30,5792,1.3103344440460205
31,6432,1.3102881908416748
31,2171,1.3099911212921143
30,12868,1.3099496364593506
30,13388,1.3090357780456543
31,10052,1.3089064359664917
31,75,1.3081469535827637
31,12684,1.307593584060669
30,5213,1.3071640729904175
31,12275,1.3069899082183838
31,8824,1.3069705963134766
31,12818,1.3046276569366455
31,2552,1.3040791749954224
31,12833,1.3035309314727783
31,6495,1.3031851053237915
29,6227,1.3014174699783325
28,3339,1.3000982999801636
31,4198,1.2987738847732544
31,11264,1.2966433763504028
31,11304,1.296036720275879
30,4713,1.2957453727722168
30,1171,1.2951687574386597
28,13684,1.2936302423477173
30,8255,1.2927460670471191
30,2205,1.2926708459854126
30,13466,1.2905892133712769
29,81,1.2900770902633667
31,1071,1.2899222373962402
31,4653,1.2893222570419312
31,10408,1.2885587215423584
29,9298,1.2882349491119385
31,5199,1.2876888513565063
31,6156,1.287437081336975
30,1795,1.2862001657485962
29,6555,1.2852128744125366
31,7784,1.2843602895736694
30,13122,1.2837377786636353
30,542,1.283034086227417
31,8149,1.2827668190002441
30,9739,1.282354712486267
31,13530,1.282327651977539
31,14105,1.2804734706878662
31,9047,1.28035306930542
31,7375,1.2798311710357666
30,4861,1.279127597808838
31,11200,1.2782107591629028
30,2639,1.2775676250457764
29,3908,1.277475357055664
31,13172,1.276887059211731
30,4163,1.2768436670303345
29,3468,1.2767847776412964
31,10508,1.2766972780227661
30,2537,1.2758065462112427
31,13627,1.275533676147461
31,13835,1.275370717048645
31,13470,1.2734553813934326
31,11486,1.2733557224273682
31,7504,1.2725491523742676
31,4367,1.2723486423492432
31,3849,1.2722148895263672
28,9269,1.271188497543335
30,3135,1.2702969312667847
30,3242,1.269911766052246
31,5124,1.2695298194885254
31,437,1.2687581777572632
30,12345,1.2686468362808228
30,2028,1.2684835195541382
30,9375,1.2682429552078247
31,3899,1.2669938802719116
31,6088,1.2664968967437744
30,9816,1.265641450881958
30,10038,1.2655240297317505
29,5479,1.2646725177764893
31,11456,1.2646112442016602
29,11750,1.2639012336730957
31,1178,1.2630443572998047
31,747,1.2629685401916504
30,11264,1.2627573013305664
31,6013,1.26068913936615
31,5624,1.2606054544448853
31,1483,1.2604702711105347
31,1668,1.260414958000183
31,142,1.2595653533935547
31,10090,1.258873462677002
31,2820,1.2588101625442505
30,1562,1.2587603330612183
30,13424,1.2575953006744385
31,8462,1.2573647499084473
30,12824,1.256807565689087
26,9152,1.2563101053237915
31,1193,1.2555524110794067
31,70,1.2552158832550049
31,7101,1.2551023960113525
31,6159,1.2526814937591553
31,4007,1.2522341012954712
31,6725,1.252173662185669
31,8862,1.251434087753296
29,3093,1.2510842084884644
30,11857,1.2508282661437988
30,468,1.2503671646118164
31,5720,1.2488164901733398
30,2788,1.248730182647705
30,6390,1.2483104467391968
30,936,1.2480342388153076
31,9628,1.2475366592407227
30,4581,1.2469735145568848
29,10706,1.2469210624694824
31,4695,1.2469199895858765
31,2775,1.24552583694458
30,14068,1.2453737258911133
24,1012,1.2443413734436035
31,4326,1.2439055442810059
30,3033,1.2437227964401245
31,542,1.243087649345398
29,1819,1.2430696487426758
31,10983,1.2426667213439941
31,5618,1.24183189868927
31,2611,1.241826057434082
29,14012,1.2414166927337646
31,4998,1.2412755489349365
29,6362,1.240918755531311
30,801,1.239647626876831
31,4496,1.2394300699234009
29,3490,1.239309549331665
31,11540,1.239173173904419
30,1558,1.2383767366409302
29,13411,1.2365813255310059
30,1332,1.234218955039978
31,10165,1.2341833114624023
31,855,1.2340680360794067
31,6060,1.2337357997894287
28,2359,1.2326326370239258
31,11811,1.232458472251892
30,9307,1.2318685054779053
30,9745,1.231647253036499
31,5706,1.2308955192565918
28,2049,1.2308392524719238
11,13368,1.2306145429611206
31,46,1.2305244207382202
31,3548,1.2296258211135864
30,3660,1.2294617891311646
30,847,1.2290352582931519
30,871,1.2287006378173828
30,6609,1.2285215854644775
30,5862,1.2283903360366821
30,12258,1.2280563116073608
31,12783,1.2279995679855347
29,3250,1.2275986671447754
30,3903,1.227548599243164
30,7814,1.2259210348129272
31,11185,1.2253190279006958
30,10768,1.2251752614974976
31,5544,1.2244831323623657
30,7463,1.2230429649353027
31,5400,1.2222908735275269
30,9247,1.2216811180114746
30,1346,1.221522331237793
31,11741,1.220768690109253
31,6407,1.2206909656524658
31,2706,1.2194814682006836
30,8247,1.2192890644073486
30,13411,1.2186731100082397
31,5826,1.217747688293457
31,3006,1.2176377773284912
28,11414,1.2160221338272095
30,7207,1.215942621231079
30,13059,1.215410590171814
31,8306,1.2149797677993774
31,6586,1.2149101495742798
31,1147,1.214037299156189
31,8692,1.2139060497283936
31,4261,1.2137941122055054
30,985,1.2133561372756958
28,75,1.2131261825561523
31,13966,1.2128580808639526
29,9533,1.211912751197815
28,1746,1.21188223361969
31,13727,1.2114750146865845
31,13111,1.2113776206970215
31,12314,1.2109344005584717
31,7762,1.210113525390625
30,6904,1.2099335193634033
31,8458,1.2096718549728394
31,13156,1.2089965343475342
31,3864,1.2088780403137207
31,9085,1.2086905241012573
31,3452,1.208682894706726
31,1946,1.2078447341918945
30,5222,1.2071490287780762
31,11266,1.2062764167785645
31,830,1.2061924934387207
30,398,1.2055928707122803
30,4107,1.2054914236068726
31,9555,1.2037101984024048
31,7529,1.20221745967865
31,880,1.2017830610275269
30,5265,1.2012547254562378
31,13909,1.2012255191802979
31,736,1.2008678913116455
31,556,1.2006378173828125
31,8664,1.2005155086517334
31,10466,1.1995601654052734
31,11489,1.1989065408706665
31,14207,1.198639988899231
31,13957,1.1985355615615845
30,1094,1.198351263999939
30,13352,1.1969965696334839
31,10833,1.1964716911315918
31,1113,1.1955523490905762
31,2120,1.1953396797180176
31,1928,1.1950342655181885
31,7792,1.1939820051193237
31,7080,1.1931761503219604
31,11059,1.192765474319458
28,2506,1.19087815284729
30,11398,1.1907978057861328
31,4423,1.1886824369430542
29,1024,1.188287377357483
31,14292,1.1878658533096313
29,7785,1.1873983144760132
31,1917,1.1867334842681885
30,8135,1.1853601932525635
30,12252,1.1847879886627197
31,9604,1.184240460395813
31,4409,1.1840966939926147
30,3316,1.1836397647857666
29,13231,1.1832935810089111
31,6228,1.1831469535827637
30,4645,1.1822774410247803
31,9636,1.1812279224395752
31,4233,1.1801447868347168
30,1811,1.1795319318771362
31,9436,1.1792330741882324
29,6911,1.1788005828857422
28,14333,1.1782869100570679
31,8135,1.177226185798645
31,10806,1.1772255897521973
31,7220,1.1771570444107056
29,3511,1.1767635345458984
31,1464,1.1756387948989868
31,10123,1.1749505996704102
29,8219,1.1747485399246216
31,3482,1.1739459037780762
31,957,1.173563838005066
29,7479,1.1734281778335571
30,5197,1.1734205484390259
30,11964,1.173126220703125
29,5419,1.172680139541626
30,9572,1.1725056171417236
28,3514,1.1722835302352905
31,7592,1.1720744371414185
31,13017,1.171554446220398
29,3428,1.1715340614318848
31,10075,1.1692545413970947
30,8392,1.1677913665771484
31,4120,1.1676112413406372
29,1613,1.1673755645751953
31,7088,1.1671761274337769
31,13000,1.1669358015060425
31,9854,1.1666792631149292
28,1580,1.1666252613067627
27,3505,1.1664966344833374
29,2688,1.1662888526916504
31,11033,1.166042447090149
29,9228,1.165739893913269
31,4262,1.165268063545227
31,13691,1.165138840675354
31,11256,1.164905309677124
31,10256,1.1648377180099487
31,7759,1.1647778749465942
30,5884,1.1642506122589111
28,12067,1.1639279127120972
28,6,1.163926601409912
31,7873,1.163909912109375
29,6264,1.1634161472320557
31,14321,1.1631847620010376
31,16,1.1630414724349976
31,13097,1.1628254652023315
29,10167,1.1624541282653809
31,6839,1.1622530221939087
29,11444,1.161285400390625
31,12193,1.1609625816345215
29,7289,1.1600006818771362
30,5699,1.1598955392837524
31,11652,1.1590279340744019
31,2343,1.1585571765899658
31,7019,1.157293438911438
30,8374,1.157179355621338
29,8890,1.1564404964447021
31,13250,1.1553339958190918
29,5904,1.1551258563995361
31,10008,1.1544502973556519
30,6894,1.1526519060134888
31,12850,1.1520262956619263
31,11054,1.1515706777572632
30,10880,1.151370644569397
31,14177,1.1500214338302612
31,2865,1.149824619293213
31,7153,1.1496813297271729
31,13241,1.1492297649383545
31,14179,1.1492236852645874
29,2971,1.1491098403930664
30,1698,1.1489760875701904
31,7112,1.1482114791870117
31,9995,1.1479547023773193
28,5337,1.1472296714782715
29,13031,1.1458654403686523
31,10017,1.145853042602539
31,9804,1.1457546949386597
31,2313,1.1446404457092285
31,7976,1.1434296369552612
28,7548,1.143205165863037
31,8386,1.14286208152771
31,11234,1.1421921253204346
30,559,1.142082691192627
31,3271,1.141614317893982
30,14215,1.1415566205978394
30,5737,1.1415501832962036
28,12049,1.1407743692398071
31,1922,1.1399911642074585
31,6227,1.1394909620285034
29,742,1.137960433959961
31,12652,1.1372413635253906
31,2088,1.1363085508346558
31,3435,1.1362935304641724
30,12943,1.136218786239624
31,9115,1.1360759735107422
31,14295,1.134543538093567
31,13038,1.1344960927963257
29,7923,1.1342123746871948
29,5866,1.1334545612335205
29,6301,1.1325746774673462
31,1510,1.1317049264907837
28,1016,1.1316989660263062
31,12360,1.1314013004302979
31,12035,1.1308246850967407
29,10751,1.1303077936172485
31,3388,1.1302002668380737
29,5910,1.1297374963760376
31,4136,1.1293026208877563
31,11345,1.1285648345947266
30,4133,1.128424882888794
31,7520,1.1281521320343018
31,7061,1.127689242362976
30,10842,1.1260613203048706
30,1268,1.1253483295440674
29,11412,1.1253043413162231
29,2810,1.1251376867294312
30,2496,1.125023603439331
31,3114,1.1243200302124023
31,10471,1.1242529153823853
31,11155,1.1242485046386719
31,614,1.1240946054458618
30,9610,1.123968243598938
30,8716,1.1233021020889282
31,963,1.1230324506759644
30,12422,1.1227115392684937
28,6401,1.122214436531067
28,8203,1.1213585138320923
30,3986,1.120955228805542
30,4672,1.1208924055099487
31,11675,1.1200429201126099
31,4906,1.119849681854248
31,4782,1.1197865009307861
31,7533,1.1193476915359497
31,6003,1.1189546585083008
31,12785,1.1189171075820923
31,3769,1.118869423866272
29,7441,1.1187094449996948
29,13648,1.11867356300354
30,11307,1.11854887008667
19,3651,1.1181080341339111
31,9513,1.1170910596847534
31,1143,1.1170070171356201
30,9545,1.1165279150009155
29,8765,1.1160143613815308
28,11739,1.11556077003479
31,6854,1.1151763200759888
28,582,1.1143767833709717
31,4883,1.113613247871399
30,4497,1.1130657196044922
31,14016,1.1130609512329102
27,4573,1.1127901077270508
31,2980,1.1127287149429321
31,11886,1.1126850843429565
29,731,1.1124528646469116
29,7679,1.1123052835464478
31,1632,1.1111655235290527
29,7658,1.1109938621520996
31,7687,1.1104176044464111
31,8809,1.1101610660552979
31,5943,1.1097140312194824
30,13533,1.1093509197235107
31,6691,1.1081987619400024
31,9,1.1077725887298584
31,11118,1.1077009439468384
31,6734,1.1058523654937744
30,2792,1.1058382987976074
31,11406,1.1035850048065186
31,7319,1.1032605171203613
31,11047,1.1030622720718384
31,6411,1.102315902709961
30,7021,1.1022260189056396
30,7798,1.101370930671692
30,12103,1.1012616157531738
31,6254,1.1006542444229126
31,2221,1.1006054878234863
31,12467,1.099237084388733
30,14104,1.0989973545074463
31,7987,1.0987821817398071
31,1058,1.0982885360717773
31,581,1.098227620124817
31,9147,1.0976403951644897
31,10525,1.0970147848129272
31,12816,1.096605896949768
29,3433,1.096480131149292
30,6083,1.0963038206100464
28,3202,1.0959999561309814
30,8346,1.0958423614501953
31,13669,1.0957629680633545
31,13507,1.0956511497497559
31,658,1.0951588153839111
31,12912,1.094017744064331
30,4671,1.0940128564834595
28,11305,1.0932724475860596
27,3778,1.0931859016418457
31,3464,1.0930988788604736
29,4200,1.0928101539611816
30,11938,1.0926885604858398
30,11509,1.0922694206237793
30,891,1.0919605493545532
31,8239,1.0919097661972046
31,1994,1.0914404392242432
29,368,1.0904239416122437
31,3527,1.089746356010437
30,12077,1.0897449254989624
31,11303,1.0883100032806396
31,12658,1.086627721786499
31,4147,1.08636474609375
29,261,1.0862958431243896
30,6961,1.0855518579483032
30,13607,1.0852199792861938
31,3955,1.0840628147125244
31,13083,1.0837774276733398
31,6179,1.0837424993515015
31,4589,1.0835899114608765
30,9237,1.0834211111068726
30,1529,1.083390474319458
31,1546,1.0826305150985718
30,3093,1.0821082592010498
31,1637,1.0817480087280273
31,10373,1.0816242694854736
31,368,1.0808470249176025
30,289,1.0800215005874634
30,5024,1.0790952444076538
30,6539,1.0765223503112793
31,11647,1.0761879682540894
30,10871,1.0760575532913208
30,7146,1.0758821964263916
29,11029,1.0751359462738037
31,4240,1.075071096420288
30,8012,1.0744900703430176
31,1404,1.0744295120239258
30,2196,1.073775291442871
30,3700,1.0734719038009644
31,6423,1.0734527111053467
31,7882,1.0731502771377563
31,3252,1.0725598335266113
30,2628,1.072405219078064
30,856,1.071914792060852
29,1233,1.0715891122817993
31,10334,1.0711884498596191
31,4654,1.0707021951675415
31,1360,1.0698058605194092
29,10666,1.0697729587554932
21,10289,1.068716287612915
31,792,1.06663978099823
24,92,1.0666389465332031
30,3695,1.0650415420532227
31,11518,1.0648733377456665
29,11388,1.064690351486206
31,3962,1.0644073486328125
31,9601,1.0634342432022095
31,5813,1.0630097389221191
31,13293,1.0627515316009521
31,2954,1.0627374649047852
30,5544,1.062606692314148
31,12675,1.0623259544372559
31,6076,1.0621652603149414
30,900,1.0605225563049316
31,5283,1.0604878664016724
30,7382,1.0597339868545532
31,9440,1.0594730377197266
26,11554,1.05921471118927
29,12562,1.0591163635253906
31,11576,1.0584604740142822
31,4250,1.0579168796539307
31,2968,1.057317852973938
30,6426,1.0573073625564575
28,6005,1.057299017906189
30,10350,1.0567774772644043
31,13342,1.05610990524292
31,6677,1.0560002326965332
29,11374,1.0558480024337769
31,10114,1.055783748626709
31,4587,1.0548758506774902
30,8562,1.054864764213562
24,5326,1.0527855157852173
31,4354,1.0524238348007202
28,11588,1.0524096488952637
31,4221,1.0522159337997437
31,1351,1.0516042709350586
29,11176,1.0515098571777344
30,517,1.0510584115982056
29,11082,1.0508675575256348
30,9340,1.050831913948059
31,887,1.0499589443206787
29,3631,1.049937129020691
29,6086,1.0499368906021118
30,13942,1.0484063625335693
31,9091,1.048166036605835
30,5506,1.0471667051315308
31,4645,1.046677827835083
31,1815,1.0455753803253174
28,1327,1.0452009439468384
30,1130,1.0450059175491333
30,9114,1.0447441339492798
30,2058,1.043156623840332
31,8165,1.0427732467651367
30,3364,1.0427422523498535
29,11821,1.0427011251449585
23,8823,1.0426324605941772
30,6566,1.0424604415893555
31,8882,1.0418107509613037
31,8209,1.0416854619979858
31,12473,1.041573166847229
29,7707,1.0415434837341309
31,8278,1.0409091711044312
31,531,1.0407384634017944
30,382,1.0404069423675537
31,10377,1.0402418375015259
31,5913,1.0395140647888184
30,7675,1.0395021438598633
31,600,1.0394855737686157
31,2717,1.0392762422561646
28,4540,1.0388338565826416
30,5526,1.0386587381362915
30,12012,1.0386531352996826
31,14208,1.0380059480667114
30,13120,1.0365403890609741
30,14270,1.0363411903381348
29,2355,1.0360034704208374
30,13800,1.0359746217727661
31,12303,1.0356690883636475
31,6559,1.0345174074172974
28,6022,1.0333704948425293
31,14214,1.0331448316574097
30,9138,1.0329586267471313
31,5754,1.0323375463485718
31,14304,1.0318101644515991
29,2214,1.0316789150238037
31,12423,1.0312637090682983
31,14108,1.0309449434280396
31,1936,1.03011155128479
31,4639,1.0295042991638184
31,2560,1.0291413068771362
31,14190,1.028556227684021
31,4167,1.028274655342102
30,12641,1.0282539129257202
30,6976,1.0281778573989868
29,10407,1.028099536895752
30,11704,1.0273315906524658
26,14256,1.0270495414733887
31,66,1.0265979766845703
30,8751,1.025642991065979
31,4275,1.0254329442977905
31,2943,1.025046944618225
31,4568,1.0249981880187988
30,1781,1.0246630907058716
31,11731,1.0246353149414062
31,7416,1.0242654085159302
31,10781,1.0240639448165894
31,10575,1.0236722230911255
31,127,1.0233687162399292
31,10712,1.0227904319763184
31,3719,1.0227597951889038
30,1680,1.0227246284484863
29,11317,1.0220861434936523
31,674,1.0212206840515137
31,3936,1.0207912921905518
28,9014,1.020668864250183
28,9997,1.0205260515213013
30,808,1.020004153251648
30,9576,1.018951416015625
31,2347,1.0188045501708984
31,7199,1.0179738998413086
31,6610,1.0179595947265625
30,3533,1.0176445245742798
31,507,1.0169063806533813
30,2356,1.0166548490524292
31,13325,1.0161970853805542
31,1506,1.015808343887329
31,1487,1.015173077583313
28,10273,1.015167474746704
31,10395,1.0151281356811523
31,11120,1.014864206314087
31,181,1.014549732208252
31,7184,1.014431118965149
30,9812,1.0140913724899292
31,13277,1.0140653848648071
31,10462,1.013514518737793
30,14192,1.0134276151657104
31,3057,1.0133119821548462
31,1136,1.0130038261413574
31,3501,1.0116913318634033
31,5646,1.0115797519683838
31,13129,1.0113933086395264
30,10156,1.0106135606765747
31,12032,1.010568618774414
30,919,1.009716510772705
29,1842,1.0095906257629395
31,4246,1.0089104175567627
31,5847,1.0082873106002808
28,2347,1.0075950622558594
31,4426,1.0074753761291504
31,4242,1.0070700645446777
31,2856,1.0064337253570557
31,11698,1.0061419010162354
31,10218,1.0059486627578735
30,9090,1.0058075189590454
30,2243,1.00532066822052
31,12821,1.0047918558120728
31,10144,1.0047149658203125
28,1241,1.004699945449829
30,7915,1.003813624382019
30,11845,1.0029981136322021
29,12877,1.0027652978897095
31,6436,1.0022817850112915
31,11861,1.0021426677703857
30,13047,1.0018980503082275
31,5122,1.0009770393371582
31,7491,1.0004997253417969
30,14109,1.0003008842468262
29,9925,1.000109314918518
30,8878,1.0001016855239868
31,2080,1.000101089477539
31,13084,0.9995940327644348
31,7161,0.9983369708061218
30,972,0.9964420199394226
31,4229,0.9954066276550293
31,3018,0.9953210353851318
30,1239,0.9945492148399353
29,9947,0.9943037033081055
31,609,0.9940851926803589
31,5288,0.9936461448669434
29,8527,0.9927807450294495
31,4003,0.9927014112472534
29,7910,0.9925659894943237
30,4969,0.9924761056900024
30,13310,0.9921266436576843
31,12356,0.9918868541717529
29,9580,0.9917194247245789
28,8417,0.9912219047546387
30,5667,0.9908114075660706
31,2551,0.9907756447792053
31,11978,0.98997563123703
29,1367,0.9899209141731262
29,11870,0.9889415502548218
31,74,0.98805171251297
31,3027,0.9878652691841125
28,4360,0.9877213835716248
30,13698,0.9866923093795776
29,8499,0.9865687489509583
31,12341,0.9864718317985535
28,4301,0.9860454201698303
30,9354,0.9854509234428406
29,8257,0.9843581914901733
31,3761,0.9840109944343567
28,6048,0.9837709069252014
30,8285,0.983421802520752
30,10518,0.9833844304084778
31,11410,0.9832786917686462
29,2603,0.9831915497779846
30,14134,0.9828914403915405
31,9081,0.9828723073005676
31,6698,0.9818484783172607
31,12484,0.9816468358039856
29,7036,0.9816418886184692
31,7595,0.9802703857421875
31,4576,0.9802372455596924
31,1261,0.9792737364768982
31,13849,0.9792056679725647
29,10742,0.9786220788955688
6,7238,0.9786027669906616
28,11982,0.9783868193626404
30,4106,0.9774760007858276
31,11869,0.9774727821350098
30,11323,0.9766865372657776
30,11914,0.9762798547744751
31,10375,0.9761494398117065
31,10381,0.9761361479759216
31,11433,0.9760743975639343
29,4233,0.9759248495101929
31,589,0.9754648208618164
28,9779,0.9753140211105347
31,8633,0.9751080274581909
31,187,0.9750723838806152
29,3765,0.9747663140296936
30,2226,0.9742017984390259
30,806,0.9736772775650024
30,1969,0.972649335861206
31,3174,0.9726316928863525
29,11008,0.9706963896751404
31,4374,0.9704540967941284
28,8043,0.969553530216217
30,8431,0.9691489934921265
31,7334,0.9690524339675903
31,14128,0.9688311219215393
31,12730,0.9687615036964417
30,12548,0.9684170484542847
31,12425,0.9683186411857605
31,10852,0.9681434631347656
30,2422,0.9680259227752686
30,774,0.9666303992271423
31,3256,0.9665824174880981
30,12358,0.9661365151405334
31,6776,0.9660549163818359
31,5641,0.9656458497047424
31,5626,0.965431809425354
31,13456,0.9651206135749817
31,13608,0.965104877948761
31,10612,0.9643898606300354
28,8406,0.9640666842460632
31,4097,0.9635698199272156
31,8177,0.962598979473114
31,1755,0.9624364376068115
30,1429,0.9623703956604004
31,9705,0.9623612761497498
31,11357,0.9623215198516846
31,638,0.9617886543273926
30,13530,0.9613745212554932
29,11977,0.9611037969589233
31,10036,0.9609525799751282
31,1366,0.9607456922531128
31,8655,0.9605263471603394
29,9803,0.9603437185287476
30,2297,0.9603071212768555
31,7058,0.9599907994270325
29,9536,0.9598838090896606
31,12508,0.9598795175552368
30,13414,0.9593529105186462
31,3230,0.9587923288345337
31,10945,0.9587087631225586
31,8015,0.9583778977394104
31,1126,0.9577714204788208
29,2904,0.9576861262321472
29,5787,0.9576232433319092
30,3822,0.9568403959274292
30,10725,0.9564854502677917
31,9778,0.9559503197669983
30,5229,0.9557802081108093
30,14319,0.9556456208229065
31,5704,0.9554426670074463
29,1091,0.9550577998161316
29,533,0.9547408223152161
31,837,0.9543983936309814
31,11769,0.9542639851570129
31,3830,0.9539928436279297
28,12534,0.9533023834228516
31,6019,0.9527711868286133
30,2547,0.9527480006217957
31,9569,0.9523617029190063
30,7725,0.9522222280502319
31,4738,0.9521955251693726
31,2432,0.9516136646270752
29,11761,0.9512199759483337
31,6729,0.9506571292877197
29,6613,0.9503925442695618
29,9101,0.9503806233406067
31,1781,0.9502379894256592
31,10830,0.9497167468070984
31,7853,0.9484714865684509
30,439,0.9482501149177551
31,5615,0.947767972946167
29,10481,0.9471187591552734
3,1396,0.947013795375824
31,6909,0.9466277360916138
30,3931,0.9460012912750244
31,8469,0.9456217288970947
30,9232,0.9453980922698975
28,12167,0.9452607035636902
30,6003,0.945232629776001
31,9792,0.9450912475585938
31,14287,0.9449823498725891
29,9060,0.9446775317192078
30,8711,0.9436774849891663
31,7224,0.9435513019561768
31,11883,0.9422967433929443
31,1384,0.9420948028564453
30,3219,0.9416932463645935
31,7066,0.9416237473487854
30,8246,0.9415143132209778
31,1824,0.9413939714431763
31,419,0.9409338235855103
30,9786,0.9408807754516602
31,13575,0.9405319094657898
31,1262,0.9404757618904114
28,11641,0.9400641322135925
30,12479,0.939461350440979
31,2951,0.9388415217399597
31,8775,0.9387190937995911
31,3997,0.9383453130722046
29,12248,0.9383054971694946
31,7892,0.9382696747779846
29,10311,0.9381110072135925
28,13108,0.9380558133125305
17,14096,0.9379335641860962
29,13254,0.9377906322479248
29,1223,0.9373491406440735
31,1966,0.9372477531433105
29,9334,0.9370278120040894
30,1822,0.9367669224739075
31,6609,0.9362292885780334
31,12260,0.936180830001831
28,9780,0.9354701638221741
31,6018,0.9353145956993103
28,9949,0.9348162412643433
29,3202,0.9347496032714844
30,7807,0.9342120885848999
31,8662,0.9337387084960938
19,13845,0.9333577752113342
30,9637,0.9333152174949646
31,13067,0.9331193566322327
31,5383,0.9324620366096497
31,3210,0.9318305253982544
30,13731,0.9314187169075012
31,10826,0.9310125708580017
31,5051,0.9307977557182312
31,9680,0.9303802847862244
31,10060,0.9300432205200195
30,13205,0.9294730424880981
29,7864,0.9294366240501404
30,3937,0.9291127920150757
31,13385,0.929039716720581
31,7577,0.9290056824684143
31,9866,0.9284765124320984
29,5019,0.9276072978973389
30,12964,0.9272244572639465
30,1427,0.9266316890716553
31,1317,0.9264564514160156
31,7598,0.9263167977333069
28,11997,0.9256988763809204
31,13369,0.924670934677124
30,9878,0.923778772354126
30,2042,0.9228601455688477
29,4796,0.9228058457374573
28,5595,0.9219350218772888
29,3716,0.9215404391288757
30,13855,0.9215356707572937
28,623,0.9212391376495361
30,12846,0.9207803606987
30,12691,0.9203619956970215
31,5118,0.9197176098823547
30,9503,0.9195854067802429
31,1992,0.9192628264427185
29,7461,0.9191102981567383
31,9754,0.9182402491569519
29,12580,0.9181467890739441
29,8517,0.9176199436187744
31,6430,0.9167187809944153
30,4962,0.9167083501815796
31,1177,0.9162536263465881
29,10745,0.915991485118866
30,14244,0.915951669216156
28,12523,0.915377140045166
29,13822,0.915288507938385
28,12493,0.9151929616928101
25,1988,0.9151372909545898
31,4928,0.9150788187980652
30,11856,0.9136402010917664
31,2526,0.9136011004447937
31,33,0.9133694767951965
31,1469,0.9133415818214417
31,9935,0.9125283360481262
31,4778,0.91241055727005
31,9519,0.912375271320343
31,8726,0.9122295379638672
30,5428,0.9117644429206848
30,3786,0.9117459654808044
31,3602,0.9116799831390381
31,6507,0.9116799235343933
29,1789,0.9116778373718262
30,10062,0.9116605520248413
29,9046,0.9111804366111755
29,3925,0.910697877407074
31,730,0.9096052646636963
31,8499,0.909538745880127
29,9945,0.9089116454124451
29,2589,0.9084166288375854
31,8571,0.907589852809906
28,10898,0.9072631001472473
31,11959,0.907133162021637
31,4710,0.9070978760719299
30,1217,0.9070307016372681
30,9374,0.9064726233482361
30,339,0.9063560366630554
31,13304,0.9062514305114746
30,11504,0.9060434103012085
31,619,0.9051684141159058
31,11961,0.9051552414894104
31,5509,0.9046998023986816
29,3165,0.9041398763656616
30,8017,0.9039410352706909
29,1037,0.903815507888794
31,13255,0.9035143852233887
31,12174,0.9034898281097412
31,8095,0.9032601714134216
29,11180,0.9032423496246338
30,8953,0.9032150506973267
31,6648,0.9029877185821533
23,2565,0.902344822883606
31,5564,0.9022585153579712
28,13682,0.9018529653549194
31,13853,0.9002586603164673
31,13457,0.9002225399017334
31,272,0.9001778960227966
29,2318,0.8995804786682129
30,12602,0.8992910981178284
31,5514,0.8991286754608154
31,6345,0.8989923596382141
18,12797,0.8988634943962097
31,4384,0.8988051414489746
31,1520,0.898676872253418
31,6908,0.8985688090324402
31,3061,0.8981392979621887
31,8401,0.8977997899055481
31,3688,0.8977137804031372
31,3133,0.8976904153823853
30,8539,0.8973825573921204
30,5223,0.8971996307373047
29,2961,0.8971988558769226
30,3201,0.8971609473228455
30,4803,0.8969992399215698
30,10172,0.8966811299324036
29,12568,0.8966164588928223
31,424,0.8965135812759399
30,11089,0.8961123824119568
31,6704,0.8961009383201599
31,2153,0.8952931761741638
31,2003,0.8950760364532471
31,2948,0.8948726058006287
29,13217,0.8948693871498108
31,1756,0.8946588039398193
30,4523,0.8940721750259399
30,10139,0.8939481377601624
31,1969,0.8938319683074951
30,12744,0.8937573432922363
31,8607,0.8936982154846191
28,5273,0.8934807777404785
31,13266,0.8932658433914185
31,8622,0.8930349349975586
31,2180,0.8921497464179993
29,7906,0.8916389346122742
31,8410,0.8913359642028809
31,8760,0.891145646572113
31,6007,0.8905362486839294
30,1564,0.890072762966156
31,9145,0.8899433612823486
31,5287,0.8897596001625061
30,7356,0.8895395398139954
31,3689,0.8895101547241211
31,10595,0.8891310095787048
31,12899,0.889043927192688
22,1458,0.8883175849914551
30,2237,0.8880306482315063
31,13589,0.8879006505012512
30,9239,0.8874237537384033
29,4966,0.8872716426849365
31,10294,0.8872511386871338
31,2076,0.8872405886650085
31,8086,0.8867905735969543
31,6394,0.8866252899169922
29,7359,0.886377215385437
16,6521,0.8859100341796875
29,9869,0.8852302432060242
31,9818,0.8851877450942993
31,1978,0.8849931359291077
31,764,0.8848658800125122
31,6028,0.8848038911819458
31,7421,0.884619414806366
29,4743,0.884156346321106
30,8859,0.8833097219467163
29,3326,0.8833023905754089
31,4501,0.8832926154136658
30,12597,0.8828298449516296
31,5494,0.8827720880508423
31,7438,0.8824975490570068
31,12165,0.8817123174667358
29,4598,0.881280243396759
29,1327,0.8812597393989563
31,310,0.881209671497345
30,13048,0.880689799785614
31,11504,0.8803326487541199
31,7844,0.8801605105400085
31,8788,0.8799524903297424
27,8051,0.8799118399620056
31,7862,0.8794765472412109
31,2252,0.8794342279434204
31,12133,0.8792052865028381
31,11751,0.8791503310203552
30,13350,0.8788622617721558
30,13596,0.878852367401123
31,5711,0.8788449764251709
31,7710,0.8785160183906555
31,6907,0.8784326910972595
31,13441,0.8779804706573486
31,7888,0.8778988718986511
30,1674,0.8773580193519592
31,11573,0.8765165209770203
29,10686,0.8760973811149597
31,7514,0.8760141134262085
31,13593,0.8757707476615906
30,11937,0.8756023049354553
29,3798,0.8755377531051636
30,9209,0.875340461730957
31,6364,0.8742867708206177
31,6487,0.8738850951194763
28,9386,0.8737236261367798
31,1330,0.8733893036842346
30,6595,0.8727198839187622
31,1259,0.8722829818725586
31,4609,0.8717677593231201
31,13030,0.8716697692871094
30,2493,0.8716179728507996
29,12901,0.8713541626930237
18,3781,0.8711979985237122
31,2136,0.8708632588386536
29,8997,0.8705777525901794
31,13601,0.8699712753295898
30,2891,0.8695809245109558
30,8075,0.8694366216659546
30,4545,0.8692150712013245
30,9049,0.8690919280052185
31,13282,0.8685726523399353
31,8061,0.868553638458252
31,2572,0.8682518005371094
31,7146,0.8673167824745178
30,9130,0.8670323491096497
31,4485,0.8667179346084595
28,3359,0.8663543462753296
31,3751,0.8663498163223267
31,14061,0.8659809231758118
30,5035,0.865841269493103
30,14009,0.8649597764015198
31,10715,0.8647904396057129
29,13910,0.8643409609794617
31,5369,0.8641993999481201
29,5460,0.863881528377533
31,14010,0.8637761473655701
30,7055,0.8628138303756714
31,13455,0.8619240522384644
31,6536,0.8617386221885681
31,13183,0.8614630103111267
31,1239,0.8614270091056824
29,7328,0.8612096905708313
31,548,0.8609039187431335
31,7915,0.8608831763267517
31,4598,0.8608127236366272
30,3541,0.8608084321022034
31,3323,0.8605225086212158
29,12287,0.8603846430778503
31,11546,0.860368549823761
31,11071,0.859579861164093
29,6454,0.8591268658638
31,13871,0.8591130375862122
29,3783,0.8590362071990967
31,588,0.8590189218521118
31,656,0.8589686751365662
28,9166,0.8586493730545044
30,8179,0.8584824800491333
31,2694,0.8576573133468628
27,10722,0.8575930595397949
31,14021,0.8570865988731384
31,8508,0.8570177555084229
31,3599,0.8567495346069336
29,8002,0.8566917777061462
31,13883,0.8564110398292542
30,13670,0.8555152416229248
31,2675,0.854228138923645
31,6120,0.8541266918182373
28,8269,0.8535776734352112
30,9288,0.8535007238388062
28,5389,0.8534006476402283
27,13578,0.853365957736969
31,1337,0.853112518787384
31,5932,0.8531026840209961
31,6950,0.8529044985771179
29,12566,0.8527328968048096
31,10423,0.8524397015571594
31,1513,0.852168083190918
31,10521,0.8520986437797546
31,5915,0.8520101308822632
31,111,0.8519970178604126
28,9170,0.8512229323387146
31,4164,0.8511565327644348
30,9928,0.851020872592926
28,5580,0.8500812649726868
31,6628,0.8497458100318909
31,9528,0.84932941198349
30,8737,0.8493220806121826
7,2201,0.8486456871032715
30,12747,0.8475056886672974
31,6556,0.8474177718162537
30,13770,0.8467946648597717
30,3460,0.8467877507209778
31,2463,0.8460851907730103
31,14211,0.8459842801094055
29,987,0.8457912802696228
31,3010,0.8457378149032593
31,382,0.8457165360450745
31,3192,0.8456541299819946
31,3143,0.845342755317688
31,4734,0.844343900680542
31,915,0.8439436554908752
27,4913,0.8438794016838074
30,6616,0.8438062071800232
29,4735,0.8433865308761597
28,14107,0.8431013226509094
29,6652,0.8430156111717224
31,8431,0.8429484367370605
31,9261,0.8428261280059814
29,11252,0.8427423238754272
30,13638,0.842719316482544
31,12368,0.8422501683235168
31,9448,0.8419409394264221
31,7017,0.8408531546592712
31,9125,0.8407674431800842
31,10464,0.8404139876365662
31,13259,0.8400334119796753
30,4192,0.8399681448936462
27,2950,0.839515209197998
31,3860,0.8393803238868713
28,5661,0.8391296863555908
31,5231,0.8391256332397461
31,4626,0.8387322425842285
31,8784,0.8381938934326172
28,2341,0.8378024697303772
30,9403,0.8373624086380005
31,482,0.8370192050933838
31,5535,0.8369458913803101
31,1037,0.8367191553115845
31,12014,0.8367167711257935
29,11700,0.8363433480262756
31,8953,0.8356490731239319
26,7374,0.8355631232261658
28,11928,0.8353307843208313
30,11230,0.8349940180778503
16,226,0.8346729874610901
30,14118,0.8346627950668335
31,5345,0.8346578478813171
31,6600,0.8330766558647156
28,14227,0.8327034115791321
29,6609,0.8326278924942017
30,9612,0.8325009346008301
29,12187,0.8323795795440674
31,2047,0.8323376178741455
31,5850,0.8322724103927612
31,6015,0.8322141170501709
31,9387,0.8319558501243591
30,13471,0.8319138288497925
31,688,0.8316290974617004
31,8738,0.8316038846969604
30,8726,0.8306411504745483
27,12303,0.8301512002944946
31,3138,0.8297560214996338
31,3126,0.8295968770980835
30,7330,0.8294125199317932
26,4875,0.8294018507003784
31,13784,0.8290998935699463
29,2715,0.8284391164779663
31,799,0.8279468417167664
31,3012,0.8276727795600891
31,1979,0.8275827765464783
30,4152,0.8273818492889404
31,2431,0.8272609114646912
28,742,0.8263861536979675
31,5630,0.8259588479995728
30,14247,0.8257574439048767
24,13439,0.8252442479133606
31,11430,0.8251591324806213
31,13511,0.8249237537384033
30,6507,0.8248404860496521
29,10237,0.8248093724250793
31,8907,0.8243824243545532
29,13769,0.8239924311637878
30,13643,0.8234010934829712
31,9494,0.8226236701011658
31,1664,0.8219038248062134
31,3261,0.8217018842697144
31,8777,0.821473240852356
31,12889,0.8211190700531006
31,14124,0.8210336565971375
30,12725,0.8208255171775818
30,12456,0.8207621574401855
30,3175,0.820590615272522
31,1602,0.8201689720153809
30,7434,0.8201303482055664
28,233,0.8198845982551575
30,11802,0.8189038038253784
23,9731,0.8186495900154114
31,11291,0.8185003399848938
28,794,0.8173764944076538
29,9595,0.8170924186706543
31,9117,0.8168412446975708
30,2975,0.8167881965637207
31,13001,0.816419780254364
31,10725,0.8163086771965027
31,12710,0.8158959150314331
30,12137,0.8158175945281982
29,10557,0.8157684206962585
31,8384,0.8156144022941589
31,13448,0.8154129981994629
31,10131,0.8152225017547607
31,328,0.814932107925415
31,2525,0.8148999810218811
31,6665,0.8148518800735474
31,1630,0.8148277401924133
31,7485,0.8146726489067078
28,4948,0.8146191239356995
31,7560,0.8145999908447266
31,4793,0.8143429756164551
31,9475,0.8138688206672668
31,12130,0.8130655288696289
31,11344,0.8129162788391113
30,3584,0.8126254081726074
31,12604,0.8123025298118591
31,13034,0.812152624130249
31,12904,0.8114801645278931
30,12353,0.8111926317214966
31,9219,0.8106647729873657
31,10691,0.8104410171508789
30,656,0.8103616237640381
31,6127,0.8103071451187134
31,11239,0.8097673058509827
31,12527,0.8094303011894226
29,7953,0.8092848658561707
30,12220,0.8091332316398621
31,8697,0.8090083003044128
31,5259,0.8088341355323792
31,11847,0.8085802793502808
26,13688,0.8085644841194153
30,1261,0.8079355359077454
31,9955,0.8076528906822205
30,7106,0.8067857027053833
31,7212,0.8067520260810852
31,4560,0.8066667318344116
31,2919,0.8065395355224609
31,1714,0.8063339591026306
31,12379,0.8059995770454407
29,1374,0.8058735728263855
31,10040,0.8055091500282288
4,13075,0.8046795725822449
30,4261,0.8045280575752258
31,10452,0.8031784892082214
30,13571,0.8027544617652893
28,4915,0.802534818649292
31,2079,0.8017841577529907
31,11259,0.8017199635505676
31,10488,0.8015196323394775
30,1989,0.8014302253723145
28,2268,0.8010005950927734
31,13788,0.8009516596794128
31,232,0.8009306788444519
31,5866,0.8002665638923645
31,13654,0.8002448081970215
31,879,0.8001696467399597
29,9107,0.8000298738479614
31,7455,0.7999879717826843
31,2124,0.7999261617660522
31,10995,0.7994270324707031
24,5074,0.7994092702865601
31,9272,0.7993947863578796
29,6538,0.7993748784065247
30,4035,0.7992181777954102
30,13672,0.798995316028595
30,8662,0.7987837195396423
28,9902,0.7985421419143677
31,14303,0.7982898354530334
31,14210,0.7978862524032593
29,9989,0.7975404262542725
31,5676,0.7975176572799683
31,7758,0.7974436283111572
31,2604,0.7973392009735107
31,92,0.7969527840614319
28,985,0.7965646982192993
31,8652,0.7962424159049988
29,3732,0.795809268951416
29,156,0.7957728505134583
28,11442,0.7957648038864136
31,13650,0.7952613234519958
31,13677,0.7950618267059326
31,2419,0.7950325012207031
31,9665,0.7949027419090271
31,1236,0.7948797345161438
30,10389,0.7948410511016846
29,9606,0.7945302128791809
30,3437,0.7942935228347778
30,1375,0.7939099073410034
31,3620,0.7937049269676208
29,1928,0.7935115098953247
31,4064,0.7935059666633606
26,10717,0.7934388518333435
31,9663,0.7932164669036865
30,11870,0.7931161522865295
31,2101,0.7927965521812439
29,11384,0.7927452325820923
31,2636,0.7917270660400391
24,2804,0.7912318110466003
31,6464,0.7909371852874756
31,8047,0.7909023761749268
27,12078,0.7906268239021301
31,11062,0.7903241515159607
31,12087,0.7902539372444153
31,1493,0.7901835441589355
28,8401,0.789879322052002
31,1977,0.789794921875
31,10323,0.7897871136665344
31,6082,0.7892428636550903
30,7060,0.7891348600387573
31,4035,0.7890912890434265
31,11322,0.7888908982276917
28,3998,0.7876265048980713
31,11482,0.78728187084198
29,8636,0.7872511148452759
31,377,0.787144660949707
31,1176,0.7869976758956909
30,212,0.7868304252624512
30,5943,0.7863331437110901
30,210,0.7860230207443237
29,2666,0.7859838604927063
29,3456,0.7857486605644226
31,10997,0.7854806780815125
31,10653,0.7850974202156067
31,5852,0.7845609188079834
29,3209,0.7840080857276917
29,2269,0.7839421033859253
30,7428,0.7837949395179749
31,1240,0.7837289571762085
31,9454,0.7833677530288696
31,4629,0.7832501530647278
28,855,0.7831389307975769
30,6448,0.7831042408943176
31,1614,0.7827051877975464
27,12343,0.7826551795005798
28,9736,0.7826034426689148
31,11563,0.782599925994873
31,7193,0.7825276255607605
29,6647,0.7817435264587402
31,6694,0.781628429889679
31,693,0.7815609574317932
31,2889,0.7811469435691833
29,2702,0.780988335609436
31,5837,0.7808313369750977
30,10782,0.7806100845336914
31,4720,0.7803165316581726
31,2852,0.7801614999771118
31,786,0.7798985838890076
30,10006,0.7798834443092346
31,6437,0.7797254920005798
31,7908,0.7795213460922241
29,843,0.7795069813728333
31,8232,0.7794128656387329
31,3330,0.7794126868247986
31,420,0.7792280912399292
30,1077,0.7791951894760132
31,8287,0.779125988483429
31,6650,0.7778053879737854
31,12101,0.7775629758834839
29,11794,0.7775522470474243
31,9529,0.7774367928504944
9,11079,0.7773942351341248
30,3314,0.7772554755210876
31,12156,0.7770562171936035
28,2001,0.7763424515724182
31,4862,0.7759023308753967
31,13203,0.7754645943641663
28,6178,0.7753632664680481
31,9768,0.7753516435623169
30,11570,0.7752864956855774
30,11560,0.7748554944992065
31,254,0.7748194932937622
31,14113,0.7746952176094055
25,7040,0.7746422290802002
28,12928,0.774358868598938
19,10419,0.7738999128341675
28,8165,0.7738310694694519
29,13790,0.7738016247749329
31,10158,0.7737760543823242
31,3376,0.7729700207710266
30,2950,0.7729371190071106
31,3950,0.772790789604187
23,13141,0.7724021673202515
31,5448,0.772164523601532
31,5414,0.7721467018127441
31,4594,0.7719167470932007
28,7127,0.7716795206069946
30,4224,0.7711539268493652
31,2476,0.7709765434265137
29,1848,0.7706505060195923
29,9424,0.7702183127403259
30,14219,0.7701604962348938
31,5111,0.7700611352920532
31,3191,0.769704282283783
31,4098,0.7691429853439331
30,1777,0.7689559459686279
31,7332,0.7685062289237976
31,5808,0.7685052752494812
31,6913,0.7682510614395142
29,9190,0.7671838998794556
26,11343,0.7671715617179871
31,9579,0.7666754722595215
31,2092,0.7663573026657104
30,11858,0.7658132314682007
30,12615,0.7657725811004639
31,1340,0.764769434928894
30,7053,0.7642772793769836
30,213,0.7637457251548767
31,6289,0.7635177969932556
31,4892,0.7631372213363647
28,11122,0.7629384994506836
29,812,0.7622530460357666
29,12382,0.7622300386428833
29,6731,0.7619206309318542
30,5985,0.7619057297706604
30,6036,0.7617230415344238
29,12322,0.7616600394248962
31,7468,0.7613880634307861
29,1338,0.7613036632537842
30,11415,0.7609112858772278
31,4022,0.7608817219734192
30,2302,0.7604514956474304
30,7574,0.7603684067726135
31,6442,0.7601152658462524
28,10052,0.7600178718566895
31,5460,0.7591171860694885
31,10333,0.7591050863265991
31,9889,0.7587404251098633
30,11269,0.758598268032074
21,8356,0.7584577202796936
29,5,0.7579728364944458
29,12072,0.7579483985900879
30,78,0.7576611638069153
30,5868,0.7573695778846741
31,2049,0.756816029548645
30,198,0.7565392851829529
30,11883,0.7563434839248657
30,7745,0.7562474608421326
31,13585,0.7560794949531555
31,9437,0.7559962272644043
31,1135,0.7554911375045776
30,11574,0.755199134349823
31,4677,0.7550384998321533
31,7411,0.7547938823699951
30,9478,0.7545909881591797
31,4829,0.7545648813247681
31,3607,0.7543681859970093
31,3732,0.7542110085487366
31,1537,0.7536965012550354
31,400,0.7536782026290894
31,4885,0.7527643442153931
31,5769,0.7519330978393555
31,9399,0.7516817450523376
31,11301,0.7516811490058899
31,1688,0.7514007687568665
31,13802,0.751380443572998
27,4506,0.7511129975318909
31,13599,0.7507285475730896
31,200,0.7507192492485046
29,1297,0.750710129737854
31,13842,0.7506905198097229
30,13227,0.750656008720398
30,8778,0.7502599358558655
31,13819,0.7497009634971619
29,13656,0.7494207620620728
30,2144,0.7491282224655151
31,8855,0.7490107417106628
31,3568,0.7489198446273804
29,11525,0.748794674873352
31,13683,0.7482827305793762
30,2619,0.7481815218925476
30,872,0.747054398059845
29,61,0.7466136813163757
30,2151,0.746556282043457
31,9915,0.7459386587142944
29,12896,0.7459136247634888
31,11921,0.7457929849624634
31,7093,0.7452858090400696
21,12915,0.745249330997467
30,324,0.745230495929718
31,14219,0.7450562119483948
31,5248,0.7450418472290039
30,3655,0.7446266412734985
31,9578,0.7445282936096191
31,11077,0.7439883947372437
31,1091,0.7435272932052612
30,7550,0.743445873260498
29,2560,0.7432307600975037
31,8450,0.7430109977722168
29,8088,0.7428172826766968
31,9553,0.7427562475204468
30,4547,0.7427159547805786
31,2366,0.7425843477249146
24,3394,0.7419883608818054
30,8661,0.7414566278457642
31,9360,0.7412679195404053
30,6570,0.7412549257278442
31,8792,0.7412126064300537
31,9739,0.7411457896232605
28,8661,0.7408781051635742
31,6775,0.7406101822853088
31,9326,0.7401943802833557
31,9716,0.7401857376098633
31,289,0.7401238083839417
28,8602,0.7400628328323364
30,2172,0.7398466467857361
31,10436,0.7397209405899048
29,1393,0.7397130131721497
30,222,0.7394102215766907
31,12888,0.7392403483390808
31,2647,0.7391822338104248
30,3076,0.7391348481178284
31,9465,0.7389208078384399
29,235,0.7387595772743225
31,2139,0.7381746768951416
31,1042,0.7377351522445679
31,4328,0.7377193570137024
30,8101,0.7373465299606323
31,1298,0.7371317744255066
31,13724,0.7365497946739197
28,11781,0.7362410426139832
31,2449,0.7360784411430359
29,13056,0.7360702157020569
31,695,0.735796332359314
30,6327,0.73514324426651
31,11707,0.7350085377693176
31,10168,0.734826922416687
31,7553,0.7347299456596375
31,12091,0.7347160577774048
28,11292,0.7344297170639038
30,5042,0.7344179153442383
29,2760,0.733860433101654
29,3475,0.7338506579399109
30,253,0.733838677406311
31,10513,0.7338160872459412
31,11626,0.7337116599082947
31,5161,0.7335048913955688
31,14254,0.7333155274391174
30,1086,0.7332811951637268
31,1109,0.7331849336624146
31,13150,0.733142614364624
30,13989,0.7329981923103333
31,803,0.7326456308364868
31,4434,0.7326391935348511
31,8156,0.7324400544166565
31,11990,0.7323313355445862
31,13894,0.7319583296775818
31,2266,0.7315182089805603
31,3971,0.7305759787559509
30,9464,0.7304320335388184
27,3267,0.7302326560020447
31,4059,0.7294342517852783
31,516,0.7291085124015808
30,11921,0.7287108898162842
29,7514,0.7285391688346863
31,11010,0.7284733653068542
29,5078,0.7284498810768127
31,10258,0.7281537055969238
31,870,0.7280819416046143
31,186,0.7280640602111816
31,9242,0.72803795337677
29,7389,0.7273898124694824
31,13176,0.7272979617118835
31,2404,0.7271816730499268
31,1031,0.7271766662597656
31,2078,0.7269853353500366
29,8916,0.726925253868103
31,7535,0.7268568873405457
31,3054,0.7267649173736572
31,4690,0.7267460823059082
10,580,0.726513683795929
30,11453,0.726355254650116
31,5685,0.726348876953125
20,3811,0.7261530756950378
30,4438,0.7261060476303101
29,9800,0.7260192036628723
30,10235,0.725848913192749
29,13690,0.7257741093635559
30,4518,0.7257612347602844
31,3431,0.7252932786941528
31,3749,0.7251570224761963
29,11475,0.7250880599021912
30,10999,0.7250732779502869
31,13967,0.7242304682731628
31,6001,0.723905622959137
31,10007,0.7235099077224731
28,7326,0.7235038876533508
30,6844,0.7233633399009705
30,5837,0.7232652902603149
31,8333,0.7231419086456299
29,2135,0.7224699258804321
28,12832,0.7221683263778687
31,3791,0.7217904329299927
31,13210,0.7213465571403503
31,10278,0.7213201522827148
30,10532,0.7212842106819153
31,3764,0.7211940884590149
31,14286,0.7208181619644165
31,11305,0.7207626700401306
29,4834,0.7206407785415649
30,6051,0.7205265164375305
29,13257,0.72046959400177
30,13984,0.7201062440872192
31,10761,0.7199767827987671
31,10792,0.7194631099700928
31,1190,0.7190632820129395
31,13767,0.7187861800193787
26,3526,0.7181357741355896
31,4112,0.7181082963943481
30,5758,0.7177360653877258
30,12107,0.7176710963249207
31,4392,0.7174975872039795
31,8229,0.717424213886261
30,8394,0.7172532081604004
31,9521,0.7168242931365967
31,442,0.7166607975959778
29,11592,0.7164499163627625
31,1220,0.7164487838745117
29,2410,0.7160568833351135
30,10723,0.7160050272941589
31,4400,0.7155249118804932
28,1022,0.7152530550956726
31,3251,0.7151325941085815
31,5393,0.7145569324493408
31,7826,0.7144680023193359
31,1800,0.7143102884292603
31,9940,0.7142630815505981
30,10763,0.7142276763916016
31,6800,0.7140453457832336
31,7522,0.7136552929878235
30,13704,0.713627278804779
31,1460,0.713494598865509
29,2037,0.713117778301239
30,9391,0.7124672532081604
31,8163,0.7123619914054871
31,4810,0.7122278213500977
26,5839,0.7119287848472595
31,3397,0.7117278575897217
31,205,0.7116550803184509
31,6096,0.7113126516342163
31,2317,0.7102646827697754
31,3672,0.7102431654930115
27,13122,0.7101576328277588
31,11843,0.7100765705108643
31,13595,0.7100344896316528
31,12881,0.7098807692527771
31,3273,0.7098435163497925
31,3399,0.7096209526062012
29,2572,0.7094625234603882
31,9231,0.7093098163604736
31,8038,0.7092932462692261
31,2029,0.7091907262802124
31,260,0.7091737389564514
31,2030,0.7088810801506042
31,180,0.7087917923927307
30,6499,0.7087661027908325
30,9389,0.7085518836975098
31,2786,0.7085114121437073
30,7352,0.7084982991218567
31,2381,0.7082136869430542
31,6844,0.7081001996994019
31,2875,0.7078600525856018
29,1361,0.7072644233703613
31,4037,0.7065204977989197
28,1324,0.7061690092086792
31,1495,0.7061429023742676
31,1405,0.7061368227005005
30,5739,0.7059907913208008
29,1168,0.7059464454650879
30,6462,0.7056890726089478
30,1495,0.7056780457496643
31,816,0.7056580185890198
30,1253,0.7050041556358337
31,2483,0.7046324014663696
31,13059,0.7045782208442688
30,14276,0.7045713067054749
31,8214,0.7044549584388733
30,7872,0.7038994431495667
29,6128,0.7038913369178772
29,12303,0.7035597562789917
31,5996,0.7034630179405212
19,2005,0.7034577131271362
20,13395,0.7033928036689758
30,10614,0.7032110691070557
31,7302,0.7030813694000244
30,11744,0.70274817943573
31,6926,0.7027172446250916
30,3535,0.7026770710945129
31,4876,0.7023163437843323
29,13873,0.7022899985313416
30,8893,0.7013803720474243
29,6606,0.7010495066642761
31,12611,0.6999463438987732
29,13673,0.6999209523200989
29,11732,0.6995760798454285
21,7682,0.6991309523582458
29,6783,0.6990707516670227
31,11543,0.6989533305168152
30,8429,0.6980925798416138
31,14143,0.6978230476379395
16,11209,0.6977038979530334
31,11235,0.6976874470710754
17,6439,0.6973431706428528
31,10412,0.6970167756080627
31,632,0.6967359781265259
31,8200,0.6967117786407471
31,9291,0.6966947913169861
31,14198,0.6963199973106384
31,8098,0.6960552334785461
29,7548,0.6952823400497437
28,8945,0.6950658559799194
31,1678,0.6943556666374207
31,2137,0.6943497061729431
29,9000,0.6942225098609924
30,1745,0.6940320134162903
31,5062,0.6938611268997192
31,10955,0.6936144828796387
31,3828,0.6935804486274719
28,5670,0.6935505270957947
31,11313,0.6934549808502197
28,4140,0.6933689117431641
30,5961,0.6933395862579346
31,882,0.693220853805542
30,215,0.6930652260780334
31,5068,0.6928241848945618
29,9005,0.6923770308494568
31,9801,0.692169725894928
29,10385,0.6921669840812683
30,12184,0.6917288899421692
28,1484,0.6915094256401062
4,3572,0.6915072798728943
28,10706,0.6910095810890198
31,8952,0.6909847259521484
31,2420,0.6908761858940125
31,3727,0.6908314228057861
30,85,0.6904354691505432
31,4920,0.6899354457855225
30,9634,0.6897419691085815
31,10238,0.6896542310714722
30,6790,0.6895459294319153
31,7637,0.6893024444580078
31,10703,0.6888666749000549
26,14281,0.6887094378471375
29,3181,0.6886086463928223
31,8984,0.6884744763374329
29,11179,0.6878433227539062
30,6606,0.6875279545783997
31,2594,0.6868271231651306
30,10327,0.6864280104637146
30,5423,0.6862781047821045
29,7238,0.6860970854759216
30,9074,0.6856354475021362
31,8172,0.6854972243309021
29,10575,0.6854141354560852
31,12043,0.6851564049720764
28,10043,0.6849285960197449
31,10990,0.6848154664039612
29,10485,0.6847238540649414
30,9304,0.6845491528511047
28,7568,0.6844761371612549
31,110,0.6842541098594666
31,9592,0.6841745376586914
31,8794,0.6838299632072449
31,13981,0.683793842792511
31,635,0.683623194694519
31,1098,0.6836182475090027
31,12837,0.6835942268371582
28,13114,0.6835469007492065
28,4905,0.683199405670166
31,6639,0.6830888986587524
29,13378,0.6829996109008789
31,5144,0.6829524636268616
30,6954,0.6827130913734436
30,566,0.6827110052108765
16,7048,0.6825931668281555
31,9538,0.6825605034828186
29,9042,0.6823586225509644
29,5450,0.6821104884147644
30,4743,0.68206387758255
31,3055,0.6819854378700256
31,9050,0.6817440986633301
22,9043,0.6817058324813843
30,890,0.6816322803497314
29,11937,0.681588351726532
31,5750,0.6812329292297363
30,9504,0.6811803579330444
31,5939,0.6810969114303589
31,6615,0.6806716918945312
24,4190,0.6803931593894958
31,7192,0.680389940738678
31,5403,0.6799399256706238
29,7946,0.679903507232666
29,3133,0.6793721318244934
31,10502,0.6792930960655212
30,1318,0.6792376637458801
31,10122,0.6788526773452759
31,9432,0.6786197423934937
31,3099,0.6784799098968506
31,5412,0.6782752275466919
30,9642,0.6780238151550293
31,10758,0.6779177784919739
28,12707,0.6776784062385559
28,447,0.677638590335846
23,306,0.6768963932991028
31,9941,0.6767372488975525
31,2646,0.6766319870948792
30,8061,0.6765542030334473
31,4305,0.6765065789222717
31,3701,0.6762357950210571
29,5986,0.6758751273155212
31,10010,0.6758245229721069
31,485,0.6757672429084778
31,7866,0.6755202412605286
31,7117,0.6753527522087097
31,9127,0.6751840710639954
31,13520,0.6750234365463257
29,11909,0.6748615503311157
31,1201,0.674704372882843
31,12200,0.6742956638336182
31,12323,0.673839271068573
27,3960,0.6738157272338867
31,12021,0.6735853552818298
31,10673,0.6735241413116455
31,13834,0.6734102964401245
31,5044,0.672967791557312
31,1129,0.6725903749465942
31,9968,0.6725754737854004
31,4652,0.6723160743713379
31,11492,0.6720630526542664
31,10225,0.6716349124908447
29,12488,0.671492874622345
31,9858,0.6714226007461548
31,8205,0.6705756187438965
25,7647,0.6702352166175842
31,3589,0.6700087189674377
31,12399,0.6698971390724182
31,8700,0.66971355676651
30,7242,0.6691197752952576
31,11396,0.6690218448638916
31,11409,0.6687861084938049
29,3525,0.6686785817146301
29,11600,0.668655514717102
30,7311,0.668637752532959
30,851,0.6686095595359802
30,8461,0.6683370471000671
28,12160,0.6679534316062927
31,3024,0.6678157448768616
29,3512,0.6677860021591187
31,6897,0.6675280928611755
29,14054,0.666961133480072
30,5493,0.6667625308036804
29,12466,0.6659456491470337
31,7794,0.6658926010131836
30,5877,0.6657676100730896
31,2491,0.6655463576316833
29,7839,0.6655070781707764
31,8663,0.6653861403465271
31,13404,0.6652776002883911
31,1798,0.6651298999786377
31,9691,0.6650464534759521
27,611,0.664871335029602
30,6927,0.6645474433898926
28,13357,0.6645169854164124
28,13262,0.6641965508460999
31,10908,0.664082407951355
30,5922,0.6640088558197021
27,2904,0.6640068292617798
31,10522,0.663611650466919
30,1125,0.663540780544281
31,11428,0.6634143590927124
30,2972,0.6631752848625183
30,12085,0.6630268692970276
31,13122,0.6629774570465088
30,305,0.6629347205162048
31,13313,0.6628063321113586
30,2024,0.6627675890922546
29,1710,0.6627480387687683
30,11185,0.6626510620117188
31,12896,0.6624978184700012
31,8464,0.6623875498771667
31,1462,0.6623699069023132
31,1206,0.6622738838195801
31,12342,0.6618208289146423
31,2518,0.6617982983589172
31,2439,0.6613550186157227
30,1631,0.6612655520439148
30,7947,0.6612590551376343
31,6491,0.6609134078025818
31,12447,0.6607593297958374
31,1247,0.6607075333595276
28,6549,0.6606510877609253
31,10204,0.6605954766273499
31,5,0.6602550745010376
31,7449,0.660150945186615
31,6494,0.6600599884986877
27,5142,0.6600381135940552
30,464,0.6596094369888306
30,12582,0.6594257354736328
31,11286,0.6593974828720093
30,1563,0.6593865156173706
31,9015,0.6593143939971924
31,6130,0.6592745780944824
31,13668,0.6589635014533997
29,2385,0.6589407324790955
28,3909,0.658288300037384
31,12256,0.6581035852432251
27,4185,0.6580665111541748
31,5891,0.6578808426856995
29,10799,0.657848060131073
30,13680,0.6576364040374756
30,5855,0.657129168510437
31,10922,0.6569859385490417
28,8012,0.6566539406776428
31,13432,0.6564383506774902
30,10856,0.6562761664390564
30,1528,0.6561303734779358
31,4101,0.6560403108596802
29,5025,0.6553557515144348
29,4675,0.6550422310829163
31,3393,0.6549946665763855
28,14244,0.6549520492553711
24,9342,0.6548183560371399
31,10097,0.6546995639801025
31,9466,0.6546973586082458
28,9753,0.6544432044029236
30,12515,0.654220461845398
27,5147,0.6541445851325989
29,12605,0.6537889242172241
29,10050,0.6533985733985901
30,5831,0.6532133221626282
30,11297,0.6529589295387268
29,6752,0.6527857184410095
31,2524,0.6527379751205444
31,11177,0.6527328491210938
31,9296,0.6526403427124023
31,9516,0.6525965332984924
28,9799,0.6524270176887512
31,2288,0.6523789167404175
30,9282,0.6522229313850403
31,7391,0.6521661281585693
23,13591,0.6521431803703308
31,77,0.6518406867980957
29,6188,0.6516433358192444
29,10186,0.65153568983078
30,1500,0.6510945558547974
27,8731,0.6509498953819275
28,444,0.6509189009666443
31,1130,0.6507651805877686
31,5189,0.6507346034049988
31,12719,0.6505619883537292
31,11510,0.6501907110214233
30,9709,0.6501822471618652
29,13302,0.6501652002334595
31,2566,0.6487095952033997
31,2822,0.6485275030136108
29,13358,0.6484847664833069
31,73,0.6479024291038513
29,14025,0.647743284702301
30,3843,0.6474980115890503
30,705,0.6474425792694092
30,6728,0.6474284529685974
31,3887,0.6473827362060547
31,13091,0.6472296118736267
31,13862,0.6472113132476807
29,3311,0.6471889019012451
31,327,0.6467298269271851
29,11202,0.6464642286300659
29,9083,0.6463885307312012
31,7458,0.6463847160339355
31,4685,0.6463484168052673
31,906,0.6460667848587036
30,10607,0.6459843516349792
28,12364,0.645840585231781
31,5722,0.64572674036026
31,2712,0.6455651521682739
31,9504,0.6449910998344421
31,13847,0.6445222496986389
28,11522,0.6444893479347229
31,5785,0.644451379776001
31,10805,0.64433753490448
23,6839,0.6439035534858704
31,12771,0.6438762545585632
31,12819,0.6437865495681763
29,13967,0.6436747312545776
31,12344,0.6432334780693054
31,12028,0.6430718898773193
31,13812,0.6428918242454529
31,13063,0.642586886882782
31,13519,0.6423333287239075
29,7197,0.6423121094703674
21,3477,0.6419284343719482
28,4546,0.6416336894035339
31,13229,0.6416056156158447
31,6887,0.6415238380432129
30,8700,0.6410005688667297
31,233,0.6408507823944092
29,2754,0.6407708525657654
31,2229,0.6403902769088745
31,7693,0.6400768756866455
31,1170,0.6400633454322815
30,3331,0.6398806571960449
31,565,0.6396869421005249
31,2928,0.6395418047904968
29,14021,0.6392172574996948
31,10244,0.6382958889007568
30,12259,0.6381773948669434
31,6041,0.6377338171005249
31,10001,0.6377245783805847
30,4950,0.6376959681510925
31,7007,0.637626051902771
30,1457,0.6375672221183777
7,13106,0.6374318599700928
30,4809,0.6370688676834106
29,11833,0.6369882822036743
31,4537,0.6369528770446777
31,7340,0.6367059946060181
31,12540,0.6366220712661743
31,4985,0.6365285515785217
30,172,0.6365206837654114
31,5762,0.6365091800689697
28,12825,0.6363739967346191
31,13496,0.6360729932785034
29,4327,0.6360352039337158
19,5247,0.6359642744064331
31,7264,0.635604977607727
28,1711,0.6351507306098938
31,14071,0.6350380182266235
30,7953,0.6347469687461853
25,8363,0.6346368789672852
24,3718,0.6345561742782593
24,714,0.6343264579772949
29,3022,0.634262204170227
30,4323,0.634202778339386
28,2697,0.6339758038520813
31,4302,0.6339528560638428
29,808,0.6339430212974548
29,3629,0.6338204145431519
31,9796,0.6334100365638733
31,9954,0.6333906650543213
31,11699,0.6331939697265625
31,1934,0.6331047415733337
29,14031,0.6329944729804993
27,3231,0.6325054168701172
30,6066,0.6323944330215454
31,6173,0.6323214769363403
28,639,0.6322569847106934
25,11622,0.6321989893913269
31,8671,0.6321024298667908
31,4736,0.6320998072624207
30,11449,0.6320241689682007
31,6700,0.6318790316581726
30,13377,0.631683886051178
30,2601,0.6316570043563843
29,11051,0.6315772533416748
29,10655,0.631187915802002
31,7365,0.630548357963562
31,12721,0.6301110982894897
30,12775,0.6298995018005371
31,6687,0.6298230290412903
31,10788,0.6297187209129333
30,13201,0.6294854283332825
31,8698,0.6294407844543457
30,7570,0.6293660402297974
31,7155,0.6289166212081909
31,8319,0.6288992762565613
29,11696,0.628535270690918
30,8026,0.6284472942352295
31,1677,0.6284399628639221
31,1085,0.6281417608261108
31,11952,0.628118097782135
23,6893,0.6280343532562256
22,4433,0.6279990673065186
31,14256,0.6279398202896118
31,5123,0.6276575922966003
31,2522,0.6276499629020691
26,12113,0.6274099946022034
30,2341,0.6271571516990662
30,1617,0.6269606947898865
31,1309,0.6268332600593567
29,6579,0.6263526082038879
25,9848,0.6261539459228516
31,10588,0.6258063316345215
31,5728,0.6255229711532593
31,5324,0.6254101991653442
31,12034,0.6253342032432556
31,1437,0.6253332495689392
31,6861,0.6252180337905884
31,11583,0.6251339316368103
21,13408,0.6250806450843811
31,124,0.6250531673431396
31,2639,0.6248481869697571
28,11478,0.6239022612571716
31,6105,0.6238828897476196
28,3424,0.6237868070602417
31,2495,0.6237584352493286
30,13913,0.6236612796783447
31,8240,0.6233812570571899
31,10783,0.623257577419281
31,11768,0.6229829788208008
31,11414,0.6228998899459839
30,2794,0.6227483749389648
31,2799,0.6224173903465271
28,5730,0.6222537755966187
31,11158,0.6220628023147583
31,11850,0.6218435168266296
31,10271,0.6217346787452698
31,10622,0.6217319965362549
27,10208,0.6216732859611511
31,4622,0.6216605305671692
31,13762,0.6214752197265625
31,13020,0.6214725971221924
31,1541,0.6214527487754822
31,11816,0.6214219927787781
29,10425,0.6211691498756409
31,13056,0.6208587288856506
31,13825,0.6208428740501404
31,3282,0.6207992434501648
31,6588,0.620618999004364
31,7289,0.6201656460762024
29,4576,0.6201032996177673
31,12061,0.619884729385376
30,10849,0.6198351979255676
29,4094,0.6196674704551697
3,9038,0.6193032264709473
30,7565,0.619254469871521
31,910,0.6187480688095093
31,9903,0.6187375783920288
31,4577,0.618669867515564
29,4513,0.618579626083374
30,9333,0.6182610392570496
31,13440,0.6180460453033447
23,11577,0.6179974675178528
31,319,0.6179530620574951
31,2345,0.6178945899009705
28,1089,0.6178551912307739
31,3605,0.6176812648773193
24,13668,0.6176236271858215
31,775,0.6173414587974548
30,4262,0.617293655872345
30,2085,0.6171799898147583
28,10188,0.6170876026153564
31,8242,0.6170803904533386
31,4757,0.6169838309288025
30,3404,0.6169628500938416
31,3119,0.6168920993804932
30,4663,0.6168847680091858
31,8819,0.6167929768562317
30,5277,0.6167190074920654
31,3420,0.6165384650230408
31,13228,0.6160008311271667
31,10883,0.6159662008285522
31,5909,0.6156812906265259
29,3123,0.6154868602752686
31,5489,0.6150540113449097
30,9965,0.6148049831390381
31,8058,0.6144977807998657
31,8562,0.6144850254058838
31,9547,0.6143233180046082
31,316,0.6141900420188904
31,2936,0.6141255497932434
30,13193,0.6140033006668091
30,740,0.6138837933540344
31,8999,0.6135819554328918
30,6659,0.6134977340698242
28,1980,0.6133044362068176
26,1878,0.6131991744041443
30,12863,0.6131538152694702
22,9542,0.6128669381141663
27,10424,0.6126098036766052
30,195,0.6125985383987427
31,3351,0.6121204495429993
29,4239,0.6120564937591553
31,14011,0.6120268702507019
31,9419,0.6120261549949646
31,1835,0.6119515895843506
29,12091,0.6117211580276489
31,7486,0.6112356781959534
23,4767,0.6111913323402405
30,4389,0.6110461950302124
30,2627,0.6109273433685303
31,5193,0.6102103590965271
31,4510,0.6101638078689575
31,11903,0.6101216077804565
31,9155,0.6100673079490662
31,9046,0.6098983287811279
28,14096,0.6098854541778564
30,10101,0.6093542575836182
30,4875,0.6090442538261414
28,9085,0.6088164448738098
31,6038,0.6087778806686401
30,6095,0.6087172627449036
29,13405,0.6085027456283569
28,6709,0.6084383130073547
31,11321,0.608253538608551
31,11598,0.6081694960594177
28,5387,0.6079526543617249
29,7414,0.6077367663383484
22,1685,0.6076740026473999
29,12738,0.6074008345603943
28,12079,0.6071869730949402
30,12149,0.6068733930587769
31,11692,0.6066986322402954
30,2539,0.6063620448112488
28,6989,0.60621178150177
31,8120,0.6061350703239441
29,11643,0.6048977971076965
28,1648,0.6047553420066833
31,4934,0.6046393513679504
31,6249,0.6044598817825317
26,9783,0.6038687825202942
31,11919,0.603527307510376
31,5529,0.6035252213478088
31,7315,0.6033860445022583
31,890,0.6032675504684448
31,12801,0.6031648516654968
31,12270,0.6027679443359375
31,13808,0.6027348041534424
30,3600,0.6026868224143982
29,5190,0.602588415145874
31,9837,0.6023741364479065
28,5679,0.6020992994308472
31,3032,0.6020183563232422
31,3130,0.6020081043243408
31,5003,0.6017054319381714
31,6086,0.6017014980316162
29,1099,0.6015015840530396
29,7348,0.601121723651886
31,7658,0.6007551550865173
29,1559,0.6004679203033447
27,1133,0.600272536277771
31,1323,0.6002704501152039
31,4528,0.6001284718513489
30,9883,0.6000893115997314
31,210,0.6000884771347046
30,2655,0.5996189117431641
31,11160,0.5992881655693054
31,4095,0.5989683866500854
31,3661,0.5988970994949341
31,14090,0.5988031029701233
28,2847,0.5981214046478271
30,14210,0.5976516008377075
29,1511,0.5975910425186157
31,5334,0.5975812673568726
28,12468,0.5975288152694702
31,9447,0.5974718332290649
31,13324,0.5974501371383667
30,12434,0.5974447727203369
31,8812,0.5970205068588257
31,10949,0.5969594717025757
28,5765,0.5968126654624939
29,4818,0.5966483354568481
30,7990,0.5966386795043945
29,13757,0.5964643955230713
29,10743,0.5963705778121948
31,9846,0.5962607860565186
31,1078,0.5961863994598389
31,10140,0.5961201190948486
31,13416,0.596018373966217
30,1991,0.5958544015884399
29,9221,0.5956749320030212
31,1609,0.5956159830093384
30,5359,0.5955991744995117
31,9061,0.5951457619667053
31,13851,0.5951117277145386
9,12312,0.5950427651405334
30,2927,0.5950279235839844
31,5399,0.594980001449585
31,3600,0.5947779417037964
30,11317,0.5947169065475464
30,1575,0.5945310592651367
29,3815,0.5944167375564575
31,9205,0.5942435264587402
31,9589,0.5939231514930725
28,4183,0.5938280820846558
31,6484,0.5937201976776123
31,5277,0.5936427712440491
30,9918,0.5930156707763672
31,785,0.5929871797561646
31,5908,0.5929823517799377
31,2939,0.5929378271102905
31,7176,0.5928623080253601
31,1370,0.5927835702896118
31,105,0.5927536487579346
28,14117,0.592613935470581
16,11277,0.5926013588905334
30,4238,0.5925799608230591
30,12780,0.5925760865211487
31,350,0.5924218893051147
31,2043,0.5923497676849365
31,667,0.5922244191169739
29,1415,0.5921749472618103
29,11219,0.5921571850776672
31,11985,0.5921521782875061
31,8591,0.5918453335762024
30,513,0.5914759635925293
29,1180,0.5912609696388245
31,11015,0.5910415649414062
31,12836,0.590927004814148
31,11585,0.5908274054527283
30,5818,0.5907753109931946
29,6442,0.5903046131134033
31,6452,0.5902606844902039
30,2734,0.590251088142395
31,12286,0.5901599526405334
31,5655,0.5899839401245117
30,2441,0.5899710655212402
31,1092,0.5898335576057434
31,4915,0.5897107720375061
29,12053,0.5897077322006226
21,4452,0.589458703994751
30,11054,0.5893776416778564
28,8104,0.5892367959022522
29,10520,0.5890236496925354
31,5028,0.5889907479286194
28,966,0.5889691710472107
31,5838,0.5889077186584473
31,8766,0.5885192155838013
31,12768,0.5882424712181091
31,11172,0.588186502456665
29,1246,0.5881360173225403
31,2891,0.587948739528656
31,12750,0.5878085494041443
29,14288,0.5877989530563354
31,12089,0.5876956582069397
31,11777,0.5876485109329224
31,1941,0.5874908566474915
30,7505,0.5873518586158752
31,9452,0.5872279405593872
28,12424,0.5870879888534546
30,5871,0.5869398713111877
28,6955,0.5869198441505432
30,5764,0.586631178855896
29,10901,0.5864647626876831
29,6324,0.5864647626876831
30,7973,0.5863173604011536
31,14080,0.5859259366989136
31,13621,0.5859119892120361
29,5534,0.5858154296875
31,7474,0.5857248902320862
31,3989,0.5855729579925537
31,7307,0.5855538249015808
31,1374,0.5853245854377747
29,4048,0.5853109359741211
29,12697,0.5852624177932739
28,6424,0.5851269364356995
31,7954,0.5848396420478821
27,13883,0.5848308801651001
31,10153,0.5847994089126587
29,1383,0.5847293138504028
31,639,0.5846728086471558
31,2898,0.5845332145690918
31,11471,0.5840229392051697
30,3635,0.5837037563323975
29,3453,0.5835679173469543
31,7462,0.5833890438079834
30,616,0.5833764672279358
30,2513,0.582980751991272
24,10293,0.5827922821044922
30,1517,0.5826166272163391
31,6230,0.5825774073600769
31,2780,0.5822780728340149
29,5871,0.5822479128837585
30,7823,0.5821354389190674
29,3720,0.5819743871688843
31,10304,0.5818321704864502
31,8360,0.5814716219902039
28,12432,0.5812063217163086
23,8565,0.5809507966041565
29,6372,0.5806801915168762
29,1355,0.5805577039718628
30,10918,0.5805022716522217
31,12941,0.5804665684700012
28,3220,0.580268144607544
30,12134,0.5802454352378845
26,9797,0.5791138410568237
31,8888,0.5789080262184143
28,6999,0.578620970249176
31,13763,0.5782674551010132
30,2859,0.5782470107078552
31,7148,0.5779711008071899
31,1385,0.5778040289878845
31,10094,0.5776687264442444
31,250,0.577644944190979
31,13529,0.5776240825653076
31,1981,0.5773277878761292
31,8434,0.5772910118103027
31,2631,0.5770177245140076
30,7922,0.5769450068473816
31,6059,0.5767760872840881
31,3268,0.5766738653182983
28,408,0.5758758187294006
29,1846,0.5758328437805176
31,12313,0.575729250907898
29,11123,0.5755002498626709
30,10919,0.5753899216651917
31,699,0.5753836631774902
25,11584,0.5753194093704224
29,8713,0.5748797655105591
31,4787,0.5741965174674988
31,10531,0.5739769339561462
23,2635,0.5739439129829407
31,353,0.5738396644592285
31,5136,0.5734940767288208
31,2108,0.5733678340911865
31,4126,0.5732349157333374
29,10571,0.5732062458992004
31,5251,0.5728670358657837
31,3134,0.5723787546157837
31,9036,0.5722218155860901
27,1586,0.5720314383506775
31,8711,0.5718351602554321
31,1301,0.5718249082565308
31,4453,0.5716683268547058
30,5521,0.5716655254364014
31,12046,0.5714614391326904
28,13691,0.5713931918144226
31,12984,0.5712008476257324
27,6226,0.5709719657897949
31,2528,0.5708491206169128
30,8382,0.5708000659942627
26,5207,0.5707369446754456
29,841,0.5707255005836487
31,7961,0.5702859163284302
31,3545,0.5702747702598572
31,6392,0.5702127814292908
28,13184,0.5698751211166382
31,6259,0.5697482824325562
31,7702,0.5695609450340271
28,11429,0.5695252418518066
29,13599,0.5689545273780823
30,9255,0.5688272714614868
18,12968,0.5686464905738831
31,7874,0.5685727000236511
28,14041,0.5684579014778137
28,13266,0.5683797597885132
31,11297,0.5683149695396423
31,10035,0.568166971206665
28,7561,0.5681359767913818
23,9419,0.5680506229400635
30,6843,0.5678092241287231
31,11512,0.5677133202552795
31,9512,0.5677104592323303
31,9736,0.567179262638092
31,8028,0.5671044588088989
3,4255,0.5670690536499023
29,3422,0.5669826865196228
31,8069,0.5668659806251526
29,11245,0.5668095350265503
29,11220,0.5667908787727356
31,4182,0.5665716528892517
29,6081,0.5663676261901855
31,9074,0.5663563013076782
31,7362,0.5661327242851257
29,1178,0.566067099571228
31,7465,0.5658872127532959
28,14222,0.5658373236656189
31,13899,0.5655601024627686
31,8682,0.5654439926147461
30,4718,0.56526780128479
31,2335,0.5651652812957764
31,8745,0.5651174187660217
4,5129,0.5651043653488159
31,13728,0.564792811870575
31,3987,0.5647841691970825
29,12364,0.5647603273391724
31,6914,0.5646453499794006
31,6386,0.5639747977256775
29,7425,0.5639609098434448
31,6306,0.5638740062713623
31,3065,0.5636582374572754
31,5510,0.563499391078949
31,13016,0.5633110404014587
31,2504,0.5632076859474182
29,7073,0.56288081407547
29,4960,0.5627009868621826
31,5981,0.5626925230026245
31,9672,0.5625571608543396
31,5853,0.5622929334640503
28,8470,0.5622303485870361
30,2951,0.5616610646247864
30,5870,0.5615218281745911
31,3440,0.5611798167228699
31,5310,0.56116783618927
31,9773,0.5610439777374268
23,860,0.5607854127883911
31,1574,0.5606827735900879
31,2032,0.5606388449668884
28,1218,0.5606278777122498
31,3721,0.5602277517318726
31,3646,0.5601631999015808
31,9289,0.5601351261138916
30,7204,0.5600674748420715
31,12492,0.5600231885910034
31,1740,0.5599657297134399
31,2018,0.559921145439148
31,2441,0.5597853660583496
31,10215,0.5597702264785767
29,5653,0.5596858263015747
30,9516,0.5596195459365845
31,11983,0.5595154762268066
31,2974,0.5594800710678101
31,13478,0.5594353079795837
31,4407,0.5592405796051025
28,12023,0.5592247843742371
31,122,0.5588655471801758
31,4466,0.5588341355323792
31,13794,0.5587035417556763
15,10190,0.5586909651756287
31,10790,0.5585333108901978
27,6010,0.5585170984268188
29,10120,0.5584577918052673
30,1524,0.5583457946777344
31,10101,0.5582761168479919
28,8779,0.5580678582191467
30,5310,0.5580645799636841
30,10617,0.5575777888298035
31,6093,0.557346522808075
30,9989,0.5572909712791443
31,7189,0.5566533207893372
28,3724,0.5564970970153809
31,2191,0.5562942028045654
28,8930,0.5562384128570557
31,6143,0.5562375783920288
31,8531,0.5561498403549194
29,10235,0.5559457540512085
31,13596,0.5558972358703613
29,14269,0.5557300448417664
30,10757,0.5556751489639282
29,12465,0.5556586384773254
29,5349,0.555566668510437
31,11976,0.5554755330085754
29,6040,0.5553760528564453
27,2428,0.5553702116012573
30,8960,0.555260956287384
30,2350,0.5548612475395203
29,12378,0.5546727180480957
31,5841,0.5542801022529602
31,4762,0.5542398691177368
31,13555,0.5541620254516602
31,9690,0.5540192723274231
31,9501,0.553763210773468
31,9507,0.5537047982215881
31,9790,0.5536830425262451
30,3519,0.5536195635795593
31,2986,0.5534332394599915
31,3321,0.5527609586715698
30,5694,0.5526437759399414
31,7068,0.5523430109024048
31,4974,0.5520796179771423
31,3106,0.5520647168159485
30,7410,0.5518184304237366
11,4903,0.5517632365226746
28,11636,0.5515342950820923
30,1595,0.551354169845581
31,474,0.5512175559997559
30,6250,0.5511906743049622
31,12146,0.5511829257011414
30,3970,0.5511320233345032
30,8344,0.5510699152946472
31,3773,0.5509980320930481
31,3484,0.5508617162704468
29,11650,0.5508272051811218
31,12548,0.5506840348243713
31,8679,0.5505305528640747
14,12639,0.5505267381668091
28,5482,0.5504539608955383
31,7964,0.5504438281059265
31,10105,0.5502373576164246
31,295,0.5501667857170105
31,11386,0.5499997138977051
30,7044,0.5499987006187439
30,2087,0.5496829152107239
26,2116,0.5496545433998108
31,9977,0.5494440793991089
31,6224,0.5492717623710632
29,4469,0.5491604208946228
31,3226,0.5490970015525818
28,11942,0.5490244626998901
29,2423,0.5488904118537903
30,7637,0.5486735701560974
31,11954,0.548471212387085
31,5089,0.5483006238937378
29,3169,0.5480406880378723
31,6376,0.5479257702827454
30,2001,0.5478687286376953
31,5835,0.5478265881538391
31,6750,0.5478127002716064
30,5801,0.5476260185241699
30,11477,0.5474733710289001
30,6097,0.5474576354026794
31,5924,0.547243058681488
30,2657,0.5470370650291443
31,7783,0.5469983220100403
29,995,0.5469830632209778
31,12511,0.5468947887420654
31,3740,0.5467203259468079
31,3717,0.5466494560241699
28,10998,0.5464086532592773
31,12008,0.5461888313293457
29,2378,0.5460177063941956
31,9168,0.5460085272789001
31,3967,0.5459465980529785
29,90,0.5458543300628662
31,12373,0.5457332730293274
30,10776,0.5456603169441223
31,10410,0.5455005764961243
29,12644,0.5451061129570007
31,8201,0.5450130701065063
31,3306,0.5449965000152588
30,8397,0.5449868440628052
31,9082,0.544931173324585
31,4805,0.5449116826057434
31,13618,0.5449004769325256
31,1667,0.5445871353149414
31,2465,0.5444464087486267
31,10252,0.5442822575569153
29,8942,0.5442121624946594
29,3076,0.5441955327987671
29,546,0.5441455841064453
31,13688,0.5439622402191162
28,2562,0.543927788734436
