layer,neuron,change_score
31,12732,1884.2501220703125
31,8717,1230.85009765625
31,5463,961.7166137695312
31,12278,175.57545471191406
30,3342,30.445816040039062
30,2730,27.04181671142578
31,12111,26.638837814331055
30,10408,20.88261604309082
31,7000,19.329914093017578
31,207,17.55333709716797
31,1209,14.948046684265137
30,13679,11.98206901550293
31,2398,11.386933326721191
31,14201,9.935684204101562
31,13336,9.436311721801758
31,1159,9.113429069519043
30,840,7.84269380569458
31,2836,7.222025394439697
31,5975,7.057464122772217
31,8359,6.447824478149414
30,11920,6.405736923217773
30,11430,6.1766533851623535
31,9575,6.118232250213623
31,12004,5.768736362457275
31,9416,5.665580749511719
30,12395,5.404497146606445
30,10321,5.356231689453125
31,1674,5.32789421081543
30,7305,5.140021800994873
31,14224,4.738062381744385
31,801,4.553348541259766
31,13869,4.459525108337402
31,850,4.434319019317627
31,311,4.414364814758301
31,12185,4.389926910400391
31,6466,4.3890790939331055
30,6989,4.249697208404541
31,2958,4.209672451019287
31,7861,4.189889430999756
30,6663,4.183096885681152
31,2564,4.16143274307251
30,5442,4.107808589935303
31,4873,4.0515546798706055
29,12657,4.035784721374512
31,5919,3.9091362953186035
31,6352,3.8516347408294678
29,664,3.76902437210083
31,1940,3.7458221912384033
31,5966,3.7423624992370605
31,14196,3.679988145828247
31,12298,3.673950672149658
29,14165,3.6734423637390137
31,14027,3.5886919498443604
31,2477,3.54921555519104
31,12814,3.5470187664031982
31,11817,3.5093719959259033
30,7674,3.4918742179870605
31,10850,3.4730656147003174
30,2815,3.472350597381592
30,5024,3.4394516944885254
31,3474,3.3812108039855957
31,4581,3.3582539558410645
31,8583,3.349684238433838
31,2549,3.313448429107666
29,11929,3.28216552734375
31,2474,3.238095998764038
31,9187,3.2021729946136475
30,2306,3.1971492767333984
31,847,3.1204776763916016
31,7429,3.099091053009033
31,8959,3.0944020748138428
31,1186,3.08831524848938
31,10669,3.048007011413574
31,1095,3.037696599960327
31,997,3.030366897583008
30,458,3.008227586746216
31,1395,2.9694104194641113
31,2115,2.921687602996826
31,8118,2.914961099624634
31,1834,2.900575637817383
31,3387,2.882481098175049
31,9729,2.88077712059021
31,6696,2.8636364936828613
31,5230,2.8593621253967285
31,10129,2.856658697128296
31,7727,2.8542964458465576
31,5540,2.850329637527466
31,14106,2.841193437576294
31,9620,2.8077340126037598
31,4512,2.8064351081848145
31,8861,2.7835044860839844
31,8350,2.756920576095581
31,10100,2.754594326019287
30,12903,2.7521474361419678
31,10471,2.71887469291687
31,2046,2.7132792472839355
31,1919,2.7116949558258057
31,10803,2.7092220783233643
31,11243,2.7085845470428467
31,13038,2.701129913330078
31,7124,2.698845148086548
31,4560,2.6988117694854736
31,4352,2.6883654594421387
31,9825,2.677014112472534
31,4790,2.658698797225952
31,12839,2.642505168914795
31,1000,2.634167432785034
31,12968,2.6278791427612305
31,2241,2.6207025051116943
30,9329,2.616795063018799
31,11024,2.605379819869995
31,8060,2.6011290550231934
31,7873,2.593292713165283
31,2100,2.5765607357025146
30,10023,2.5641043186187744
31,3409,2.5454888343811035
28,12702,2.5225565433502197
31,5253,2.519587278366089
31,5311,2.5154178142547607
31,1793,2.5005829334259033
31,12913,2.4975507259368896
31,12616,2.4941697120666504
31,7938,2.489691972732544
30,2458,2.4837896823883057
31,6725,2.4822990894317627
31,11808,2.4811272621154785
30,7813,2.4734761714935303
31,5082,2.472121238708496
31,9175,2.4570748805999756
31,7906,2.4463765621185303
31,3493,2.4273898601531982
31,5626,2.413651704788208
31,2003,2.4008617401123047
31,1668,2.4006595611572266
30,11084,2.399416208267212
31,13544,2.389957904815674
31,273,2.38993763923645
30,3271,2.3898563385009766
31,9639,2.3811018466949463
31,10620,2.3735849857330322
31,11108,2.3587164878845215
31,13622,2.3360767364501953
31,12923,2.335270643234253
31,11598,2.326104164123535
31,9658,2.319551706314087
31,11486,2.3137104511260986
30,10767,2.3118906021118164
31,13648,2.310596227645874
31,5021,2.303279399871826
31,10897,2.3002614974975586
31,1050,2.289628267288208
31,2847,2.278083086013794
31,6432,2.2777767181396484
31,14107,2.272388219833374
31,486,2.272033929824829
31,5,2.265427589416504
31,6657,2.258108615875244
31,3175,2.2561893463134766
31,11483,2.2557945251464844
31,2756,2.2498438358306885
30,12811,2.2422821521759033
31,5553,2.235569715499878
31,3865,2.2333486080169678
31,12861,2.2231791019439697
30,1033,2.2179272174835205
31,10759,2.2139766216278076
31,9171,2.213299512863159
31,1946,2.2086715698242188
31,13414,2.2054502964019775
31,6069,2.2046756744384766
31,7122,2.2031681537628174
31,218,2.1990325450897217
31,674,2.1967175006866455
31,12591,2.195812225341797
30,139,2.1952712535858154
31,1239,2.188934564590454
31,11489,2.180523633956909
31,2800,2.178300380706787
31,1625,2.1737091541290283
31,1813,2.168701648712158
31,12950,2.1647861003875732
31,5509,2.1645090579986572
31,9664,2.162348508834839
31,13102,2.159116744995117
31,9254,2.158618211746216
31,1894,2.152062177658081
30,3813,2.1317121982574463
30,12814,2.131371021270752
30,10840,2.1294939517974854
31,420,2.1280033588409424
31,900,2.122116804122925
31,8884,2.1212265491485596
31,8622,2.1203160285949707
31,118,2.117541790008545
31,2657,2.11179518699646
31,7281,2.1117639541625977
31,11079,2.1076340675354004
31,3166,2.103566884994507
31,6038,2.1030616760253906
30,3775,2.1014513969421387
31,2945,2.098130702972412
30,8716,2.09658145904541
30,9957,2.0942423343658447
31,1928,2.090283155441284
31,1324,2.090193271636963
31,7416,2.088253974914551
31,515,2.0829808712005615
31,5720,2.0790622234344482
31,6691,2.076434373855591
31,4622,2.075927972793579
30,7016,2.075822114944458
31,12252,2.070661783218384
31,3654,2.0657806396484375
31,3487,2.063499927520752
31,10492,2.061051607131958
31,5772,2.0605850219726562
31,11999,2.058058500289917
31,14073,2.057680130004883
31,12841,2.05629563331604
31,13605,2.0550520420074463
30,13459,2.0407214164733887
30,12991,2.037998676300049
30,12185,2.0349912643432617
31,714,2.0281295776367188
31,6467,2.025818347930908
30,699,2.0232763290405273
30,3382,2.0203821659088135
30,10563,2.0196034908294678
31,1572,2.006129741668701
30,4968,2.0000739097595215
31,2754,1.986169695854187
30,999,1.985275387763977
31,10973,1.983096718788147
31,2268,1.981840968132019
31,11769,1.9814355373382568
31,2572,1.9810678958892822
30,3364,1.9752479791641235
31,5933,1.974100947380066
31,11456,1.9729559421539307
31,9692,1.9714208841323853
30,5951,1.9674509763717651
29,12988,1.9659496545791626
31,11059,1.9658459424972534
31,4810,1.963450312614441
31,12222,1.9629132747650146
31,3084,1.95967698097229
31,10233,1.9564052820205688
31,9587,1.9499815702438354
31,3630,1.9485605955123901
31,11013,1.9446971416473389
31,11504,1.9407910108566284
30,10687,1.937832236289978
30,9355,1.930922508239746
31,4128,1.9227849245071411
31,12423,1.921793818473816
30,8295,1.9198671579360962
31,11752,1.9184129238128662
27,3110,1.9147629737854004
31,953,1.9147306680679321
31,9114,1.913917064666748
30,3574,1.9134173393249512
31,2188,1.9120686054229736
31,3751,1.9031206369400024
31,8053,1.8981308937072754
30,7398,1.8960323333740234
31,14321,1.895665168762207
31,2036,1.892102599143982
31,6614,1.8908963203430176
31,1090,1.8868662118911743
31,13933,1.8852407932281494
31,13293,1.8847178220748901
31,794,1.8806962966918945
31,10439,1.879122018814087
31,4160,1.8785592317581177
31,1977,1.8773123025894165
30,14211,1.8756972551345825
30,6893,1.8741445541381836
31,1712,1.872923493385315
31,5335,1.8728325366973877
31,2305,1.8715471029281616
30,5542,1.8664219379425049
31,2344,1.864729404449463
31,4098,1.861318588256836
31,8201,1.8599674701690674
31,11350,1.858192801475525
30,1950,1.8571637868881226
31,5850,1.8568460941314697
31,6266,1.8559616804122925
31,2313,1.8559576272964478
31,4261,1.8556687831878662
30,13182,1.854501724243164
31,2215,1.8544481992721558
31,3428,1.8509118556976318
31,13115,1.8473320007324219
29,7375,1.843526840209961
29,3976,1.840812087059021
31,4358,1.8407586812973022
27,13857,1.8368703126907349
31,5099,1.8357571363449097
30,8983,1.8353677988052368
30,10739,1.8340954780578613
30,4280,1.8326987028121948
30,1562,1.8322229385375977
31,747,1.8295589685440063
31,4786,1.8247382640838623
31,338,1.8221293687820435
31,10014,1.81721031665802
31,1058,1.8151359558105469
31,8345,1.8133087158203125
31,566,1.805890440940857
30,6939,1.804319977760315
30,10498,1.800051212310791
31,10459,1.7981501817703247
30,9094,1.7971270084381104
31,5144,1.7955727577209473
29,7428,1.7949868440628052
31,2889,1.79356050491333
31,6424,1.7931996583938599
31,7115,1.7918885946273804
30,3583,1.7906361818313599
30,4084,1.7886728048324585
31,13833,1.7858989238739014
31,7851,1.7818834781646729
31,2187,1.780429720878601
31,6734,1.7799394130706787
31,3616,1.778507113456726
31,11342,1.778164029121399
31,13030,1.777713656425476
31,1681,1.773919939994812
30,3296,1.7734785079956055
31,6099,1.7704848051071167
31,287,1.7691338062286377
30,7867,1.768121600151062
29,12010,1.7681149244308472
31,12730,1.7675551176071167
31,4373,1.7672371864318848
31,855,1.766861915588379
31,13076,1.7668596506118774
31,10956,1.7666312456130981
30,12012,1.7644513845443726
31,12119,1.7635736465454102
31,10094,1.761466145515442
31,10131,1.7599573135375977
30,10343,1.7592713832855225
31,11541,1.7578647136688232
30,3673,1.7565323114395142
31,12910,1.7505595684051514
30,1617,1.7497702836990356
31,7831,1.7448227405548096
31,11695,1.737153172492981
31,9119,1.7321254014968872
31,1739,1.7289305925369263
31,12226,1.7282593250274658
31,963,1.7259224653244019
31,11244,1.7254273891448975
31,13801,1.722579002380371
30,9761,1.7204222679138184
30,1552,1.7189710140228271
31,5345,1.716881513595581
31,4243,1.7166857719421387
31,8193,1.7134531736373901
31,12529,1.7120290994644165
31,3210,1.709193229675293
30,14008,1.7088103294372559
30,9257,1.7081754207611084
31,11488,1.7070480585098267
31,7309,1.7036678791046143
31,9091,1.7032188177108765
31,2207,1.7030373811721802
31,3971,1.6986877918243408
31,6109,1.6958366632461548
31,7784,1.6957042217254639
31,12668,1.6954118013381958
31,14276,1.695398211479187
31,10389,1.6914571523666382
30,7985,1.6909520626068115
31,12358,1.6909310817718506
30,10265,1.6908361911773682
31,154,1.6899175643920898
31,1519,1.6892560720443726
30,6816,1.6825371980667114
31,5283,1.6765546798706055
30,6772,1.676186442375183
31,9818,1.6757473945617676
31,4661,1.6747233867645264
31,3023,1.673004388809204
30,635,1.6718649864196777
30,9382,1.671615719795227
31,2012,1.6710407733917236
30,12689,1.6704249382019043
31,289,1.6676312685012817
31,12360,1.6646088361740112
30,13584,1.6638504266738892
31,10542,1.6619855165481567
30,5905,1.6616113185882568
31,996,1.6613266468048096
30,7549,1.660888433456421
31,5883,1.659179449081421
31,11085,1.6588269472122192
31,4198,1.6581110954284668
31,11410,1.654977560043335
30,7076,1.654374599456787
31,13788,1.6528264284133911
31,7438,1.6510790586471558
30,1369,1.6492406129837036
31,10697,1.6476240158081055
30,9044,1.6459486484527588
31,5617,1.6423999071121216
31,9272,1.6418904066085815
31,8320,1.6412020921707153
30,8392,1.6384992599487305
31,3268,1.637843132019043
30,1994,1.6374156475067139
30,3833,1.636476755142212
30,7322,1.6304529905319214
31,3252,1.6287063360214233
31,10715,1.6280772686004639
31,4436,1.6271731853485107
30,1914,1.6261464357376099
31,4179,1.625905156135559
30,12495,1.6249675750732422
30,4664,1.6238462924957275
31,7684,1.6229298114776611
31,3540,1.6204711198806763
31,13995,1.6203186511993408
30,9833,1.6174635887145996
30,711,1.6168991327285767
31,3583,1.6132127046585083
31,8607,1.6125998497009277
31,9465,1.6090197563171387
31,5562,1.6088234186172485
30,1548,1.6082192659378052
30,841,1.6054909229278564
31,10452,1.60154390335083
30,3434,1.595949649810791
31,11638,1.5936474800109863
30,2780,1.5925843715667725
30,6275,1.591302752494812
31,7450,1.5908581018447876
31,552,1.5880770683288574
30,934,1.5860496759414673
30,936,1.5855963230133057
30,1144,1.5804951190948486
31,10436,1.5790570974349976
31,5371,1.5789119005203247
31,5913,1.5786247253417969
31,4229,1.5768762826919556
30,12463,1.575412631034851
31,10716,1.5752605199813843
31,7673,1.5737100839614868
31,10180,1.5736806392669678
31,7104,1.5732529163360596
30,11898,1.5699834823608398
31,374,1.5681352615356445
31,2199,1.5663102865219116
30,6083,1.5650227069854736
31,1945,1.5639212131500244
31,1637,1.5637608766555786
31,1654,1.5635908842086792
30,1307,1.5615546703338623
31,6345,1.560817003250122
31,4669,1.560804009437561
31,11929,1.55910325050354
30,8698,1.5589063167572021
30,13356,1.5587762594223022
31,13292,1.554980754852295
31,3691,1.5528879165649414
31,4791,1.552711009979248
31,6575,1.5515528917312622
31,122,1.548870325088501
31,7592,1.5480177402496338
30,7708,1.5458368062973022
30,1297,1.5457892417907715
31,7598,1.542984962463379
30,13017,1.5411291122436523
30,903,1.5408436059951782
31,5041,1.5393431186676025
31,10806,1.539207100868225
31,1678,1.5382697582244873
30,3776,1.5370705127716064
30,10641,1.535494327545166
31,8998,1.5354526042938232
30,13140,1.5350421667099
31,4788,1.5348972082138062
31,13802,1.5345851182937622
30,8057,1.5289050340652466
31,11084,1.5287020206451416
30,11819,1.5277131795883179
31,8047,1.52683687210083
30,1464,1.526528000831604
31,14108,1.525302529335022
30,11055,1.5229724645614624
31,74,1.5214823484420776
31,2266,1.5214585065841675
30,6764,1.5213770866394043
31,8154,1.5211858749389648
31,4046,1.5203452110290527
30,9657,1.520163893699646
31,8792,1.5199772119522095
30,3724,1.5190426111221313
31,8984,1.5169553756713867
31,9125,1.5158179998397827
31,7944,1.5156161785125732
31,10674,1.5138243436813354
31,233,1.5130856037139893
29,2736,1.510636329650879
31,890,1.5103999376296997
29,6070,1.5095553398132324
31,11433,1.5092195272445679
30,8366,1.5078506469726562
30,6204,1.5069966316223145
30,13953,1.5067373514175415
30,35,1.5064030885696411
31,2009,1.5050373077392578
31,5322,1.5042154788970947
31,13575,1.50393807888031
31,8784,1.5035258531570435
30,5081,1.4976818561553955
30,7668,1.4973182678222656
30,8570,1.4948267936706543
31,4695,1.4916034936904907
30,7595,1.4914606809616089
30,6937,1.491060495376587
31,6227,1.4908415079116821
31,11222,1.4859966039657593
31,11989,1.4809279441833496
29,12217,1.4794420003890991
30,1823,1.4792057275772095
31,12514,1.4743863344192505
31,10030,1.472723364830017
31,13062,1.4715510606765747
30,12787,1.4706774950027466
30,10173,1.46891450881958
29,11492,1.4681264162063599
30,12573,1.4674103260040283
30,6742,1.4641722440719604
31,8382,1.4626500606536865
30,8070,1.4594241380691528
29,10726,1.456963300704956
31,9995,1.4561445713043213
31,2552,1.4534319639205933
31,1236,1.4514210224151611
31,2221,1.4510732889175415
30,10853,1.4467883110046387
30,8652,1.4455597400665283
31,8855,1.4434791803359985
31,12446,1.4410984516143799
30,7577,1.43866765499115
30,4346,1.4382331371307373
31,6677,1.4365626573562622
30,10339,1.4357585906982422
30,9032,1.4307847023010254
30,1793,1.430506944656372
31,12525,1.4304794073104858
30,2019,1.4304364919662476
30,4796,1.4285887479782104
31,2223,1.4282149076461792
31,9974,1.4258320331573486
30,1119,1.424072265625
31,9837,1.4240527153015137
31,2536,1.4213052988052368
28,11567,1.4180225133895874
31,13457,1.4174398183822632
30,5854,1.4171890020370483
31,4428,1.4170538187026978
31,8300,1.4156891107559204
31,4577,1.414140224456787
31,4064,1.4117769002914429
30,13168,1.411190152168274
30,5752,1.4092037677764893
31,5231,1.4086612462997437
30,6240,1.4069304466247559
31,6072,1.4062235355377197
31,5193,1.405906081199646
31,102,1.4056499004364014
31,10334,1.404971718788147
31,537,1.404842495918274
30,13058,1.4042373895645142
31,12731,1.4041084051132202
30,11169,1.4039827585220337
31,4015,1.40330171585083
29,3490,1.4014791250228882
31,12033,1.401034951210022
30,11377,1.4007837772369385
30,1724,1.4003236293792725
31,1340,1.4000073671340942
31,9678,1.39693021774292
31,4501,1.396592140197754
30,6976,1.3951438665390015
30,5624,1.3950597047805786
31,10210,1.3948781490325928
30,4426,1.3947397470474243
30,12371,1.3941744565963745
30,6255,1.394039273262024
31,8098,1.3865203857421875
31,13110,1.3865121603012085
31,9663,1.384771704673767
30,5840,1.3847273588180542
31,13647,1.3840771913528442
30,4079,1.382076382637024
31,4974,1.3820180892944336
31,1506,1.3809536695480347
30,465,1.3800703287124634
30,12660,1.3788630962371826
30,5333,1.3773152828216553
30,965,1.3762675523757935
30,4497,1.374580979347229
30,503,1.374484658241272
28,13243,1.3744333982467651
31,5630,1.374420404434204
30,5914,1.3740365505218506
31,8937,1.3733896017074585
31,1109,1.3730173110961914
30,4505,1.3726444244384766
30,6539,1.3722306489944458
31,3061,1.372084140777588
31,9690,1.371321439743042
31,1157,1.370189905166626
30,6171,1.3674389123916626
31,3499,1.3654741048812866
30,9513,1.3646996021270752
29,5337,1.3645751476287842
29,3912,1.364455223083496
30,1249,1.3643606901168823
31,5915,1.3642914295196533
31,3811,1.363489031791687
31,5728,1.3618462085723877
30,17,1.3611139059066772
30,7790,1.3609482049942017
31,1074,1.3592480421066284
31,931,1.358473777770996
30,9717,1.3581655025482178
30,2069,1.357128381729126
30,1130,1.3554604053497314
30,2195,1.3535375595092773
31,556,1.3534214496612549
31,4768,1.3527865409851074
30,5767,1.3527634143829346
31,7365,1.3513920307159424
31,13197,1.3485349416732788
30,14282,1.347463846206665
31,13814,1.3456125259399414
30,13935,1.3427115678787231
30,6093,1.3419286012649536
31,2016,1.340948224067688
31,531,1.3407682180404663
31,437,1.3392982482910156
30,11842,1.3365373611450195
30,12600,1.3363360166549683
29,666,1.334262490272522
31,7411,1.3330343961715698
31,11392,1.3324649333953857
31,4374,1.3324573040008545
31,6059,1.3307994604110718
31,6306,1.3299729824066162
30,7107,1.32895028591156
31,5636,1.3285619020462036
30,11272,1.3283486366271973
31,416,1.3258479833602905
31,6998,1.3247801065444946
28,8589,1.3242608308792114
31,5806,1.322883129119873
30,1529,1.321938157081604
31,3680,1.3219232559204102
31,2204,1.3215234279632568
30,7609,1.3213680982589722
31,12816,1.3196505308151245
28,1692,1.3192232847213745
31,8807,1.3185938596725464
31,5189,1.3173527717590332
30,9556,1.3165932893753052
31,11234,1.3142282962799072
31,4037,1.3140392303466797
31,11571,1.313166618347168
30,4560,1.3124845027923584
30,4503,1.311917781829834
31,9792,1.3094215393066406
30,3930,1.3061162233352661
31,6950,1.304360270500183
31,3759,1.3036937713623047
31,2432,1.3022581338882446
30,4546,1.3022104501724243
30,837,1.3001775741577148
30,9735,1.2945868968963623
30,9893,1.2937121391296387
30,5426,1.2924203872680664
31,9081,1.291921615600586
30,8023,1.2895830869674683
31,11256,1.2894505262374878
30,10599,1.2893415689468384
31,10908,1.2890210151672363
31,3261,1.2889550924301147
30,7776,1.2879321575164795
30,2405,1.2840880155563354
31,13258,1.2832880020141602
31,7513,1.2829432487487793
31,3835,1.2822387218475342
30,5649,1.2817960977554321
31,9289,1.280776023864746
30,2521,1.2803789377212524
30,5804,1.278429627418518
30,5417,1.2778257131576538
30,11533,1.2776238918304443
31,11843,1.2762653827667236
30,11860,1.2741265296936035
29,8741,1.2711992263793945
30,6851,1.2699429988861084
31,10548,1.2699273824691772
31,1166,1.2693874835968018
31,10843,1.2679682970046997
30,9125,1.2679332494735718
30,248,1.2672585248947144
30,779,1.2663782835006714
30,14233,1.2663217782974243
30,10997,1.2659589052200317
31,10464,1.2652778625488281
30,14261,1.2636282444000244
9,12312,1.2625815868377686
29,11535,1.2621557712554932
30,7393,1.2616127729415894
30,2689,1.2606691122055054
31,13449,1.2603321075439453
31,111,1.2590538263320923
30,9404,1.258999228477478
29,13350,1.257651448249817
30,11992,1.2553369998931885
31,8410,1.2546552419662476
30,3429,1.2546181678771973
29,4006,1.2534302473068237
30,3483,1.2509738206863403
31,8950,1.250930666923523
30,10,1.2500150203704834
31,12434,1.2468231916427612
31,4762,1.2464250326156616
30,12150,1.2442965507507324
31,11816,1.2399226427078247
30,4438,1.2385973930358887
30,2440,1.2376679182052612
31,10834,1.237513780593872
31,1136,1.2360259294509888
31,4537,1.2357854843139648
29,11151,1.2353636026382446
30,13111,1.2352222204208374
30,6618,1.234669804573059
31,10644,1.234458565711975
31,1384,1.2329962253570557
31,5648,1.2305575609207153
30,11438,1.2296298742294312
30,11889,1.2280105352401733
30,7184,1.227750301361084
30,12383,1.2264409065246582
30,8855,1.2250040769577026
30,11613,1.2235320806503296
31,2528,1.2223321199417114
30,12419,1.2219058275222778
31,3859,1.2206584215164185
30,14109,1.2206465005874634
30,7752,1.2163498401641846
30,12255,1.2135381698608398
31,9501,1.2118353843688965
31,13150,1.211803674697876
31,4626,1.2100778818130493
31,2153,1.2100152969360352
31,5643,1.20994234085083
31,12247,1.2097183465957642
31,803,1.209193468093872
30,545,1.2081526517868042
31,5248,1.2074861526489258
31,1787,1.206032156944275
30,14285,1.2046091556549072
31,2358,1.2020841836929321
31,13388,1.2013722658157349
30,6491,1.200763463973999
31,5542,1.2004165649414062
31,14266,1.1996127367019653
30,5427,1.1994549036026
30,7675,1.1988037824630737
31,13703,1.1981489658355713
30,5320,1.197028636932373
31,11194,1.1968790292739868
30,1280,1.196311593055725
31,10165,1.1958613395690918
31,13368,1.1953078508377075
31,11118,1.1949561834335327
31,3431,1.1949561834335327
30,3078,1.1947352886199951
26,7374,1.1944667100906372
30,864,1.1942458152770996
30,12728,1.1941568851470947
31,1973,1.1930310726165771
30,9031,1.1917582750320435
31,11861,1.1914845705032349
30,13224,1.190940260887146
29,5343,1.1905570030212402
30,3478,1.190442442893982
30,4668,1.1904418468475342
31,9047,1.1900533437728882
30,9433,1.1885675191879272
29,3817,1.1877294778823853
31,8156,1.1876256465911865
31,13989,1.1864368915557861
31,9519,1.1862972974777222
31,14299,1.1857898235321045
30,9096,1.1844321489334106
31,2043,1.1841381788253784
30,10083,1.1834514141082764
31,3522,1.1810399293899536
30,8959,1.178743600845337
31,4145,1.1781967878341675
31,1129,1.1758251190185547
30,8084,1.17581307888031
30,4852,1.1755506992340088
31,6271,1.1751954555511475
30,2025,1.1742420196533203
30,1381,1.1741719245910645
30,11109,1.173507809638977
31,8652,1.172841191291809
30,2792,1.1716952323913574
31,13851,1.1685048341751099
30,13575,1.1683077812194824
30,11131,1.1682978868484497
30,12673,1.1679176092147827
30,13373,1.16644287109375
30,10126,1.1660460233688354
31,2948,1.1658684015274048
31,13432,1.1647356748580933
30,13567,1.1643531322479248
31,4807,1.1628021001815796
31,8127,1.1620677709579468
30,12126,1.162041187286377
31,14035,1.1619113683700562
31,5029,1.1614443063735962
30,255,1.1614331007003784
30,9138,1.161165714263916
31,363,1.1600476503372192
30,5043,1.1572983264923096
31,14256,1.1570779085159302
30,9728,1.1566557884216309
30,3679,1.1562145948410034
31,1247,1.1560349464416504
30,6499,1.1550854444503784
31,7517,1.1538326740264893
30,13248,1.1518386602401733
30,276,1.1517819166183472
30,3413,1.151381492614746
30,13499,1.1501171588897705
30,11106,1.1499640941619873
30,4128,1.1498571634292603
30,10272,1.149796485900879
31,3568,1.14967679977417
31,1585,1.1492273807525635
31,10595,1.1492010354995728
30,13059,1.1488242149353027
31,1632,1.1485055685043335
31,10522,1.1484190225601196
30,5850,1.1464933156967163
30,4361,1.1456019878387451
30,10554,1.1439814567565918
30,11389,1.1438058614730835
30,14095,1.1429569721221924
31,667,1.1423519849777222
31,1351,1.14220130443573
30,23,1.141394853591919
30,3346,1.1413465738296509
31,13618,1.1413230895996094
26,2589,1.1410243511199951
31,7001,1.1405458450317383
30,7910,1.140339970588684
31,12771,1.1393336057662964
30,4092,1.13904869556427
31,5645,1.138940453529358
30,225,1.1382704973220825
31,4101,1.136698842048645
31,11509,1.1359695196151733
31,7676,1.1351913213729858
30,5473,1.1344470977783203
30,728,1.133439540863037
31,1831,1.1333972215652466
31,8813,1.1330796480178833
31,2088,1.132294774055481
30,14161,1.1309740543365479
31,3514,1.1303941011428833
31,11080,1.1302063465118408
31,8664,1.128389596939087
31,8407,1.127946376800537
31,7052,1.1277287006378174
30,6543,1.1268244981765747
31,6096,1.1261296272277832
31,12491,1.125820517539978
30,1943,1.1252213716506958
31,5756,1.125085473060608
30,12534,1.1241562366485596
31,11471,1.123997449874878
30,11240,1.1236547231674194
31,8371,1.1235122680664062
30,3886,1.1232208013534546
31,6440,1.123091697692871
27,8140,1.1225899457931519
31,7478,1.1222654581069946
30,8696,1.1221462488174438
30,12556,1.1195734739303589
31,3548,1.1188172101974487
30,3941,1.1183300018310547
30,11803,1.1182514429092407
31,12819,1.1176241636276245
31,6556,1.1156461238861084
31,12995,1.114499807357788
30,13613,1.1122435331344604
26,13136,1.1101845502853394
31,10212,1.1100165843963623
31,7874,1.1099438667297363
31,14061,1.10945463180542
31,2622,1.1086721420288086
31,9355,1.1069194078445435
30,11494,1.1055012941360474
30,5687,1.1054385900497437
30,9247,1.1053999662399292
28,8979,1.104209303855896
30,2427,1.1023138761520386
30,5072,1.100550889968872
30,2127,1.099486231803894
31,7193,1.099257230758667
31,13862,1.0990757942199707
30,13655,1.0986930131912231
30,9787,1.098545789718628
30,9719,1.0984305143356323
30,3097,1.0977777242660522
31,3621,1.0962194204330444
31,8503,1.0955169200897217
30,14158,1.0938305854797363
30,1235,1.0937241315841675
30,10868,1.0935109853744507
30,10974,1.0935076475143433
31,9968,1.0932523012161255
31,3135,1.0931652784347534
30,1969,1.0930538177490234
31,12035,1.0926399230957031
30,8562,1.0924160480499268
31,7093,1.0922619104385376
30,2070,1.092090368270874
25,3897,1.0907789468765259
30,2017,1.0906038284301758
31,11264,1.0885483026504517
31,7019,1.086724042892456
31,1060,1.086374282836914
30,11076,1.0860390663146973
30,1874,1.0860015153884888
26,450,1.0859864950180054
31,11354,1.0858017206192017
31,8064,1.0851114988327026
30,1441,1.0843112468719482
31,10786,1.0839266777038574
30,2268,1.0836668014526367
30,4882,1.0833696126937866
30,1668,1.0832939147949219
31,5455,1.0831143856048584
30,11022,1.0806282758712769
30,13308,1.080342411994934
30,12016,1.0790103673934937
31,11434,1.0783252716064453
30,8638,1.078231692314148
31,3589,1.0781896114349365
30,11210,1.0767135620117188
31,1165,1.0764654874801636
31,13649,1.0761855840682983
31,13677,1.0759578943252563
31,5419,1.0756163597106934
31,8990,1.074668288230896
31,3081,1.074558973312378
31,6158,1.0731682777404785
31,9005,1.0725243091583252
30,13863,1.0706125497817993
31,5259,1.0698648691177368
30,9350,1.0680530071258545
29,9588,1.0669811964035034
30,11328,1.0660120248794556
31,7261,1.065293788909912
31,4609,1.0650928020477295
30,10849,1.0648399591445923
31,5675,1.0647512674331665
30,6406,1.06389319896698
30,120,1.0628949403762817
31,4943,1.062677025794983
30,1047,1.0620274543762207
31,9955,1.0611013174057007
31,7038,1.0607134103775024
31,12034,1.0600537061691284
30,5042,1.0596445798873901
30,2204,1.0594372749328613
30,9219,1.0593432188034058
30,5946,1.0577425956726074
30,13681,1.0570005178451538
30,8437,1.0569031238555908
31,3237,1.0560446977615356
30,1609,1.0557150840759277
28,12167,1.0548943281173706
31,6683,1.0548688173294067
31,9628,1.0538994073867798
30,58,1.0527600049972534
31,7925,1.0517125129699707
31,14324,1.0512800216674805
31,5369,1.0507926940917969
31,10462,1.0501854419708252
30,12499,1.050101637840271
26,2645,1.0498778820037842
30,11625,1.0480302572250366
30,5501,1.047900676727295
31,8331,1.0469779968261719
31,1934,1.0469260215759277
30,995,1.0460025072097778
30,5705,1.0458210706710815
30,9100,1.0452648401260376
31,10792,1.0433895587921143
30,2446,1.042919397354126
31,2293,1.0422334671020508
31,6692,1.0407812595367432
31,8508,1.0407166481018066
29,10255,1.0405277013778687
31,7217,1.0388317108154297
31,10757,1.0382204055786133
28,12253,1.0376312732696533
31,10152,1.0366390943527222
31,3820,1.0354775190353394
30,12798,1.035042643547058
31,4538,1.0347968339920044
30,10411,1.0339730978012085
31,3769,1.0333527326583862
31,10136,1.0329108238220215
31,13842,1.0326651334762573
30,6021,1.0326128005981445
30,3695,1.032454013824463
31,255,1.0318223237991333
31,10107,1.0314867496490479
31,1007,1.031136155128479
31,7458,1.0302069187164307
30,12757,1.0298566818237305
31,5945,1.0295441150665283
29,7206,1.0291590690612793
30,6486,1.0290523767471313
31,9736,1.0282580852508545
31,3121,1.0261811017990112
31,562,1.026046872138977
31,12172,1.0258859395980835
31,1467,1.0255935192108154
31,8275,1.0247604846954346
31,6798,1.024423360824585
31,12688,1.0243406295776367
31,2954,1.0243271589279175
31,13016,1.0239289999008179
31,13691,1.0235320329666138
30,7146,1.0233757495880127
29,7086,1.0233564376831055
30,11463,1.0228475332260132
31,489,1.022384762763977
31,12145,1.021883487701416
31,12713,1.0216758251190186
31,6648,1.0200891494750977
31,6173,1.019347906112671
31,2465,1.0190098285675049
31,12130,1.0183141231536865
30,2538,1.0176042318344116
30,2939,1.0175261497497559
30,4736,1.0173494815826416
31,5995,1.0172829627990723
30,10117,1.017014503479004
31,9886,1.0165711641311646
30,10725,1.0164580345153809
30,217,1.0158588886260986
31,7693,1.0153926610946655
31,7724,1.015367865562439
28,11666,1.0152215957641602
31,12996,1.0147995948791504
31,7169,1.014536738395691
31,10800,1.0141881704330444
31,10893,1.0133148431777954
30,5526,1.0132807493209839
31,11062,1.0132230520248413
31,2230,1.0131481885910034
31,10204,1.0127074718475342
31,14113,1.0126596689224243
30,1050,1.0094761848449707
30,2226,1.0083962678909302
26,12113,1.0083248615264893
31,4382,1.00775146484375
30,6894,1.0075451135635376
29,3746,1.0073838233947754
31,9214,1.0070594549179077
31,33,1.0066670179367065
31,3191,1.006404995918274
27,2428,1.0061814785003662
30,3903,1.0053977966308594
31,4627,1.0053502321243286
30,1167,1.0051625967025757
31,8732,1.0046254396438599
31,11159,1.004215955734253
31,8203,1.0040357112884521
30,10364,1.004023790359497
30,240,1.0037721395492554
30,13889,1.003682255744934
31,2112,1.003604769706726
31,9915,1.0020184516906738
31,2140,1.0015108585357666
31,12471,1.0011072158813477
30,2486,0.9999500513076782
30,7705,0.9990345239639282
31,10215,0.9976930022239685
31,2535,0.9959844946861267
31,2108,0.9950523972511292
29,12129,0.9948613047599792
30,1735,0.9944825172424316
30,5713,0.9939660429954529
31,11321,0.9935470223426819
31,12878,0.9933123588562012
30,13359,0.9927707314491272
31,3251,0.9913269877433777
31,2833,0.9905162453651428
30,11289,0.9903429746627808
30,151,0.9897333979606628
30,725,0.9894545674324036
30,6290,0.9890738129615784
31,247,0.9873233437538147
31,5528,0.9866951107978821
30,9114,0.9859073162078857
31,2649,0.9858071208000183
31,8206,0.9854258894920349
30,4447,0.9849813580513
30,13049,0.9847972989082336
31,7036,0.9838482737541199
30,1496,0.9827105402946472
31,5414,0.9826089143753052
31,5218,0.9824231863021851
31,5615,0.9817847609519958
31,345,0.9817027449607849
30,5793,0.9809194803237915
31,14080,0.9807909727096558
31,4823,0.9800857901573181
31,5559,0.9796828031539917
31,10075,0.9792945981025696
30,9237,0.9791247248649597
31,2174,0.9785112738609314
31,3863,0.9782397747039795
30,5522,0.9774704575538635
30,13056,0.9773194193840027
30,6693,0.977165937423706
30,6372,0.9770439863204956
31,5058,0.9765532612800598
31,1386,0.9751905798912048
31,13638,0.9750926494598389
31,9178,0.9749173521995544
31,11921,0.9745580554008484
30,10245,0.974182665348053
30,3798,0.9724529981613159
30,12741,0.9721279144287109
30,8242,0.9716648459434509
29,285,0.971578061580658
29,9818,0.9707441329956055
30,11810,0.9693686366081238
30,1303,0.9691319465637207
30,2724,0.9687405228614807
31,11158,0.9686012268066406
31,10788,0.9684242606163025
31,10406,0.9682690501213074
31,13680,0.9679355621337891
30,4618,0.9678177237510681
31,1487,0.9673523902893066
31,2299,0.9669727683067322
30,7015,0.9666335582733154
30,5695,0.965802013874054
30,9191,0.9651031494140625
31,6525,0.9637289047241211
30,6115,0.9630556106567383
31,12584,0.9617172479629517
31,7020,0.9609414339065552
30,7431,0.9597416520118713
31,10161,0.9590294361114502
31,2867,0.9585713744163513
30,11194,0.958324670791626
31,10555,0.9582233428955078
31,5750,0.9578791260719299
29,5363,0.9577017426490784
29,7284,0.9576801061630249
30,3700,0.9576278924942017
30,10952,0.9575903415679932
31,1992,0.9573424458503723
31,9312,0.9566969275474548
30,9608,0.9566853642463684
29,1658,0.9560207724571228
30,677,0.9549728631973267
30,4842,0.9547728896141052
31,507,0.9542919993400574
30,11083,0.9539368152618408
31,7638,0.9536994695663452
30,8127,0.9531897306442261
30,3195,0.9522389769554138
29,2169,0.9518548250198364
31,4097,0.9515172243118286
30,2969,0.9507189393043518
30,8200,0.9505978226661682
30,1574,0.9489410519599915
30,11703,0.9483019709587097
30,6973,0.947995662689209
31,6247,0.9477604031562805
30,11893,0.9473870992660522
30,1171,0.9470901489257812
28,10843,0.9467505812644958
30,5591,0.9463656544685364
31,1208,0.9457249045372009
30,7600,0.9456564784049988
30,7172,0.9456292986869812
29,11511,0.945588231086731
31,5168,0.9450945258140564
31,4518,0.9444711208343506
30,9451,0.944110095500946
29,13254,0.9437573552131653
31,6029,0.943266749382019
31,9883,0.942775309085846
30,9793,0.9426560401916504
30,3503,0.9415799975395203
29,6281,0.9413319826126099
31,5920,0.9409295916557312
30,3803,0.9389007091522217
30,14280,0.938733696937561
31,409,0.9386995434761047
31,4178,0.9384750723838806
30,806,0.9383484721183777
30,5975,0.938011109828949
31,13024,0.9379920959472656
30,6413,0.937774658203125
31,6105,0.9375104308128357
31,641,0.9373531937599182
30,1891,0.9371935129165649
30,1482,0.937083899974823
31,6082,0.936000406742096
31,3840,0.9358654618263245
31,6919,0.9356256127357483
30,8288,0.935055673122406
31,6085,0.9350261092185974
31,110,0.9348806738853455
31,12717,0.9348345398902893
30,3786,0.9344942569732666
30,7319,0.9343198537826538
29,10402,0.9342284798622131
31,3057,0.9340331554412842
31,10553,0.933321475982666
30,2318,0.9333094358444214
31,11492,0.9330336451530457
31,943,0.9328299164772034
30,6110,0.9327519536018372
31,3104,0.9327493906021118
31,5852,0.93264240026474
31,7208,0.9324056506156921
31,8499,0.932357668876648
31,1776,0.9322417378425598
31,6764,0.9317828416824341
31,8695,0.9314526915550232
31,8128,0.9301720261573792
31,4120,0.9295295476913452
30,2808,0.928643524646759
31,11314,0.9281809329986572
30,7857,0.9279448986053467
31,5493,0.9278905987739563
30,8028,0.927554190158844
31,5745,0.9265751242637634
31,7577,0.9264360070228577
30,1431,0.9261788129806519
31,8182,0.9254491329193115
31,1961,0.9253997802734375
31,12150,0.924903929233551
30,7442,0.9244734644889832
30,6971,0.9244325757026672
31,5644,0.9241655468940735
31,7387,0.9241462349891663
31,640,0.9241107702255249
31,6143,0.9218251705169678
31,11172,0.921338677406311
30,9713,0.9211869835853577
29,13667,0.9209587574005127
31,8110,0.9208602905273438
30,10433,0.9206281900405884
31,9523,0.9204630851745605
31,4457,0.9198455214500427
31,3599,0.9198242425918579
31,4919,0.9196231365203857
31,3506,0.9196152091026306
31,511,0.9192996025085449
27,307,0.9187659621238708
30,6531,0.9183270335197449
30,13989,0.9179843068122864
31,2770,0.9179725646972656
31,4062,0.9176780581474304
31,9350,0.9175427556037903
30,9240,0.9175151586532593
31,1689,0.9173007011413574
30,3716,0.9172454476356506
30,13538,0.916620135307312
31,5471,0.9162024259567261
31,9715,0.9157015681266785
31,9133,0.9156931042671204
31,3174,0.9149988293647766
31,4732,0.9143522381782532
30,8711,0.9143439531326294
31,9665,0.9142196774482727
31,7566,0.913997232913971
31,3672,0.9128752946853638
30,7366,0.9128254055976868
28,718,0.9125731587409973
31,9553,0.9123831987380981
29,1303,0.9118000864982605
30,3543,0.9115365743637085
30,7299,0.9113289713859558
31,10949,0.911203145980835
30,4472,0.9109706282615662
31,8236,0.9107871055603027
30,10295,0.9105238318443298
30,12460,0.910476565361023
30,765,0.9103455543518066
20,4060,0.9097669124603271
31,14016,0.9090655446052551
30,13235,0.9088822603225708
30,655,0.9087499380111694
31,1496,0.9079562425613403
31,1542,0.9079273343086243
31,6364,0.9077295064926147
29,3895,0.9076844453811646
31,7936,0.9067366123199463
31,12296,0.9066544771194458
31,10948,0.9064168334007263
29,12267,0.9063056707382202
31,13882,0.9059906601905823
31,3607,0.9058329463005066
30,12067,0.9056352376937866
30,12963,0.9052091240882874
31,4594,0.905027449131012
31,3685,0.9042233824729919
31,12048,0.9040835499763489
31,11258,0.9038480520248413
29,9595,0.9026975035667419
30,1516,0.9015715718269348
30,8226,0.9014622569084167
31,13909,0.9012935757637024
31,3930,0.9012085795402527
30,1795,0.9007961750030518
30,10494,0.9005874991416931
30,191,0.900234043598175
31,9790,0.8999271392822266
30,367,0.8996233344078064
29,9016,0.899115800857544
31,13957,0.898725688457489
31,8524,0.8985344171524048
31,9475,0.8984716534614563
31,4906,0.8984686136245728
31,3440,0.8984180092811584
31,10995,0.8978615403175354
31,3682,0.8976441025733948
30,4382,0.8976002335548401
31,778,0.8973685503005981
30,9305,0.8965239524841309
31,1493,0.8961942791938782
30,4800,0.8961807489395142
30,13607,0.8961425423622131
29,8424,0.8957845568656921
31,8791,0.8952743411064148
30,10949,0.8948078751564026
29,1175,0.8947911858558655
30,1829,0.8944857716560364
30,879,0.8940097093582153
31,8777,0.8939825892448425
31,9054,0.8929147720336914
30,9843,0.8927941918373108
30,7410,0.8923980593681335
31,9127,0.8919547200202942
31,8074,0.8917983770370483
31,4182,0.8911756873130798
31,2331,0.8911422491073608
30,6165,0.8911362290382385
30,10473,0.8910219669342041
30,125,0.8910033106803894
31,5394,0.8908613920211792
31,3485,0.8903989195823669
31,12174,0.8896710276603699
31,6220,0.8892101645469666
31,9012,0.8888309597969055
31,12999,0.8880411982536316
29,12211,0.8873622417449951
29,9901,0.8873472213745117
30,2214,0.8858834505081177
31,6355,0.8856515288352966
31,1947,0.8852731585502625
31,4633,0.8852481842041016
31,13662,0.8852132558822632
31,5897,0.8847368359565735
31,11279,0.8847155570983887
31,11140,0.8838427662849426
31,6090,0.8838157057762146
30,404,0.8835100531578064
31,13630,0.883444607257843
31,6928,0.8828493356704712
30,2558,0.8827477097511292
30,5886,0.8826399445533752
30,12914,0.8826145529747009
30,7144,0.8822792768478394
31,730,0.8822013735771179
31,12400,0.8821098208427429
31,6926,0.8819771409034729
31,609,0.8812918663024902
31,10427,0.8807528018951416
31,5089,0.8806869387626648
31,4415,0.8805469870567322
29,169,0.8805109262466431
31,14058,0.8804698586463928
30,11360,0.8804476261138916
31,8766,0.8796901702880859
31,7117,0.8791876435279846
30,4684,0.8790544867515564
31,5050,0.8786751627922058
31,11757,0.8782224059104919
31,5758,0.8781902194023132
31,10513,0.8778908252716064
29,3694,0.8776785731315613
30,9758,0.8773196339607239
31,2675,0.8770383596420288
30,6252,0.8768519759178162
29,8740,0.875933051109314
31,3483,0.8756271600723267
31,8999,0.8754557371139526
31,3197,0.8751584887504578
31,5470,0.8746029138565063
31,13149,0.8745381832122803
31,5051,0.8744140267372131
31,10077,0.8731849789619446
31,10399,0.8730736374855042
30,6640,0.8727201223373413
31,12511,0.8727119565010071
30,13159,0.8727011680603027
31,10776,0.8726755380630493
30,7346,0.8723452091217041
31,11175,0.8723222613334656
30,6100,0.8719496726989746
31,7514,0.871799111366272
31,429,0.8713873028755188
31,7399,0.8711075782775879
31,9597,0.8708680868148804
31,10775,0.8700001239776611
30,4675,0.8696178793907166
30,3820,0.8694385290145874
30,13285,0.8688890933990479
31,8229,0.8684989809989929
31,9667,0.8684049844741821
31,10348,0.8683809638023376
31,3472,0.8670316934585571
31,10036,0.8669780492782593
31,13518,0.8666642308235168
29,13238,0.866323709487915
31,4946,0.866250216960907
31,4527,0.8653112649917603
30,271,0.864349365234375
30,14026,0.8642002940177917
31,5934,0.8640137314796448
31,5590,0.8640022873878479
31,8633,0.8637780547142029
30,8500,0.8634434938430786
31,3828,0.8631898164749146
30,12446,0.8631299138069153
29,7349,0.8629733324050903
30,1177,0.8626784086227417
31,9557,0.8625993132591248
31,13525,0.8621565699577332
30,9117,0.8613969087600708
29,10902,0.8610520958900452
31,8809,0.8610153198242188
31,9507,0.8609264492988586
31,4820,0.8607094883918762
30,12009,0.8600592613220215
30,11725,0.8595445156097412
31,894,0.8586682677268982
31,7066,0.8583154082298279
31,9115,0.8574981093406677
30,5610,0.8574400544166565
31,4233,0.8573588728904724
30,8223,0.8571375012397766
30,12200,0.856676459312439
30,6344,0.8564609289169312
31,8653,0.8558325171470642
31,14239,0.8556787967681885
30,7304,0.8556110858917236
31,2885,0.8553421497344971
31,2689,0.8553066849708557
31,9240,0.8545090556144714
29,4266,0.8538466095924377
31,2935,0.8538203835487366
29,1550,0.8523004055023193
29,10723,0.8522377014160156
31,5448,0.8520606756210327
31,2345,0.852044403553009
31,7833,0.8517595529556274
30,10887,0.8516257405281067
31,11622,0.8501630425453186
30,13730,0.8497493267059326
31,6076,0.8494677543640137
31,6386,0.849084198474884
30,6448,0.8482667803764343
31,9176,0.8478869199752808
30,5615,0.8473390340805054
31,2405,0.8469758033752441
31,190,0.8469648361206055
31,1370,0.8465238809585571
17,2876,0.8463734984397888
30,13422,0.8456419706344604
30,6480,0.8445462584495544
30,12827,0.8444119691848755
31,6493,0.8442928791046143
31,7562,0.8439695239067078
31,4663,0.8433708548545837
29,4420,0.8433600664138794
31,254,0.8432086706161499
30,6331,0.8430878520011902
30,11202,0.8427892923355103
31,12723,0.8424021601676941
31,12120,0.8421063423156738
29,12533,0.8415107131004333
30,1777,0.84139084815979
31,9976,0.8413438200950623
31,13122,0.8412529826164246
31,1662,0.8412038683891296
31,10690,0.8412021398544312
31,9291,0.8407877087593079
31,6445,0.8406460881233215
30,2817,0.8401647806167603
31,11185,0.8400694727897644
31,13184,0.8400558233261108
31,12280,0.8399344682693481
31,11010,0.8394507765769958
30,13600,0.8393742442131042
31,2004,0.8393734693527222
31,350,0.8391895890235901
31,7278,0.8390465974807739
31,3043,0.8387612104415894
31,2449,0.8382652401924133
31,7973,0.8381244540214539
31,2288,0.8378929495811462
30,3777,0.8377045392990112
28,1953,0.8373515605926514
30,10152,0.837271511554718
30,6547,0.8371102809906006
31,594,0.8369119167327881
30,3988,0.8368896842002869
31,2875,0.8367922306060791
30,6476,0.8367881178855896
30,1018,0.8362295031547546
29,12910,0.8361520171165466
31,629,0.8360212445259094
31,8862,0.8360049724578857
31,6992,0.8340886831283569
31,9294,0.8332949876785278
31,1530,0.8331388831138611
31,13465,0.8322732448577881
31,7463,0.8321168422698975
31,2155,0.8320587277412415
31,14103,0.8318184018135071
31,5551,0.8317297101020813
31,482,0.8316767811775208
31,775,0.8309779167175293
29,14120,0.8308154940605164
30,3336,0.8298028111457825
31,2213,0.8296360373497009
31,1244,0.8287038803100586
31,259,0.8286892771720886
31,12008,0.8286480903625488
30,3597,0.8282637596130371
30,5122,0.8280869722366333
31,4645,0.828018844127655
31,4672,0.8277978897094727
31,10488,0.8269051313400269
29,6894,0.8268061876296997
31,5969,0.8262140154838562
31,7245,0.8255225419998169
31,3384,0.8254290223121643
31,10946,0.8253986239433289
30,1152,0.8250893950462341
31,4754,0.825052797794342
30,1457,0.8249719738960266
30,5357,0.8246563076972961
30,8031,0.8244450688362122
30,3675,0.8242354393005371
30,9198,0.8240489959716797
31,12156,0.8239570260047913
31,1844,0.8236961364746094
31,7425,0.8231953978538513
31,6584,0.8229734301567078
31,2775,0.822616696357727
31,4400,0.8221500515937805
31,9547,0.8220511674880981
31,7819,0.8219830393791199
30,14123,0.8218565583229065
31,344,0.8218287229537964
30,5771,0.8216431736946106
30,8194,0.8216298222541809
30,862,0.8213101029396057
30,10120,0.821254551410675
30,1608,0.8209974765777588
28,13614,0.8208699226379395
30,5311,0.8207277655601501
31,3722,0.8206943869590759
30,10777,0.8205309510231018
31,8135,0.8202493190765381
30,10158,0.8200479745864868
31,3235,0.8199688792228699
31,7812,0.8199133276939392
30,2087,0.8195717930793762
30,4541,0.8194494843482971
30,13473,0.8194277286529541
30,4431,0.8181924819946289
31,6685,0.8176689147949219
30,1209,0.8172454237937927
31,9521,0.8172271847724915
28,6701,0.8170208930969238
30,2196,0.8166650533676147
30,12127,0.8165974020957947
31,11198,0.815848171710968
31,8450,0.8157277703285217
30,6578,0.8156341314315796
31,8700,0.8156282901763916
30,7367,0.8156187534332275
30,4578,0.8153268098831177
30,559,0.8149901628494263
31,11985,0.8149093985557556
31,2575,0.8140294551849365
31,4554,0.8136019110679626
31,1232,0.8134527802467346
30,526,0.8119742274284363
31,3101,0.81183922290802
30,7616,0.8115839958190918
30,10254,0.8115314245223999
28,7385,0.811487078666687
31,12742,0.8112622499465942
31,3778,0.8110758066177368
30,8925,0.8109239935874939
30,11103,0.8106192350387573
31,2538,0.8104500770568848
30,7325,0.8093221783638
31,6419,0.8091721534729004
30,5269,0.8084388971328735
31,12305,0.8084275126457214
31,11860,0.8083914518356323
23,2565,0.8077402114868164
29,8788,0.8076264262199402
29,6089,0.8074864745140076
31,8928,0.8072044849395752
31,6243,0.8067173957824707
31,830,0.806420624256134
31,13967,0.8060911893844604
31,9256,0.8060625791549683
31,5485,0.8058960437774658
31,3721,0.8057236075401306
30,2717,0.8054049611091614
31,5108,0.8050578236579895
30,7463,0.8048810958862305
31,1816,0.8045700788497925
31,8910,0.804355263710022
30,14027,0.8038557171821594
31,13476,0.8032436966896057
31,2229,0.8031535744667053
30,2904,0.8029821515083313
31,9375,0.8023099303245544
31,328,0.8021456599235535
31,11552,0.8013505339622498
29,2650,0.8010152578353882
31,7484,0.8009027242660522
30,1272,0.8007885813713074
30,11151,0.8006826043128967
31,1460,0.8004240393638611
31,1246,0.8001517057418823
29,11917,0.8000928163528442
31,11778,0.8000527024269104
31,4275,0.7997602820396423
31,9504,0.7997017502784729
31,4221,0.7996775507926941
31,2943,0.7996680736541748
30,7066,0.7993664741516113
30,283,0.7989263534545898
28,11188,0.7987790107727051
31,291,0.798605740070343
30,13860,0.7985960841178894
31,10575,0.7985156178474426
31,2301,0.7981653213500977
31,267,0.7977293133735657
31,6494,0.7974873781204224
31,5722,0.7972701191902161
31,10363,0.796601414680481
31,9734,0.7964054346084595
31,13728,0.7962633371353149
31,884,0.7955631017684937
31,5114,0.7948033213615417
31,13891,0.7947544455528259
31,95,0.7944231629371643
31,11713,0.7944134473800659
30,8726,0.7942423224449158
31,9448,0.794181227684021
31,8557,0.7941635251045227
31,3119,0.7939130663871765
31,7342,0.7938289046287537
29,715,0.7936502695083618
31,1665,0.7936191558837891
30,11859,0.7936084866523743
30,12563,0.7934619188308716
31,11123,0.7934345602989197
31,473,0.7933891415596008
31,8205,0.7933886647224426
31,4876,0.7931881546974182
31,8398,0.7931375503540039
31,12165,0.7929664850234985
30,7002,0.7929040789604187
31,6221,0.7924330830574036
28,13736,0.7923158407211304
31,13218,0.7921321988105774
31,12393,0.7920870184898376
31,12486,0.7920827865600586
29,313,0.7920202612876892
30,14159,0.7916406989097595
30,14215,0.7912488579750061
11,13368,0.7912257313728333
31,9518,0.7911346554756165
31,9326,0.7908629775047302
31,7963,0.7908508777618408
30,7004,0.7905730605125427
30,7037,0.7900670170783997
31,791,0.7899709343910217
30,14244,0.7897820472717285
31,4000,0.7896403074264526
31,13087,0.7894198298454285
31,5399,0.7889109253883362
31,3015,0.7888337969779968
30,8886,0.7878058552742004
30,4775,0.7875102162361145
31,13298,0.7874728441238403
31,12502,0.7864437103271484
30,12375,0.786173939704895
31,2798,0.7859429717063904
30,13260,0.7858110070228577
31,7294,0.785706102848053
30,8749,0.7854301333427429
31,5539,0.7853348255157471
30,9106,0.7852804064750671
30,2363,0.785132646560669
31,4964,0.7849462032318115
31,3259,0.784278392791748
31,10060,0.7842390537261963
31,12241,0.7842296957969666
30,8775,0.7840771079063416
30,11007,0.783737301826477
30,5259,0.783674955368042
31,4717,0.7828019857406616
31,4509,0.7827722430229187
31,2129,0.7825501561164856
30,7656,0.7823404669761658
31,5161,0.7819163203239441
31,9516,0.7816655039787292
30,323,0.7816256284713745
30,7638,0.7815791368484497
29,1785,0.7814290523529053
29,1773,0.7814245223999023
31,9262,0.7813140153884888
28,447,0.7810069918632507
31,10104,0.7809942960739136
31,4983,0.780620813369751
31,639,0.7805129885673523
31,8952,0.7801751494407654
31,260,0.7799727320671082
30,1330,0.7792935967445374
29,4284,0.7789854407310486
31,10525,0.7787082195281982
30,3912,0.7784513235092163
30,9697,0.7783169746398926
31,8384,0.7766512036323547
31,4026,0.7764278650283813
30,10645,0.7764075994491577
31,9299,0.7764001488685608
31,75,0.7763153910636902
31,13606,0.7760010361671448
30,12878,0.7750095129013062
31,13058,0.7740268707275391
31,4139,0.7738140225410461
30,3347,0.7735886573791504
30,12357,0.7734869718551636
31,12494,0.7732179760932922
31,8006,0.7730051875114441
31,8305,0.7729501724243164
31,1777,0.7727017402648926
31,6439,0.772659182548523
31,8591,0.7723637223243713
31,561,0.7722448110580444
31,11969,0.7712968587875366
31,6422,0.7711610198020935
31,2275,0.7711197137832642
31,3871,0.7710738182067871
30,12713,0.7707594633102417
31,66,0.7705968618392944
30,8249,0.7703748941421509
30,1819,0.7703311443328857
30,12554,0.7702059149742126
31,6084,0.7694852352142334
30,9503,0.7685483694076538
30,8492,0.7683635354042053
31,77,0.7682300806045532
31,6009,0.7679361701011658
31,12779,0.7675166726112366
31,3611,0.7673553228378296
29,6676,0.7670596837997437
31,8631,0.7669634819030762
31,5349,0.7665085196495056
31,11581,0.7653691172599792
30,13927,0.7653504610061646
31,7687,0.7652177810668945
30,13047,0.7649492621421814
30,5140,0.7648628354072571
31,11371,0.7648609280586243
31,712,0.7641079425811768
31,1423,0.7640734314918518
30,7091,0.7640221118927002
31,9947,0.7634955644607544
30,8954,0.7627100944519043
31,11647,0.7624571323394775
31,7368,0.7624496817588806
30,8700,0.7623412013053894
31,4653,0.7614606618881226
31,10982,0.761368453502655
31,11495,0.7611539959907532
31,3571,0.7611368894577026
31,9647,0.7603321671485901
30,6648,0.7602707147598267
31,8200,0.7595091462135315
29,8753,0.7594964504241943
31,10377,0.7590613961219788
31,9231,0.7587270736694336
31,10271,0.7586524486541748
31,3099,0.7586243152618408
31,7206,0.7582122683525085
30,3631,0.7575196623802185
30,6680,0.7574486136436462
30,12629,0.757436215877533
30,2470,0.7570913434028625
30,13048,0.7567285895347595
31,13217,0.7565348148345947
31,4657,0.7563695311546326
30,13354,0.7559738159179688
31,3750,0.7558953762054443
30,14092,0.7558804154396057
31,880,0.7555758357048035
30,2695,0.7555745840072632
31,529,0.7554566860198975
28,1377,0.7552176713943481
31,8214,0.7551417350769043
30,10353,0.7547833919525146
29,1619,0.7546666264533997
30,8382,0.7545586228370667
30,13021,0.7541645169258118
30,2100,0.7541581392288208
30,7784,0.7541379332542419
31,13707,0.7539551854133606
31,4920,0.7537921667098999
31,5924,0.75348961353302
31,4710,0.7533559203147888
31,3464,0.753317654132843
30,13286,0.7531028389930725
31,14090,0.7530967593193054
30,13587,0.7522493004798889
30,11373,0.7518454194068909
31,12476,0.7514833807945251
31,11126,0.751050591468811
31,10392,0.7504721283912659
31,12277,0.7502827644348145
31,9292,0.7501614093780518
28,8574,0.7499992251396179
30,7748,0.7495965957641602
31,8169,0.7494776248931885
31,5232,0.7494747638702393
31,13610,0.7491557598114014
31,9216,0.7488915324211121
30,6886,0.7486985325813293
29,6623,0.7484529614448547
31,3451,0.7484244108200073
28,9026,0.7483211755752563
30,9142,0.7480848431587219
29,12067,0.7479067444801331
31,6007,0.7476886510848999
31,9551,0.7474284768104553
31,70,0.7473544478416443
29,9738,0.7471421360969543
30,11577,0.7470858693122864
30,10303,0.7468511462211609
31,2076,0.7466453909873962
29,9513,0.7465973496437073
30,4571,0.7461972832679749
31,1250,0.7455931901931763
30,1964,0.7454081773757935
29,9706,0.7451137900352478
31,9778,0.7450271248817444
31,9877,0.7436746954917908
31,12920,0.743425726890564
31,12971,0.7429229617118835
31,7613,0.7427518963813782
31,13874,0.7423471808433533
31,6626,0.7422178983688354
31,9046,0.7419532537460327
31,6588,0.7418389916419983
29,2205,0.7411907911300659
30,5841,0.7406561374664307
31,4729,0.7405248880386353
31,14190,0.7402266263961792
31,6165,0.7401197552680969
31,658,0.7399125099182129
31,3729,0.7398841977119446
31,7451,0.7396337389945984
29,8501,0.739612877368927
30,3878,0.7395262122154236
30,9946,0.7393303513526917
30,5528,0.7392220497131348
31,5437,0.739186704158783
31,10329,0.7391703724861145
29,6380,0.7388920783996582
31,9500,0.7387006282806396
31,6918,0.7380051612854004
31,10414,0.7374886274337769
30,9559,0.7369968891143799
30,12283,0.736659049987793
31,3620,0.7366402745246887
31,3444,0.7365191578865051
31,10514,0.7360524535179138
30,9708,0.7359248399734497
31,2334,0.7358482480049133
30,1391,0.7357957363128662
31,3480,0.7353309392929077
29,11285,0.735160231590271
30,3136,0.7350432872772217
31,2511,0.7349785566329956
31,13668,0.7349340319633484
31,310,0.7348491549491882
28,6308,0.7344700694084167
31,3872,0.7341526746749878
31,5025,0.7339009046554565
31,3716,0.7338927388191223
30,11840,0.7337633371353149
31,5026,0.7336639761924744
31,5118,0.7334751486778259
31,4840,0.7334707975387573
31,14249,0.7334308624267578
30,2298,0.7334277629852295
31,8234,0.7330023646354675
31,2315,0.732955276966095
31,1190,0.7328932285308838
31,11276,0.7325379848480225
31,4817,0.732435405254364
31,12541,0.7324000000953674
31,12645,0.7323397397994995
31,13185,0.7321117520332336
31,9070,0.7318509221076965
31,9822,0.7318215370178223
31,5959,0.7317525148391724
31,12193,0.731727123260498
21,12373,0.7314108610153198
31,9875,0.7313129305839539
31,13312,0.7306286692619324
27,11829,0.7304307222366333
31,2119,0.7303573489189148
30,2018,0.7303351163864136
31,4059,0.7302506566047668
31,2420,0.7298542261123657
31,11885,0.7296715974807739
31,5517,0.7287595868110657
29,10857,0.7284112572669983
31,13195,0.7280850410461426
31,11562,0.7277525663375854
29,3045,0.7275572419166565
31,11738,0.7269559502601624
30,1623,0.7264282703399658
31,2434,0.7260987162590027
31,8699,0.7258213758468628
31,9929,0.7253416180610657
30,12717,0.7252680659294128
30,9739,0.7251899242401123
30,8349,0.7251169681549072
31,3647,0.7250850200653076
31,14112,0.72507643699646
30,212,0.7249010801315308
30,13364,0.7245222330093384
31,1838,0.7243751883506775
30,4014,0.7239291071891785
30,8780,0.7236442565917969
30,5486,0.7234731912612915
31,5426,0.7234081625938416
31,1126,0.7232595086097717
31,10381,0.7229230999946594
31,1539,0.7228170037269592
29,13181,0.7224878072738647
31,13574,0.7223067879676819
29,11605,0.7221936583518982
31,3834,0.7221834063529968
31,3642,0.7215962409973145
23,11765,0.7210305333137512
31,13472,0.7209202647209167
31,10102,0.7208827137947083
31,7153,0.7206470370292664
29,3115,0.7204836010932922
31,3045,0.7200825810432434
31,11813,0.7200376391410828
30,14299,0.7199503779411316
30,4709,0.7197752594947815
31,9513,0.7196502685546875
31,11775,0.719400942325592
29,13257,0.7193779349327087
31,13976,0.7190936803817749
29,7042,0.7189800143241882
31,6413,0.7188750505447388
30,6911,0.7187261581420898
31,13404,0.7181291580200195
31,11516,0.718095600605011
31,7460,0.7177201509475708
30,2516,0.7169877886772156
30,9514,0.7169003486633301
30,13697,0.7167770266532898
30,11445,0.7165932059288025
30,8932,0.7164110541343689
31,6326,0.7163377404212952
31,3787,0.7160791754722595
31,11445,0.7159938812255859
30,13650,0.7158560752868652
31,2891,0.7157980799674988
31,4484,0.7156580090522766
31,4197,0.7155848145484924
31,9049,0.7155512571334839
30,4384,0.7154866456985474
31,349,0.7154558897018433
31,10158,0.7154455184936523
31,4302,0.7153488993644714
31,9680,0.7151567935943604
31,12009,0.7151524424552917
31,11480,0.7150676250457764
30,4189,0.7147297859191895
31,12850,0.7146362066268921
30,11268,0.7146338820457458
31,295,0.7146213054656982
31,48,0.7145903706550598
29,1823,0.7140081524848938
31,12168,0.7139706611633301
31,6760,0.7136830687522888
30,2401,0.7136123776435852
31,7078,0.7135708332061768
31,8298,0.7134730219841003
31,3988,0.7134618163108826
30,13696,0.7129036784172058
31,7605,0.712797999382019
30,3331,0.7125559449195862
30,9324,0.7125353217124939
31,5814,0.7124391794204712
30,12522,0.7123972177505493
31,8567,0.7122417092323303
30,9439,0.7120983004570007
31,151,0.7120743989944458
31,12851,0.7117063999176025
31,5655,0.7116861939430237
30,6199,0.7114686369895935
31,8307,0.7113397717475891
31,660,0.7111911773681641
31,4257,0.7107466459274292
31,9252,0.7104806303977966
31,1202,0.7103829979896545
31,4862,0.7102271318435669
31,2008,0.7098199725151062
31,12922,0.7097997069358826
29,11740,0.7093783617019653
30,4334,0.7091778516769409
31,8004,0.7089036107063293
31,3869,0.7086332440376282
31,13416,0.7083449959754944
31,9454,0.7082874774932861
31,6401,0.7080234289169312
31,12270,0.7078979015350342
30,12702,0.7077889442443848
31,3400,0.7070648670196533
31,10830,0.7070164680480957
30,950,0.7069694399833679
30,5718,0.7057297229766846
31,13324,0.7056366205215454
30,9598,0.7052541971206665
31,10408,0.7052327394485474
31,5624,0.7051636576652527
30,13667,0.7049731612205505
30,6954,0.7046085000038147
29,11650,0.7040888071060181
30,13570,0.704059362411499
31,3876,0.7038116455078125
31,3256,0.703801155090332
30,8539,0.7034972310066223
10,3204,0.7029673457145691
31,11325,0.7029628157615662
30,2074,0.7029384970664978
31,12266,0.7028555274009705
30,7624,0.7025973200798035
31,8780,0.7023393511772156
31,8580,0.7021698951721191
31,9208,0.70174241065979
29,12104,0.701724112033844
31,6839,0.701579749584198
31,711,0.7015182375907898
31,12508,0.7009402513504028
30,2459,0.7005845904350281
31,12220,0.7001509070396423
31,13569,0.6999046802520752
31,2335,0.6994617581367493
30,11138,0.6990781426429749
30,10682,0.6989850997924805
31,12768,0.6989023685455322
31,5427,0.6988512277603149
30,5726,0.6985077857971191
30,7744,0.6984975337982178
8,12301,0.6984870433807373
30,10260,0.6981397271156311
31,6278,0.6980959177017212
31,12659,0.6978083848953247
31,6464,0.6976847052574158
30,6194,0.6975929141044617
31,5115,0.6972209811210632
31,13129,0.6970231533050537
31,5061,0.6969818472862244
29,1596,0.6966050267219543
29,12117,0.6961978077888489
31,3551,0.6958690881729126
31,1663,0.6958380341529846
29,12691,0.6958053112030029
31,6510,0.6956295371055603
31,5159,0.6955364942550659
31,14118,0.6954396963119507
31,5245,0.6952908039093018
29,3412,0.6950740814208984
31,14057,0.6947066187858582
30,6168,0.694572925567627
31,4173,0.6945584416389465
31,6023,0.6941800117492676
31,7375,0.6940204501152039
31,8401,0.6940057873725891
31,1320,0.6938638687133789
31,13466,0.6938091516494751
31,5698,0.6936479210853577
31,9050,0.693618893623352
31,4399,0.6935851573944092
29,9129,0.6935248374938965
30,2412,0.6931048631668091
31,11481,0.6928728818893433
30,10365,0.692172110080719
31,10506,0.6918924450874329
29,12755,0.6918716430664062
31,11235,0.6916707754135132
30,3033,0.691653847694397
31,11361,0.691382110118866
31,12021,0.6909744143486023
31,8698,0.690885066986084
30,5794,0.6908727288246155
31,13534,0.6908255815505981
31,2513,0.6906063556671143
30,14146,0.6901296377182007
31,14031,0.6900246143341064
31,11435,0.6899653077125549
31,4665,0.6895405054092407
30,4836,0.6891410946846008
31,5000,0.6891399025917053
31,2596,0.6890650987625122
31,12361,0.6888918280601501
30,5336,0.6888590455055237
30,9317,0.6887139081954956
30,13471,0.6880764365196228
31,12425,0.6879760026931763
31,4780,0.6879622936248779
31,6159,0.6878568530082703
31,10323,0.6876833438873291
30,2367,0.6876195669174194
31,4354,0.6875807046890259
31,13835,0.6875166296958923
31,7844,0.6871628761291504
30,13869,0.6870166063308716
31,6549,0.6869055032730103
29,7509,0.6868632435798645
31,600,0.686857283115387
29,11772,0.6867149472236633
30,12083,0.6865354180335999
30,305,0.6864494681358337
31,7079,0.6862866878509521
31,10006,0.6862736344337463
30,12484,0.6859687566757202
31,8446,0.6858043074607849
31,10402,0.685286819934845
31,1755,0.6849673986434937
31,882,0.684878945350647
31,1057,0.6847463250160217
31,4157,0.6847179532051086
29,6168,0.6844796538352966
31,5093,0.6842494010925293
31,3967,0.6840858459472656
31,219,0.6840758323669434
29,10987,0.6840188503265381
31,13973,0.6840043067932129
31,3183,0.683868408203125
31,5632,0.6836936473846436
31,12248,0.6836273670196533
31,4136,0.683497965335846
31,13392,0.683222770690918
29,9221,0.6831254363059998
30,9115,0.6829598546028137
29,4831,0.6829078197479248
31,10989,0.6827574968338013
31,3873,0.6823585629463196
31,2971,0.682127833366394
31,12582,0.6814410090446472
31,10929,0.6813846230506897
31,4844,0.6811867952346802
31,2630,0.6807938814163208
31,3222,0.6805719137191772
30,6582,0.6805404424667358
31,13493,0.6805195808410645
13,4375,0.6802942156791687
27,10816,0.6801952719688416
31,786,0.680173933506012
31,6130,0.6799837946891785
30,13104,0.679862380027771
31,1227,0.6798348426818848
31,9261,0.6798049807548523
31,1240,0.6793684363365173
29,6914,0.6792989373207092
31,8663,0.6791672110557556
31,6837,0.6791543960571289
31,7783,0.679105281829834
31,8272,0.6791020631790161
31,13519,0.6789275407791138
31,10801,0.6784242987632751
30,3557,0.6781535148620605
31,2951,0.6780757308006287
30,6242,0.6780312061309814
31,8458,0.678019106388092
31,6403,0.6777378916740417
27,8896,0.6777291297912598
31,7706,0.6776559352874756
31,11200,0.6775628924369812
29,4663,0.6775482296943665
30,3152,0.6775141954421997
31,11218,0.6773648262023926
31,5804,0.6773507595062256
30,7908,0.6773161888122559
31,9919,0.6769671440124512
29,13822,0.676862895488739
31,6384,0.6766172647476196
30,9965,0.6765701174736023
31,7964,0.6761296987533569
31,8461,0.6760966777801514
29,10788,0.6759158372879028
31,8881,0.675633430480957
31,12548,0.67554771900177
31,9494,0.675365686416626
30,3843,0.6751745939254761
31,5403,0.6751519441604614
30,12144,0.6748912334442139
30,6312,0.6748848557472229
31,13675,0.67473304271698
31,7508,0.6746488809585571
29,1566,0.6746360063552856
29,12632,0.6742607355117798
31,14063,0.674233615398407
29,3843,0.6739377975463867
31,11965,0.6738486289978027
31,1091,0.6736656427383423
30,9143,0.6734927892684937
31,9858,0.6732262372970581
31,185,0.6729178428649902
31,10202,0.6726564168930054
31,3849,0.6725798845291138
31,1728,0.6723474264144897
31,12091,0.6717565655708313
30,10586,0.6713525652885437
29,4566,0.6712549924850464
31,12857,0.6710595488548279
31,1533,0.6710019111633301
29,3716,0.6709619164466858
31,1967,0.6708517074584961
31,13530,0.6707890629768372
31,13250,0.6703275442123413
31,4523,0.6702789068222046
31,3355,0.6700800061225891
30,9151,0.6699333786964417
29,10202,0.6698825359344482
30,1124,0.6697912812232971
31,7476,0.6697731018066406
31,5900,0.669684648513794
31,6420,0.6696598529815674
31,7148,0.6695525050163269
31,14198,0.6688703894615173
31,9440,0.668851375579834
30,6904,0.6688335537910461
31,3317,0.6687899231910706
29,10112,0.6686580777168274
31,5243,0.6683748960494995
31,1330,0.6683239340782166
31,13585,0.6680763363838196
29,1251,0.6680005788803101
31,5294,0.6679885983467102
30,1974,0.6678599119186401
31,1087,0.6677495837211609
30,6666,0.6676000952720642
31,9144,0.6675570011138916
30,239,0.6672998666763306
31,699,0.6671395301818848
31,2986,0.6668239235877991
31,8899,0.6666707396507263
31,9636,0.6666585803031921
31,5932,0.6665074825286865
28,9082,0.666341245174408
31,4918,0.6661586761474609
30,5073,0.666080117225647
31,7254,0.6660467982292175
31,13721,0.6658571362495422
30,11538,0.6657357215881348
31,10746,0.6652382612228394
31,2551,0.6652013659477234
30,8385,0.6649847030639648
30,5954,0.6649721264839172
31,13872,0.6647741794586182
31,2347,0.6645581126213074
31,11047,0.6645557880401611
30,2324,0.664389431476593
30,2683,0.6641604900360107
31,13277,0.6638374328613281
31,10531,0.6637423634529114
30,3802,0.6637202501296997
31,2163,0.663675844669342
31,6407,0.6634922623634338
31,3713,0.663192868232727
30,2252,0.6628831028938293
27,2106,0.6623914837837219
31,1385,0.6623879075050354
31,13619,0.6619101166725159
30,3727,0.6618107557296753
31,13228,0.6616747975349426
31,10285,0.6616622805595398
30,520,0.661473274230957
31,896,0.6611985564231873
30,41,0.6611668467521667
31,11378,0.6610564589500427
31,6015,0.6609704494476318
30,2593,0.660646378993988
30,11620,0.6606079936027527
31,6389,0.6605513095855713
31,4883,0.660347580909729
30,3681,0.6603336334228516
31,6060,0.6602407693862915
31,11029,0.6601788997650146
31,11952,0.6599873900413513
25,5781,0.659955620765686
31,7362,0.6593659520149231
29,9222,0.6593448519706726
31,7161,0.65895676612854
30,2519,0.6587135195732117
31,12888,0.6586297750473022
30,10941,0.6585744023323059
31,3224,0.6585251092910767
31,7725,0.6584331393241882
31,8726,0.6580544710159302
31,7485,0.6580074429512024
31,8968,0.6578875780105591
31,6721,0.6575118899345398
30,13018,0.6573177576065063
30,3077,0.657040536403656
31,4298,0.6570258140563965
30,14169,0.6567867994308472
30,12523,0.6567513942718506
31,7264,0.6564879417419434
31,1564,0.6563406586647034
31,4720,0.6559423804283142
30,12202,0.6552181839942932
14,12639,0.6552085876464844
31,2217,0.6547143459320068
31,167,0.654335081577301
30,11660,0.6541887521743774
30,4251,0.6541878581047058
31,6676,0.6538251042366028
31,13247,0.6537012457847595
30,6819,0.6536300778388977
31,4326,0.6535378098487854
31,608,0.6534465551376343
31,6656,0.6532610058784485
31,10630,0.6531774997711182
29,6987,0.653175950050354
30,1839,0.6531650424003601
31,7012,0.6529077887535095
31,449,0.652855396270752
29,2239,0.6523401141166687
31,6548,0.6520043015480042
30,7295,0.6518492698669434
31,4353,0.6518102288246155
31,5971,0.6517069935798645
31,2930,0.6516905426979065
31,7334,0.651405394077301
31,7683,0.6512790322303772
30,5872,0.651197075843811
28,6107,0.6508822441101074
30,3366,0.6507261395454407
31,8834,0.6506828665733337
31,11693,0.6502678394317627
31,8120,0.6499254107475281
31,6872,0.6498154997825623
30,3260,0.6495300531387329
31,10590,0.6494196057319641
31,1309,0.6493722200393677
31,11437,0.6492303013801575
31,11699,0.6491429805755615
31,12949,0.6487202644348145
31,10466,0.6484559774398804
31,5876,0.6483328938484192
31,3955,0.6480628848075867
31,9834,0.6480535864830017
31,6018,0.6479275226593018
30,1244,0.6479001641273499
31,7862,0.6477749347686768
30,14187,0.6475173234939575
31,9559,0.6471554040908813
31,7960,0.6469107270240784
31,1917,0.6466277241706848
30,12284,0.6465573906898499
31,10284,0.6465180516242981
31,3368,0.6463574767112732
30,4345,0.6463494300842285
31,844,0.6462503671646118
29,13799,0.6460863351821899
27,6226,0.6460399627685547
31,7793,0.6459985375404358
31,11251,0.6458891034126282
31,12342,0.6458191871643066
30,838,0.6455604434013367
30,10772,0.6453483700752258
31,12344,0.6452850103378296
30,5359,0.64473956823349
31,8930,0.6447181105613708
29,4740,0.6446804404258728
31,13178,0.6446757912635803
31,8824,0.6444244384765625
29,12784,0.6443261504173279
31,13279,0.6443215012550354
30,3683,0.6441915035247803
30,3307,0.643902599811554
31,8609,0.6438879370689392
31,5799,0.6438255310058594
30,2243,0.6437679529190063
31,7213,0.6435199975967407
31,3878,0.6433298587799072
31,3687,0.6432336568832397
30,9950,0.6432328224182129
31,12200,0.6430208683013916
31,12903,0.6430075168609619
31,2055,0.642983078956604
31,3882,0.6429314613342285
29,3979,0.6423422694206238
31,10300,0.6421324610710144
31,1780,0.6420994997024536
30,7204,0.6420758962631226
31,11209,0.6419878602027893
31,9387,0.6415955424308777
31,6411,0.6415344476699829
16,11875,0.6414317488670349
31,13478,0.6413541436195374
31,3646,0.6408718824386597
31,3289,0.6408201456069946
31,8279,0.6408135890960693
31,3962,0.640712320804596
29,7647,0.6404774785041809
29,11909,0.6402191519737244
28,5595,0.6400945782661438
31,9028,0.6399726271629333
30,10001,0.6397806406021118
30,1703,0.6396932005882263
31,11599,0.6396549344062805
31,13201,0.6395038962364197
30,6763,0.639165461063385
31,13515,0.6391569375991821
31,7195,0.6390694975852966
31,6776,0.639062225818634
28,13650,0.6389145255088806
30,10386,0.638338565826416
31,10220,0.6376050710678101
31,9016,0.6373859643936157
31,10639,0.6373423337936401
29,6732,0.6370532512664795
30,12524,0.6369840502738953
31,127,0.6369080543518066
30,9832,0.6367325782775879
31,11347,0.6365635991096497
31,8464,0.6365346908569336
31,7866,0.6364971399307251
31,9735,0.6360841393470764
31,1807,0.6359738707542419
31,7778,0.6356137990951538
30,931,0.6353589296340942
31,155,0.6353524327278137
31,9691,0.6353119015693665
30,9834,0.6352961659431458
31,4598,0.6351702213287354
31,13479,0.6350981593132019
31,10453,0.6346524357795715
30,9841,0.6346250176429749
30,8793,0.6344879865646362
30,62,0.6344484686851501
29,2422,0.6341180205345154
30,11952,0.6339817643165588
29,3411,0.6339775919914246
31,8544,0.6339386701583862
31,10870,0.6339329481124878
31,11216,0.6338537335395813
31,12365,0.6336624622344971
30,8853,0.633318305015564
31,6775,0.6331257224082947
31,13366,0.6329459547996521
30,9065,0.6325045228004456
31,8857,0.6320925951004028
30,8634,0.6319983601570129
31,10242,0.6319906115531921
31,624,0.6318049430847168
29,11997,0.6317148804664612
31,6914,0.631568968296051
31,10904,0.6315394043922424
31,12881,0.6313211917877197
31,9528,0.6311182379722595
31,9864,0.6310678720474243
31,6294,0.6310185790061951
30,4569,0.6309460401535034
31,10914,0.6309202313423157
31,6609,0.6306470036506653
30,4260,0.6306023001670837
31,6555,0.6305253505706787
31,7568,0.6305064558982849
31,434,0.6304578185081482
30,9276,0.6303126215934753
31,4193,0.6300860047340393
31,7974,0.6300429105758667
31,8431,0.6300152540206909
31,12352,0.6295189261436462
31,10040,0.6294119358062744
31,6489,0.6289600729942322
31,6678,0.6289241909980774
30,4028,0.628897488117218
30,6948,0.6287094354629517
31,7967,0.6286265850067139
30,10006,0.628244936466217
31,11675,0.6280056834220886
31,12676,0.627934992313385
31,13487,0.6276790499687195
31,1143,0.6276713013648987
31,3109,0.6275039315223694
31,1991,0.6274752020835876
28,7811,0.6274554133415222
31,6586,0.6273599863052368
30,11813,0.6273438334465027
30,9725,0.6272726655006409
31,4945,0.6266945600509644
29,12770,0.6266278624534607
31,13692,0.6265366077423096
30,11304,0.6263648271560669
31,12709,0.6263452768325806
31,1206,0.6263014674186707
31,6603,0.6260368824005127
31,13825,0.6255536079406738
31,9061,0.6255106925964355
31,12417,0.6255062222480774
31,4697,0.6254943609237671
30,7687,0.6254798769950867
31,7360,0.6253350973129272
31,3929,0.6251819133758545
31,5688,0.6250826120376587
30,9504,0.6249374747276306
31,731,0.6248318552970886
31,1483,0.6247988939285278
31,11765,0.6247870326042175
30,3680,0.6246080994606018
30,6396,0.6244316697120667
31,3880,0.62419593334198
30,8075,0.6240637898445129
30,2530,0.6239856481552124
29,1355,0.6237569451332092
30,2795,0.6236771941184998
30,12154,0.6236210465431213
31,9672,0.623595654964447
30,9602,0.6235335469245911
30,4195,0.6229532957077026
31,4426,0.6227513551712036
31,7827,0.6225568056106567
29,10894,0.6223016381263733
31,7721,0.622178852558136
30,6992,0.622045636177063
31,3027,0.6220150589942932
31,11386,0.6219838261604309
31,10278,0.6218163371086121
31,4911,0.6216633915901184
31,1987,0.6216415166854858
30,13765,0.6216309666633606
30,9887,0.6213675141334534
29,3783,0.62117999792099
31,12708,0.6211758852005005
30,1438,0.6211109161376953
30,4240,0.6209617257118225
29,10666,0.6205479502677917
31,7426,0.6205188035964966
31,3689,0.6204946041107178
31,8051,0.6204758882522583
31,2968,0.6201387047767639
30,3394,0.6200335621833801
30,7747,0.6194190979003906
31,589,0.6193691492080688
31,3732,0.6193205118179321
29,1646,0.6191163659095764
31,12883,0.6189687252044678
30,11294,0.6188511848449707
30,9989,0.6186937093734741
31,1360,0.6186827421188354
31,4654,0.6186324954032898
31,10114,0.6183649897575378
31,8618,0.6182965040206909
31,4639,0.6181513071060181
31,7474,0.6177835464477539
31,4888,0.6173647046089172
21,4626,0.6173365116119385
31,1200,0.6170487999916077
30,9453,0.6170071363449097
31,12297,0.6167311072349548
31,2856,0.6166041493415833
31,11221,0.6164994835853577
31,455,0.6162875294685364
31,9589,0.6161972880363464
31,3830,0.6161119341850281
31,2919,0.6158926486968994
30,13442,0.6158702969551086
31,9116,0.6158004403114319
31,7877,0.6156185865402222
31,2029,0.6156014800071716
31,6993,0.6154465079307556
31,14018,0.6154099106788635
31,1922,0.6150015592575073
31,13724,0.6149964332580566
31,5355,0.6148777008056641
31,9765,0.6148446798324585
31,5596,0.6147663593292236
31,2149,0.614567220211029
31,12039,0.6145588159561157
30,1935,0.6145079731941223
31,13448,0.6143810153007507
31,2212,0.6142061948776245
29,11270,0.6141425967216492
31,14287,0.6138920783996582
30,13890,0.6137491464614868
31,13808,0.6137101054191589
30,14028,0.6135590076446533
31,6491,0.6134946346282959
30,3175,0.613324761390686
31,7533,0.6130356192588806
26,2407,0.6129807233810425
29,2167,0.6129497289657593
31,7597,0.612587034702301
16,10292,0.6125308275222778
31,7888,0.6125230193138123
31,2944,0.612522542476654
30,3623,0.6124557256698608
30,9670,0.6121654510498047
31,3146,0.6120323538780212
31,13812,0.6116635799407959
31,4147,0.6112291216850281
31,8209,0.6112204194068909
31,8219,0.6108778715133667
31,9573,0.6104472279548645
30,8225,0.6102012395858765
31,3114,0.6100710034370422
31,12527,0.6100659966468811
31,2661,0.6097978949546814
31,14211,0.6095701456069946
31,9744,0.6092106699943542
30,960,0.6088535189628601
31,10294,0.6088398098945618
31,8745,0.6082710027694702
31,7814,0.608040452003479
30,292,0.607803225517273
31,12196,0.6073646545410156
31,10275,0.6073583364486694
31,6907,0.6072724461555481
31,6437,0.6070569157600403
31,777,0.6068843603134155
31,11341,0.6068813800811768
30,8013,0.6067546010017395
31,7004,0.6067377328872681
31,10996,0.6067078113555908
31,17,0.6064368486404419
31,1085,0.6062215566635132
30,5912,0.6060512661933899
30,9811,0.6059172749519348
29,6227,0.6058182120323181
31,11579,0.6057954430580139
31,1594,0.6057516932487488
30,7676,0.6055203676223755
31,8257,0.6053408980369568
31,186,0.6053318381309509
31,12531,0.6047788262367249
31,7192,0.6045828461647034
31,6080,0.6045217514038086
31,4642,0.6042582392692566
28,11293,0.6041417717933655
31,9916,0.6040568947792053
29,11961,0.603842556476593
31,3446,0.6038007140159607
29,9523,0.6036409735679626
31,8948,0.6035749912261963
31,12256,0.6034060120582581
31,1041,0.6030955910682678
30,7080,0.6030635833740234
31,12783,0.6029982566833496
31,2665,0.6029154062271118
30,13908,0.6025756597518921
29,7003,0.6024120450019836
29,10803,0.6018307209014893
30,5435,0.6015801429748535
29,7574,0.60154789686203
31,10313,0.6015047430992126
31,2946,0.6014322638511658
31,2912,0.6013977527618408
31,1084,0.6012610793113708
31,3163,0.6011940240859985
31,6330,0.6010849475860596
31,1201,0.6010847091674805
31,5940,0.6010356545448303
31,1115,0.6010156273841858
31,4328,0.6009482145309448
30,1570,0.6008687615394592
29,12012,0.6008159518241882
31,13883,0.6008156538009644
31,3143,0.6007107496261597
30,8143,0.6007043719291687
31,108,0.6006498336791992
31,11337,0.60061115026474
31,9615,0.600413978099823
31,7535,0.6003944277763367
31,9117,0.600350022315979
31,1405,0.6002630591392517
31,4293,0.600135087966919
30,7779,0.5999870300292969
31,8679,0.5997186899185181
30,6555,0.599677324295044
31,7987,0.5996291041374207
31,7224,0.5996248126029968
31,7794,0.5995439887046814
31,9606,0.5995015501976013
31,6772,0.5994320511817932
31,3396,0.5994272828102112
31,7482,0.5993688702583313
30,9109,0.5992110371589661
31,5166,0.5990553498268127
31,9673,0.5990490317344666
31,13084,0.5988144874572754
31,2386,0.5987331867218018
31,5936,0.5987160205841064
31,2040,0.5985223650932312
31,581,0.5979602336883545
31,13593,0.5979034304618835
30,3236,0.597650945186615
31,11883,0.5975694060325623
31,4007,0.5972869396209717
30,6336,0.5971193909645081
30,8903,0.5968546867370605
31,5122,0.5965406894683838
30,8725,0.5963650345802307
31,6511,0.596364438533783
31,6412,0.596257746219635
31,3130,0.5962123274803162
30,12132,0.5958904027938843
31,3635,0.5957555174827576
31,4575,0.5956838130950928
31,4164,0.5956834554672241
31,5074,0.5952742695808411
31,1158,0.5951733589172363
31,6430,0.5949801206588745
31,10401,0.5947940945625305
31,10584,0.5947169065475464
31,13834,0.5945888757705688
31,7635,0.5944098234176636
31,1904,0.5943803787231445
30,12287,0.5943471193313599
31,887,0.5942238569259644
31,6891,0.5941088199615479
29,8529,0.5938867330551147
31,1220,0.5938087701797485
31,10541,0.5934146642684937
31,13241,0.5932554602622986
30,11752,0.5931712985038757
31,7076,0.593113362789154
31,13304,0.5930445194244385
31,6406,0.5928926467895508
31,5724,0.5926741361618042
31,6397,0.5925712585449219
31,11482,0.5925464034080505
29,8605,0.5925132036209106
30,7904,0.5923964381217957
31,13654,0.5920872688293457
31,12832,0.5920702219009399
29,6864,0.5919606685638428
30,13174,0.5919129848480225
30,3109,0.5917884707450867
31,10395,0.5916369557380676
25,5183,0.5913805961608887
26,5677,0.5913677215576172
31,6256,0.5912811756134033
31,2525,0.590659499168396
31,1462,0.5906273722648621
31,13456,0.5904633402824402
31,11518,0.5904123783111572
31,2706,0.589899480342865
31,9586,0.5897189378738403
31,4225,0.5896597504615784
31,14075,0.5896098613739014
31,11248,0.5895527601242065
31,9604,0.589364767074585
31,2865,0.5893138647079468
31,6398,0.5890430212020874
31,2495,0.5890389680862427
31,11255,0.5890281796455383
31,1520,0.5890085101127625
30,8183,0.5888844728469849
30,5860,0.5881521105766296
31,8600,0.5879205465316772
30,13306,0.5878286957740784
31,915,0.5878207087516785
31,12087,0.5876304507255554
31,11550,0.5874134302139282
31,2807,0.5873390436172485
30,320,0.5871272087097168
31,5616,0.5870840549468994
31,6224,0.5869771838188171
29,5983,0.5869497656822205
30,12570,0.5869277119636536
31,7662,0.5867071151733398
31,3321,0.5866724252700806
31,8094,0.586643636226654
31,10922,0.5865485668182373
30,5814,0.5865378379821777
30,11320,0.5865029096603394
31,13950,0.5864702463150024
31,6218,0.5863204598426819
31,6651,0.5860198140144348
31,8086,0.585902750492096
31,8788,0.58586186170578
31,21,0.585803747177124
31,10556,0.5856786370277405
31,7965,0.5856247544288635
30,11510,0.5854985117912292
29,1749,0.5853864550590515
29,13616,0.5851723551750183
31,10915,0.5851323008537292
31,9529,0.5849704742431641
30,1253,0.5848261713981628
29,10119,0.5846976637840271
29,13687,0.5842859148979187
31,12517,0.584180474281311
31,2604,0.5841271877288818
31,1607,0.5840836763381958
29,14011,0.5840407609939575
31,10586,0.5840091705322266
31,13664,0.5839465260505676
31,13248,0.5837670564651489
31,4738,0.583733081817627
31,13034,0.5836963057518005
30,6196,0.5836577415466309
31,13112,0.5834384560585022
31,11731,0.5832876563072205
30,1773,0.5829024314880371
31,10928,0.5828951001167297
31,7892,0.5828461647033691
31,13438,0.582719087600708
31,11688,0.5826336145401001
31,1691,0.5825839638710022
31,14179,0.5824987292289734
31,7777,0.5824713110923767
31,3633,0.582391619682312
31,13015,0.5823572278022766
30,9220,0.5823150873184204
31,5204,0.5822470784187317
30,6079,0.5822171568870544
31,12134,0.5820124745368958
31,607,0.5819613337516785
30,2684,0.5818560123443604
31,9882,0.58182692527771
31,7083,0.5817774534225464
31,8421,0.5815309882164001
31,13826,0.5815052390098572
31,3273,0.5813630819320679
31,7504,0.5813251733779907
31,8296,0.58127361536026
30,11369,0.5812236070632935
30,8737,0.5812135934829712
31,6013,0.5811448693275452
31,6698,0.5808011293411255
31,1286,0.5807482600212097
29,10770,0.5804225206375122
29,750,0.5803849101066589
30,8082,0.5803636908531189
31,10720,0.5803636312484741
31,13369,0.5802599191665649
31,3079,0.580181896686554
31,1685,0.5801123380661011
30,9701,0.5793325901031494
31,10238,0.5793125629425049
31,2602,0.5792858600616455
31,13176,0.57924485206604
31,5769,0.5791841149330139
30,2767,0.5789347887039185
31,3238,0.5786625146865845
30,3654,0.5783275961875916
31,4587,0.5781489014625549
31,7959,0.5780957341194153
31,3435,0.578032374382019
31,693,0.5775585770606995
31,12110,0.5774505138397217
31,9981,0.5770933628082275
31,9421,0.5768089294433594
30,1053,0.5767998695373535
31,11652,0.5765863656997681
31,9219,0.5764106512069702
31,11266,0.5759495496749878
29,11100,0.5758376121520996
31,10912,0.575727105140686
31,9126,0.5746845006942749
31,11971,0.5745066404342651
31,10505,0.5744873285293579
31,200,0.5744548439979553
31,4396,0.574454665184021
30,13670,0.5742772221565247
31,2611,0.5742009282112122
31,382,0.5738601684570312
30,3397,0.5738058090209961
31,2928,0.5737692713737488
31,10105,0.5737208127975464
30,4893,0.5733110904693604
31,1545,0.5732425451278687
31,5124,0.5731892585754395
31,12192,0.5731629729270935
30,858,0.5729900002479553
31,11202,0.5728065967559814
31,12652,0.5727114677429199
31,8095,0.5725885033607483
31,516,0.5725476741790771
31,5771,0.5725122690200806
31,2117,0.5722658038139343
30,10768,0.572136640548706
30,682,0.572009265422821
31,10741,0.5718193054199219
30,7673,0.5712758302688599
31,3997,0.5712757110595703
31,2526,0.5711163282394409
31,2248,0.5710722804069519
31,14091,0.570979654788971
31,13097,0.5709123015403748
31,2018,0.5709071755409241
31,5254,0.5707533955574036
31,2051,0.5706506967544556
31,10123,0.5705975294113159
29,7348,0.5703619718551636
31,5908,0.5702798366546631
31,1544,0.5702304840087891
31,13183,0.5697801113128662
31,13266,0.5696032047271729
31,5813,0.5695473551750183
30,13258,0.56951904296875
31,4951,0.5694187879562378
29,4990,0.5693777203559875
31,2820,0.5693636536598206
30,12408,0.5693636536598206
29,1875,0.5693064332008362
30,7969,0.569238543510437
30,301,0.5691884160041809
31,3985,0.5689989924430847
27,2911,0.5687850117683411
31,4542,0.5687423944473267
30,8386,0.5685379505157471
31,1534,0.5683392286300659
31,7940,0.5682296752929688
31,4892,0.5680291652679443
30,7434,0.56800377368927
31,5334,0.5677893757820129
31,14293,0.5677770972251892
31,1986,0.5674794912338257
31,3543,0.5674524307250977
31,9085,0.5672748684883118
31,3917,0.5671435594558716
31,2139,0.5671177506446838
29,1381,0.566940188407898
31,9654,0.5668787956237793
30,7419,0.5668373107910156
31,1409,0.5667824745178223
29,7396,0.5667523145675659
31,9396,0.5665093064308167
31,2866,0.5662714242935181
31,7954,0.5661178231239319
31,8015,0.566044807434082
28,3062,0.5656547546386719
31,13422,0.5656188726425171
29,12134,0.565513014793396
31,9880,0.565168559551239
29,2913,0.5649969577789307
31,11286,0.5646000504493713
30,3081,0.5645493865013123
31,11626,0.5645309686660767
31,11071,0.5644366145133972
31,5774,0.564320981502533
31,9845,0.5641114115715027
31,5837,0.5640506744384766
31,10783,0.5639261603355408
30,8777,0.5636397004127502
20,152,0.5636391639709473
31,12081,0.5632971525192261
31,7762,0.5632936954498291
31,7978,0.5632669925689697
31,1920,0.5629159808158875
31,11304,0.5628728270530701
31,5691,0.5628582239151001
31,4625,0.5627632141113281
31,8626,0.5627091526985168
30,1426,0.5626487135887146
31,4589,0.5626164078712463
31,8267,0.5624635219573975
30,10139,0.5624077320098877
30,12582,0.5622735023498535
31,7626,0.5621483325958252
31,3874,0.5620964169502258
31,6423,0.5616968274116516
31,5062,0.5616948008537292
31,5171,0.5616742968559265
31,8123,0.5614387392997742
31,4693,0.5614337921142578
31,8276,0.5614074468612671
31,1425,0.5611978769302368
29,12476,0.5611210465431213
30,7606,0.5608087778091431
31,2974,0.5607765316963196
31,10508,0.5606757998466492
31,4246,0.5606258511543274
30,9702,0.5605236291885376
31,5706,0.5604913830757141
31,2822,0.5603889226913452
31,6156,0.5603328943252563
31,7058,0.5602933764457703
31,4008,0.5602254271507263
25,13444,0.5601230263710022
31,8642,0.55973219871521
31,11035,0.5596335530281067
31,7786,0.5595431327819824
29,6122,0.5595420598983765
31,10686,0.5593940019607544
31,13082,0.5593704581260681
31,4423,0.5593610405921936
31,316,0.5593210458755493
29,11543,0.5592942833900452
31,6490,0.5590749979019165
31,8819,0.5588650703430176
31,1049,0.5588192939758301
31,3067,0.5587965250015259
31,5826,0.5587394833564758
24,10472,0.5586928725242615
31,2294,0.558688223361969
30,9974,0.5586743354797363
29,14017,0.5586128234863281
31,13141,0.5582853555679321
31,11630,0.5581979155540466
31,1193,0.5581477284431458
31,12484,0.5581130981445312
30,12694,0.5580833554267883
18,11271,0.5578626990318298
31,11741,0.5577886700630188
29,10651,0.5576459169387817
31,6201,0.5574440360069275
31,6179,0.5570269823074341
31,7595,0.5565544366836548
31,11869,0.5564752221107483
31,11282,0.5562870502471924
31,4121,0.5562402009963989
31,7068,0.5559194087982178
31,2087,0.5558556914329529
31,11459,0.5557918548583984
31,6861,0.5556610822677612
29,5749,0.5556043386459351
31,10826,0.5555868148803711
31,145,0.5555509924888611
29,2872,0.5551952123641968
31,8003,0.5547530651092529
31,7340,0.5547000765800476
29,11112,0.5546713471412659
31,9089,0.5544376373291016
31,7112,0.5543570518493652
31,2804,0.5541273355484009
30,5172,0.5540236830711365
31,8697,0.5536746382713318
30,6641,0.5535991787910461
31,12692,0.5534114241600037
31,8845,0.5533526539802551
31,13681,0.5530992746353149
31,3476,0.5528131723403931
31,9510,0.5526648759841919
30,5921,0.5524210929870605
31,9205,0.5521878600120544
31,11988,0.5519852042198181
31,12935,0.5518878102302551
31,13966,0.5516577959060669
31,4055,0.5516144633293152
31,5853,0.551518976688385
31,3105,0.5511639714241028
30,9855,0.5511119961738586
31,8531,0.5510600805282593
17,14096,0.5509920716285706
30,2059,0.5506778359413147
31,862,0.5505770444869995
31,6372,0.550554096698761
19,12164,0.5505425333976746
31,7520,0.5504220128059387
31,5044,0.5503147840499878
31,7280,0.5502828359603882
31,13042,0.5502779483795166
31,12787,0.550177812576294
31,8636,0.5501424074172974
31,12014,0.5501312613487244
29,7812,0.5500640869140625
31,9754,0.5500466227531433
31,10318,0.5499390959739685
31,9401,0.5498932003974915
31,10463,0.5498630404472351
30,12061,0.5497130155563354
30,8276,0.5496664047241211
30,11603,0.5495714545249939
31,1131,0.5494458079338074
31,13020,0.5492891073226929
31,6562,0.5490375757217407
31,14207,0.5490303635597229
31,13188,0.5489343404769897
30,13513,0.5488426089286804
29,2918,0.5488065481185913
31,6249,0.5484967827796936
31,7840,0.5484223365783691
31,12011,0.5483980178833008
31,5042,0.5483885407447815
30,5213,0.5482178926467896
29,10254,0.5480660796165466
30,9002,0.5478720664978027
31,7876,0.5476786494255066
30,5599,0.5473054647445679
31,7981,0.5468478202819824
30,9261,0.5467638373374939
31,8921,0.5465190410614014
31,256,0.5465150475502014
31,11374,0.5465137362480164
31,1259,0.5464306473731995
31,4838,0.5461640954017639
30,6225,0.5457998514175415
30,8309,0.545655369758606
30,9173,0.5455834865570068
31,10304,0.545504629611969
31,7184,0.5453382730484009
31,557,0.5453150868415833
31,115,0.544940710067749
31,187,0.5448721647262573
31,10308,0.5446396470069885
30,2403,0.5445437431335449
31,3452,0.5444987416267395
31,4835,0.544384777545929
30,3587,0.5440773367881775
31,4667,0.5440301895141602
31,11961,0.5439435243606567
31,6600,0.5439070463180542
31,1688,0.5438684225082397
31,5877,0.5437449812889099
31,2195,0.5437231063842773
31,13548,0.5433202385902405
31,8378,0.5431443452835083
31,13520,0.5431169271469116
29,1275,0.5430436134338379
31,6495,0.5427940487861633
31,11740,0.5426485538482666
31,13259,0.5425919890403748
30,13742,0.5424633622169495
31,8434,0.5424584150314331
30,5428,0.5424465537071228
31,7863,0.542428731918335
31,12275,0.5421557426452637
31,11166,0.5415517687797546
31,7088,0.5415211319923401
30,7040,0.5413543581962585
30,11141,0.5411256551742554
30,1311,0.5409744381904602
31,2468,0.5409245491027832
27,11058,0.5408812165260315
31,3055,0.5407763719558716
31,12948,0.5407680869102478
31,10825,0.5407359600067139
30,8662,0.5404775142669678
31,11497,0.5403837561607361
31,11847,0.5401689410209656
30,13496,0.5401615500450134
29,518,0.5400034785270691
30,3940,0.539944052696228
29,4843,0.5397547483444214
30,3261,0.5397261381149292
31,13894,0.5397046208381653
30,8312,0.5396159887313843
31,11160,0.5395956635475159
30,2627,0.5395919680595398
31,11781,0.5395093560218811
31,13650,0.5393877029418945
31,5939,0.5392933487892151
31,8671,0.5392271876335144
31,11945,0.539212167263031
30,12939,0.5391932129859924
31,8149,0.5389828085899353
30,13495,0.5388695001602173
30,5969,0.538675844669342
31,6727,0.5385777950286865
31,2818,0.5385494828224182
31,10008,0.5385318994522095
31,4125,0.5384979844093323
30,9242,0.5382552742958069
30,2806,0.538204550743103
31,10691,0.538191020488739
30,13883,0.5381685495376587
30,8688,0.5381212830543518
31,5835,0.5379791855812073
31,272,0.5379501581192017
31,2252,0.5378255248069763
31,11914,0.5376798510551453
31,13849,0.5375834107398987
31,13726,0.5375521183013916
31,2878,0.5374923944473267
31,9903,0.5374377965927124
31,400,0.5366957187652588
31,10770,0.5364072322845459
30,6211,0.5363875031471252
31,7465,0.5362685918807983
31,11178,0.5361670851707458
31,13271,0.536051332950592
31,7497,0.5359734892845154
31,8172,0.5358988046646118
31,969,0.5356946587562561
31,957,0.5353257060050964
29,7125,0.5353154540061951
31,4003,0.5351005792617798
29,6257,0.5350231528282166
19,13845,0.5348811745643616
31,7869,0.5346865057945251
31,6544,0.534686267375946
31,6913,0.5346546769142151
31,11298,0.5345393419265747
31,5785,0.5344403386116028
31,6687,0.5343753099441528
30,6949,0.534325361251831
29,12195,0.5343124866485596
29,13688,0.534162700176239
31,4563,0.5341430902481079
31,9866,0.5340124368667603
31,7609,0.5339837074279785
30,857,0.5338915586471558
31,3382,0.5337094068527222
31,6842,0.5336519479751587
30,1814,0.5335333347320557
31,7955,0.5334880352020264
30,12337,0.533320963382721
31,12314,0.5332745909690857
31,978,0.5331175923347473
31,10085,0.5330325365066528
31,8771,0.5326882600784302
30,14257,0.5326781272888184
30,8132,0.5319598913192749
29,10308,0.5318041443824768
31,7302,0.531423807144165
29,13036,0.5311200618743896
31,11225,0.530867338180542
30,5533,0.5306031107902527
31,4510,0.5303794741630554
31,1747,0.5303728580474854
31,3924,0.5302227139472961
31,7759,0.5301113128662109
31,3936,0.5300723910331726
31,10097,0.5297613739967346
31,792,0.5291517376899719
30,12171,0.5291465520858765
31,3337,0.5290526151657104
30,6206,0.529047966003418
31,3629,0.5289058089256287
31,10552,0.5288081765174866
31,14160,0.5286778211593628
29,3949,0.528404712677002
29,258,0.5283691883087158
29,11171,0.5281813144683838
31,7529,0.5281752347946167
30,13910,0.5280368328094482
31,9432,0.5279669165611267
31,4035,0.5278003811836243
31,12951,0.5276685357093811
31,9538,0.5276212692260742
31,8936,0.5275619029998779
28,9806,0.5275225043296814
31,1815,0.5275028347969055
31,11155,0.5274924635887146
30,8491,0.5274227261543274
31,9940,0.5270813703536987
31,9705,0.5270679593086243
31,11432,0.5268962383270264
31,1374,0.5268455743789673
31,9614,0.5265142321586609
29,9262,0.5264944434165955
30,923,0.5262747406959534
31,1614,0.5261468887329102
30,4381,0.5260839462280273
31,10712,0.5259790420532227
31,1562,0.5259644389152527
30,5345,0.5259619951248169
31,1042,0.5257866382598877
31,6394,0.5256057977676392
31,13179,0.5252385139465332
30,9010,0.525201141834259
31,13529,0.5251566171646118
31,250,0.5247363448143005
29,12593,0.5247033834457397
29,4827,0.5245897173881531
31,7976,0.5245190858840942
29,5277,0.524424135684967
31,6313,0.524204671382904
29,11082,0.5241804122924805
30,7768,0.5236935615539551
31,12292,0.5234352946281433
31,12933,0.5233067870140076
28,9778,0.5230780243873596
31,10035,0.5230382680892944
31,7319,0.5229594707489014
31,1859,0.5229211449623108
31,7710,0.5228657126426697
30,7143,0.5228008031845093
30,11156,0.5227271318435669
30,6397,0.5225421190261841
31,12379,0.5223388671875
29,7898,0.522280752658844
29,11794,0.522279679775238
30,1579,0.5220893621444702
30,618,0.5220517516136169
31,6194,0.5219086408615112
31,9579,0.521729052066803
31,12684,0.5216702818870544
29,8296,0.5215940475463867
31,7284,0.5215637683868408
31,2080,0.5215125679969788
29,3438,0.5215084552764893
30,5924,0.5212568640708923
30,1640,0.5212257504463196
31,899,0.5209622979164124
31,4857,0.5209608674049377
31,3420,0.5206827521324158
30,11820,0.520409345626831
30,12258,0.5203441977500916
31,3602,0.520220935344696
29,4543,0.5201688408851624
30,11508,0.5201529860496521
31,13589,0.5201152563095093
31,3989,0.5198677182197571
31,5220,0.5198427438735962
31,10088,0.5196356773376465
30,7428,0.5196043848991394
30,2063,0.519548237323761
31,1781,0.5194294452667236
30,2825,0.519372820854187
31,1031,0.5192817449569702
31,10153,0.5190288424491882
31,8867,0.5189706087112427
29,6244,0.5187056660652161
31,1976,0.5186406373977661
31,9550,0.518595814704895
31,655,0.5185436010360718
31,1233,0.5185216069221497
31,13727,0.5184667110443115
30,7423,0.5184521079063416
31,11292,0.5183855295181274
30,11531,0.5182178616523743
31,7087,0.51810622215271
31,10613,0.5181007385253906
31,9399,0.5179146528244019
31,6028,0.5179107189178467
29,2788,0.5179091691970825
31,2369,0.5178242921829224
31,8662,0.5173692107200623
30,4211,0.5172029137611389
31,353,0.5171018838882446
31,3749,0.5170743465423584
31,5090,0.5166919231414795
30,13175,0.5164875984191895
31,13507,0.5163629651069641
29,9941,0.5162681341171265
31,3095,0.5161852836608887
31,5872,0.5159827470779419
29,12972,0.5157239437103271
29,2397,0.515489399433136
31,8346,0.5154839754104614
31,11543,0.5153795480728149
31,8360,0.5152173638343811
31,2169,0.5149962902069092
31,419,0.5149388909339905
30,11545,0.5148435235023499
31,9824,0.5146790742874146
31,34,0.5145903825759888
31,5287,0.5145895481109619
31,10101,0.5143763422966003
31,1510,0.5142176747322083
30,8427,0.5141795873641968
31,8239,0.5140296220779419
30,12323,0.513838529586792
31,10175,0.5137128233909607
31,12759,0.5134992003440857
29,1784,0.5134893655776978
30,10711,0.513325572013855
31,14111,0.5130879878997803
31,6908,0.5129639506340027
31,12422,0.5127485394477844
29,5178,0.5127200484275818
29,4918,0.5125858783721924
29,5579,0.5125581622123718
29,10366,0.5125070214271545
31,5841,0.5123713612556458
31,2092,0.5123347043991089
31,2984,0.5122848153114319
30,13811,0.5122484564781189
30,223,0.5121710896492004
31,5048,0.5120779275894165
31,1778,0.5119141340255737
29,12635,0.5118670463562012
27,2280,0.511852502822876
31,2717,0.5118345618247986
31,2109,0.5116912126541138
31,13470,0.5115507245063782
28,11702,0.5114104747772217
30,11342,0.5113758444786072
31,7826,0.5110253691673279
31,12982,0.5109702944755554
30,6889,0.5108766555786133
30,13291,0.5106725096702576
31,9601,0.5106360912322998
28,11378,0.5105656981468201
29,9468,0.5105438232421875
31,10653,0.5103995203971863
31,10010,0.5103906393051147
31,5483,0.5102380514144897
31,7733,0.5099729299545288
31,3972,0.5097572207450867
31,1262,0.5096974968910217
30,7944,0.509679913520813
31,8778,0.5096563100814819
30,10431,0.5096313953399658
31,6536,0.5093024969100952
30,10661,0.5091410279273987
31,6131,0.5089001655578613
18,12797,0.5088509321212769
31,12750,0.5087841749191284
31,11322,0.5086985230445862
31,9242,0.5086348056793213
30,4624,0.508613646030426
30,14177,0.5084835290908813
31,4698,0.5083281993865967
30,7115,0.5082729458808899
31,13608,0.5082324743270874
30,1375,0.5080525875091553
30,4527,0.5080522298812866
31,9058,0.5080475807189941
31,7455,0.5080254077911377
29,1755,0.5077146887779236
30,557,0.507703423500061
30,5387,0.5075334906578064
29,7686,0.5073841214179993
29,10837,0.5072757601737976
31,5036,0.5072398781776428
31,11161,0.5071926712989807
30,563,0.5071890354156494
31,10502,0.5071873068809509
29,834,0.5071620941162109
31,7080,0.5071533918380737
29,302,0.5069419145584106
30,667,0.5068787932395935
31,9930,0.5068442821502686
27,10549,0.506711483001709
31,7303,0.506587564945221
31,11807,0.5065557956695557
31,6669,0.506528377532959
31,5541,0.5065081119537354
27,13732,0.5063753724098206
31,14013,0.5063645839691162
31,6254,0.5062944889068604
30,14300,0.5060864090919495
29,9399,0.505991518497467
31,11239,0.5059639811515808
31,4496,0.5057602524757385
31,12899,0.5056862831115723
30,13226,0.505635678768158
31,5955,0.5054311752319336
31,7007,0.5053278803825378
31,11384,0.5051478743553162
30,11557,0.5050405263900757
23,13141,0.5049400329589844
29,4094,0.504889190196991
29,13304,0.5048161745071411
30,6770,0.5047842860221863
31,9569,0.5046932101249695
30,11796,0.5046697854995728
30,11706,0.504646897315979
31,9874,0.5045700669288635
30,5375,0.5044969916343689
31,13578,0.5044571757316589
29,3214,0.5043835043907166
31,11510,0.5042107105255127
31,2150,0.5041217803955078
31,5544,0.5040712952613831
31,3923,0.5039626955986023
31,8278,0.5038833618164062
30,874,0.5036819577217102
30,331,0.5036085247993469
30,4886,0.5035309195518494
31,7522,0.5031145811080933
29,7114,0.50308758020401
29,4113,0.503065824508667
31,13325,0.5030021667480469
30,10026,0.5029646158218384
30,9691,0.5028011798858643
31,13819,0.5027317404747009
31,11120,0.5022500157356262
30,12074,0.5022158026695251
31,9447,0.5018861293792725
31,6175,0.5018729567527771
30,9075,0.5018669366836548
31,865,0.501847505569458
31,2858,0.5016081929206848
31,5807,0.5015862584114075
31,4785,0.5015690922737122
31,11563,0.5015494227409363
31,12383,0.501423716545105
31,7289,0.5014222264289856
31,11305,0.5014088153839111
31,5593,0.5013881921768188
31,9304,0.5013497471809387
31,12224,0.5012246370315552
30,9848,0.5009452104568481
31,7315,0.5008779764175415
31,12540,0.5008018612861633
31,6241,0.50074702501297
30,12195,0.5007273554801941
31,6694,0.5005450248718262
30,7981,0.5004574060440063
31,13139,0.5002371072769165
25,5805,0.49960243701934814
30,11295,0.49956202507019043
31,5794,0.49955907464027405
28,1060,0.49941155314445496
31,7656,0.49935778975486755
31,2786,0.4993135631084442
31,380,0.499169260263443
31,10373,0.4991093575954437
30,13609,0.49901282787323
31,2078,0.49890056252479553
31,12926,0.49881941080093384
29,14177,0.4987991154193878
31,1437,0.49866461753845215
31,12658,0.4986351728439331
31,10529,0.4985208511352539
31,1305,0.4984537363052368
30,13764,0.49843287467956543
31,11229,0.4983668327331543
31,3848,0.4979577660560608
30,9894,0.49789515137672424
30,9246,0.4975735545158386
31,12089,0.4973144233226776
31,2485,0.4969223737716675
31,11698,0.4968940317630768
31,7702,0.49662891030311584
31,2132,0.49655309319496155
31,5912,0.496451735496521
29,12996,0.4963341951370239
30,9464,0.4961899220943451
28,7917,0.49602994322776794
31,11585,0.4959641695022583
31,7096,0.4958491623401642
30,4745,0.4958336651325226
31,14219,0.4956692159175873
31,469,0.4953809082508087
31,5916,0.49532926082611084
29,10490,0.4952881932258606
31,8571,0.4951043128967285
31,13901,0.4946877956390381
31,10537,0.4946681261062622
31,2101,0.49452054500579834
30,4350,0.49434134364128113
30,410,0.4942501187324524
31,14119,0.4940320551395416
31,10902,0.4940282702445984
29,3069,0.4940274953842163
31,5535,0.49399206042289734
31,10144,0.4938519299030304
31,1941,0.4937491714954376
31,7792,0.49371564388275146
31,13216,0.4936816692352295
30,12454,0.49368125200271606
31,4655,0.4935237765312195
30,12199,0.4935065805912018
29,546,0.4934547245502472
31,7212,0.4934396743774414
30,11504,0.49338680505752563
31,8058,0.4933150112628937
29,14108,0.4932771325111389
29,7237,0.49311551451683044
31,9889,0.49304836988449097
31,2498,0.4929940104484558
31,8177,0.49278151988983154
30,8834,0.4926133453845978
31,1313,0.4925685524940491
31,8469,0.4925577938556671
30,2369,0.49239009618759155
31,4042,0.4923844635486603
25,11584,0.49232739210128784
31,14254,0.49230340123176575
31,9452,0.4923029839992523
29,9718,0.4922541081905365
31,13310,0.4922272562980652
30,1036,0.49216413497924805
30,4034,0.4921413064002991
31,6019,0.4921068251132965
30,9255,0.49202191829681396
31,2780,0.4919790029525757
30,9375,0.49193549156188965
31,7146,0.4918365180492401
30,273,0.491823673248291
31,7897,0.4916273355484009
31,10042,0.4914616346359253
31,4956,0.49135348200798035
31,9118,0.49132534861564636
30,8885,0.49130555987358093
31,10007,0.49122923612594604
31,8553,0.49116599559783936
31,774,0.491148978471756
31,3397,0.49106547236442566
29,8151,0.49103835225105286
29,11005,0.4910260736942291
31,5136,0.4909915626049042
16,3174,0.4909622371196747
31,11870,0.4908968210220337
31,9949,0.4908673167228699
29,1710,0.4908459484577179
30,14068,0.49084141850471497
31,4250,0.4908023476600647
31,5173,0.4906938970088959
31,11291,0.4906565845012665
30,3983,0.4905945956707001
30,8335,0.4905300736427307
31,3230,0.49044251441955566
31,14269,0.4904276430606842
31,4776,0.4902915954589844
21,10289,0.4902607500553131
30,7227,0.49019113183021545
31,1335,0.490171879529953
31,3764,0.4901299476623535
30,3853,0.49008825421333313
28,2175,0.4898655414581299
31,5028,0.4898315668106079
30,2340,0.4898219406604767
31,9977,0.4893864393234253
31,2463,0.4893776774406433
30,10052,0.48905956745147705
29,8993,0.4889572262763977
31,8587,0.4889414310455322
31,9036,0.48890697956085205
31,1667,0.4888417720794678
31,5754,0.4887504279613495
31,7449,0.4887416958808899
31,13161,0.4886765480041504
31,816,0.48858386278152466
30,6654,0.4885736107826233
30,10468,0.48854315280914307
30,1365,0.4884248971939087
31,8953,0.48834294080734253
31,2431,0.4883320927619934
31,46,0.4883289933204651
30,535,0.48801562190055847
31,5137,0.48800331354141235
31,1546,0.4877550005912781
30,10608,0.48749274015426636
31,10213,0.4874475300312042
30,10459,0.4872492551803589
30,1200,0.48722824454307556
31,6349,0.48705536127090454
31,12719,0.48702192306518555
30,4318,0.48681604862213135
31,13108,0.4868040382862091
29,9142,0.48659947514533997
31,3575,0.4864586591720581
30,9296,0.4863397777080536
31,1113,0.48606932163238525
31,12953,0.4858749806880951
31,11430,0.485838383436203
31,8409,0.48578527569770813
31,12245,0.4856102764606476
31,11397,0.4855952560901642
30,12711,0.48555490374565125
31,838,0.48552632331848145
31,5477,0.48549535870552063
31,232,0.4854798913002014
29,2124,0.48534682393074036
31,11409,0.4852105975151062
17,13171,0.48517853021621704
30,13060,0.48501861095428467
31,6639,0.48501822352409363
31,3839,0.48496997356414795
31,3065,0.48494717478752136
31,11748,0.484944224357605
30,3380,0.4848644733428955
31,6003,0.484811007976532
31,11259,0.4846265912055969
18,14296,0.48456159234046936
31,12912,0.4845476448535919
31,11850,0.4845140874385834
31,6665,0.48415735363960266
31,577,0.4841509461402893
30,1791,0.4841146171092987
30,2907,0.48397907614707947
31,11344,0.48378774523735046
31,5795,0.4833580553531647
29,4037,0.4832911491394043
29,142,0.4831903278827667
31,4520,0.48309627175331116
24,11486,0.48274993896484375
31,10612,0.4826415479183197
30,11570,0.48244038224220276
31,9053,0.4822238087654114
30,3032,0.48209357261657715
31,8761,0.4820040166378021
31,9854,0.4819672703742981
31,3940,0.48183417320251465
31,4342,0.48179715871810913
31,16,0.4816300570964813
31,1811,0.481567919254303
31,9190,0.4814493656158447
31,13526,0.48136812448501587
31,10017,0.4813649356365204
31,13640,0.4812643229961395
31,12313,0.48114171624183655
30,10009,0.48099878430366516
31,12849,0.4806509017944336
30,10394,0.48057177662849426
28,1196,0.4805600047111511
28,6370,0.48049378395080566
30,429,0.48048776388168335
30,14072,0.4804655611515045
31,3012,0.4803137481212616
30,2286,0.48022472858428955
31,5330,0.4801812469959259
30,3295,0.4801466763019562
31,13328,0.480081170797348
31,1915,0.47975900769233704
31,3545,0.4796932637691498
31,5491,0.47965583205223083
31,5684,0.4795399308204651
30,10507,0.4792941212654114
31,734,0.4792778789997101
30,85,0.47927379608154297
31,7607,0.4789908826351166
30,4459,0.4788219630718231
31,13669,0.47880733013153076
31,12109,0.47865957021713257
31,2712,0.4786108434200287
30,5036,0.4783116281032562
31,3243,0.47827446460723877
31,1537,0.47810491919517517
30,7095,0.4780355989933014
31,3717,0.4777626693248749
30,5323,0.4777310788631439
31,13683,0.47771725058555603
31,2742,0.4775211215019226
30,5222,0.47699522972106934
31,5612,0.4768584668636322
30,1949,0.47685253620147705
30,9049,0.4766709804534912
31,8368,0.4766576886177063
31,4195,0.4765009880065918
31,1404,0.4760647118091583
30,10634,0.4759487211704254
31,3542,0.4759159982204437
31,7393,0.4757706820964813
29,3384,0.4756467938423157
31,7628,0.475637823343277
29,7141,0.4756149351596832
31,4242,0.47552865743637085
30,5674,0.47540339827537537
31,6100,0.47536373138427734
31,10781,0.47522908449172974
30,9750,0.47492024302482605
30,3491,0.4748724400997162
31,11782,0.47465959191322327
31,6177,0.4742688536643982
31,11089,0.4739556610584259
31,5708,0.47392261028289795
31,4253,0.47375577688217163
31,5288,0.4737400412559509
31,13890,0.4737212061882019
31,327,0.4736318588256836
31,8379,0.47338396310806274
31,10883,0.4732940196990967
29,10749,0.4732649326324463
29,11819,0.4731793999671936
30,1741,0.47310277819633484
31,10673,0.4730307161808014
30,10174,0.47298142313957214
31,6148,0.47291743755340576
31,1170,0.4726840853691101
31,695,0.47261184453964233
29,7161,0.4724254012107849
31,7434,0.47239547967910767
31,2939,0.47232240438461304
31,3212,0.4722692370414734
31,5833,0.47182387113571167
31,3134,0.47181788086891174
30,2220,0.4715678095817566
29,9954,0.47156646847724915
30,9604,0.47140243649482727
31,4805,0.4713512361049652
30,4829,0.4709419310092926
31,11307,0.4708269238471985
31,14226,0.47069522738456726
30,3486,0.4705504775047302
30,287,0.4699871838092804
31,6579,0.4698834717273712
31,1343,0.46975407004356384
31,8657,0.46972352266311646
31,4485,0.46964630484580994
29,11059,0.4695833623409271
31,1177,0.4695080816745758
31,1568,0.46950605511665344
31,4574,0.4695044159889221
29,6792,0.4694913923740387
30,12612,0.46938973665237427
31,5520,0.4693557918071747
31,8416,0.4692246615886688
31,1513,0.46912556886672974
31,6640,0.4689171612262726
31,1873,0.4689052999019623
31,8242,0.4686324894428253
30,2173,0.4686003625392914
30,8587,0.4685494005680084
31,7075,0.46854734420776367
31,8812,0.468426376581192
16,6521,0.4683603346347809
30,8801,0.4681887924671173
31,12293,0.4681483507156372
31,5460,0.4680546224117279
30,13709,0.46785762906074524
31,2354,0.4678220748901367
31,5494,0.46777430176734924
30,4077,0.46771830320358276
30,2493,0.46764445304870605
17,11983,0.46755680441856384
30,6096,0.4674990177154541
31,12214,0.4674684703350067
31,13282,0.46731388568878174
31,12959,0.4672847390174866
31,10935,0.467277467250824
31,14255,0.4671064615249634
30,5280,0.4669521450996399
31,3034,0.4669119417667389
30,13711,0.46686455607414246
31,8735,0.4668170213699341
31,2053,0.4668143391609192
31,1334,0.46668753027915955
31,11367,0.4665681719779968
30,12526,0.4664195775985718
30,6587,0.4663736820220947
30,11261,0.4663551151752472
31,13752,0.4663529396057129
30,792,0.4663410782814026
31,5564,0.46618151664733887
30,12926,0.4661632180213928
31,8682,0.4657747447490692
29,2360,0.4654610753059387
31,7061,0.4654291272163391
31,2755,0.46541979908943176
31,1880,0.46529316902160645
31,5111,0.46528592705726624
30,3575,0.4651842713356018
31,6904,0.4650825262069702
31,9074,0.4649105668067932
31,11297,0.46481937170028687
29,5629,0.4647861421108246
31,10412,0.4647507071495056
31,7060,0.4647247791290283
30,5934,0.4646414518356323
31,2845,0.4646272659301758
31,5585,0.46435508131980896
31,4240,0.4643528163433075
31,3024,0.46433812379837036
30,10915,0.4642723798751831
31,10405,0.4642623960971832
31,13181,0.46422818303108215
31,3031,0.46412408351898193
31,9804,0.4640858471393585
31,8314,0.4640008211135864
31,12821,0.46394386887550354
31,9478,0.46377620100975037
31,6452,0.46375465393066406
30,3942,0.46374309062957764
31,5641,0.4635288417339325
31,3486,0.463520348072052
31,13455,0.46347007155418396
31,8593,0.4634464681148529
31,1119,0.4633784592151642
30,10312,0.4633275270462036
27,7104,0.46305719017982483
30,2653,0.46294331550598145
31,9419,0.46293044090270996
29,1125,0.4628103971481323
31,9960,0.46262529492378235
31,11576,0.4624250531196594
30,722,0.46216049790382385
30,3141,0.46215513348579407
28,1588,0.46213361620903015
31,6615,0.4621221125125885
31,10409,0.4619946777820587
30,10597,0.46180471777915955
31,205,0.46165555715560913
31,2127,0.4615974724292755
31,3388,0.46138426661491394
31,8306,0.46134984493255615
31,9052,0.4613487422466278
29,4210,0.4612932503223419
31,6990,0.46107614040374756
30,2026,0.4609467089176178
30,7958,0.46076691150665283
31,1705,0.460686594247818
29,7168,0.46063748002052307
31,3093,0.4605451822280884
31,9412,0.4605163633823395
31,6436,0.460398405790329
31,13060,0.4601767361164093
31,1821,0.4599350690841675
31,6507,0.45984959602355957
31,764,0.45975497364997864
31,6181,0.45975252985954285
31,8089,0.45968499779701233
30,3817,0.45966392755508423
30,2990,0.45965835452079773
31,8773,0.45962241291999817
30,3529,0.45959436893463135
29,12048,0.4595927596092224
28,14127,0.45951661467552185
31,6650,0.45950847864151
17,12421,0.4595065414905548
31,11818,0.4595019221305847
31,14332,0.4594200849533081
29,10434,0.4592587351799011
31,4928,0.4592292904853821
29,6305,0.45912808179855347
17,10968,0.45906388759613037
30,1818,0.45899009704589844
31,7332,0.45888984203338623
29,1527,0.45869383215904236
31,2504,0.4586718678474426
31,6041,0.4586423933506012
31,6833,0.4585852026939392
30,4748,0.4585093855857849
31,632,0.45849254727363586
31,11249,0.4584295451641083
31,3323,0.45838451385498047
30,7660,0.4581979513168335
31,11942,0.4581264555454254
31,12303,0.4580530524253845
29,2947,0.4577047526836395
31,3248,0.45767930150032043
31,9700,0.45738911628723145
31,10675,0.45731210708618164
27,8682,0.45696768164634705
31,8964,0.456746906042099
29,1425,0.4562894403934479
31,4367,0.45627284049987793
29,12452,0.456161767244339
31,8666,0.4560403823852539
31,3780,0.4560348391532898
31,7155,0.45588988065719604
31,11252,0.45574504137039185
31,3022,0.4556370675563812
30,6754,0.45563364028930664
30,13147,0.455631285905838
31,12824,0.45553624629974365
31,8245,0.4554252326488495
30,4239,0.45541971921920776
31,24,0.4553665220737457
31,12800,0.45520254969596863
30,2474,0.45505958795547485
31,9855,0.45489662885665894
30,13388,0.454719215631485
31,10140,0.45471125841140747
31,9600,0.45463740825653076
31,5762,0.4545941650867462
30,6623,0.4545787572860718
30,9306,0.45422837138175964
30,8631,0.4541148841381073
31,2927,0.4539639949798584
31,3860,0.45394274592399597
31,4327,0.45392948389053345
31,11267,0.4537813067436218
29,2461,0.4536515176296234
31,4648,0.45364317297935486
31,8556,0.4535652697086334
31,2559,0.45354020595550537
31,5851,0.45337212085723877
31,7133,0.45318862795829773
29,6774,0.45317938923835754
30,3781,0.453145295381546
30,6809,0.4531417787075043
30,3415,0.45310837030410767
30,10240,0.45292678475379944
31,8738,0.4528728425502777
31,9371,0.4527833163738251
30,10821,0.4527294635772705
31,688,0.45268502831459045
30,7447,0.45257824659347534
31,1740,0.4522908329963684
30,4200,0.45216360688209534
30,12174,0.4517658054828644
31,11164,0.4515642523765564
31,14096,0.4514978229999542
31,5538,0.4513758420944214
31,8584,0.4512539207935333
30,13318,0.45124852657318115
31,2980,0.4512159526348114
30,5195,0.4507834315299988
31,10983,0.45076069235801697
30,12431,0.45075175166130066
30,3639,0.4504973888397217
15,12971,0.4503452777862549
30,5458,0.4502510130405426
31,9619,0.45024025440216064
30,7843,0.4501214921474457
31,5381,0.4501151144504547
31,5489,0.45000848174095154
29,10317,0.4499762952327728
31,10115,0.44989120960235596
30,11409,0.4497666358947754
31,3054,0.449704647064209
31,12380,0.4496583342552185
31,4227,0.4496482014656067
31,8372,0.449637234210968
31,3439,0.44961413741111755
31,785,0.4495689570903778
30,4861,0.44956493377685547
31,3819,0.44952747225761414
29,9120,0.4494805932044983
31,12679,0.4494597017765045
31,2224,0.4492488205432892
31,3037,0.4492344260215759
31,2343,0.4491884112358093
31,9088,0.449052095413208
31,9708,0.4486529529094696
28,6962,0.4485619366168976
31,6812,0.44852447509765625
30,5547,0.4483506381511688
31,5295,0.4482732117176056
29,6008,0.4482644200325012
31,7769,0.4482634961605072
29,1123,0.44814881682395935
31,6767,0.44802266359329224
31,7116,0.4478188753128052
30,8272,0.44780758023262024
31,10703,0.44769659638404846
31,12445,0.4476364254951477
31,2547,0.4476217031478882
30,76,0.44761472940444946
31,4793,0.4474368989467621
31,204,0.4473915100097656
29,6086,0.4473733603954315
30,14069,0.4473554193973541
31,6529,0.4473074674606323
31,4053,0.4471457600593567
31,1071,0.4470286965370178
31,1623,0.4469635486602783
30,1797,0.44666334986686707
31,12501,0.44660964608192444
31,1981,0.44655850529670715
31,1677,0.4464890956878662
29,3808,0.4464305639266968
29,11397,0.44637981057167053
31,1078,0.4463278651237488
31,6058,0.44631320238113403
31,4770,0.4459996819496155
30,1326,0.44594529271125793
30,2677,0.4458368718624115
30,5253,0.44577449560165405
29,6908,0.44557902216911316
31,9511,0.44556576013565063
31,5717,0.44543763995170593
28,166,0.4453795850276947
29,14025,0.4453617036342621
31,8321,0.44536006450653076
31,7370,0.4453192949295044
31,4526,0.4450756311416626
31,1609,0.444961279630661
31,5066,0.44479870796203613
30,14265,0.4447820484638214
31,163,0.44475528597831726
31,9466,0.44469356536865234
31,13876,0.4443863332271576
31,4688,0.44400283694267273
31,12146,0.44391778111457825
31,12836,0.443734735250473
31,181,0.44371339678764343
30,6015,0.4436824917793274
31,7859,0.44351449608802795
31,9143,0.4434373378753662
31,1766,0.44333532452583313
31,13739,0.4432225823402405
30,6256,0.4431670606136322
31,9712,0.44312578439712524
31,3138,0.4431144893169403
31,8625,0.4430752396583557
29,7407,0.44293731451034546
30,3416,0.44293704628944397
31,8013,0.44280070066452026
31,8232,0.4427449703216553
29,13704,0.4426147937774658
31,7907,0.4425763189792633
29,2572,0.4425683319568634
31,8794,0.44228658080101013
30,5590,0.4420618414878845
31,733,0.4420459270477295
27,13451,0.4419240951538086
31,11553,0.441893070936203
31,11401,0.4416905343532562
31,5847,0.4414973258972168
30,542,0.44139233231544495
31,6768,0.44136595726013184
29,10297,0.4413290321826935
31,13189,0.4412477910518646
30,4244,0.44114604592323303
31,13342,0.4411374628543854
28,7031,0.4410347044467926
31,13621,0.44101032614707947
30,12196,0.44099631905555725
31,12710,0.44099268317222595
31,6854,0.44097161293029785
29,9869,0.4408717453479767
29,4705,0.44067737460136414
31,13203,0.44059622287750244
31,10217,0.4404889643192291
30,5149,0.44042760133743286
31,8835,0.4402613043785095
31,5811,0.44001638889312744
29,578,0.43999889492988586
31,14060,0.4399494528770447
31,6216,0.4397614002227783
29,13948,0.4396823048591614
30,9698,0.439679890871048
31,11676,0.43958398699760437
31,3345,0.43953564763069153
31,4020,0.4394156336784363
31,14200,0.4393860399723053
31,5358,0.43937948346138
30,12516,0.43897804617881775
31,2120,0.4387962520122528
31,7199,0.4385053217411041
30,5906,0.4384753704071045
31,10656,0.4383518695831299
31,13599,0.4383508861064911
28,3779,0.43834272027015686
31,12074,0.4383205473423004
30,3630,0.43826407194137573
31,368,0.4382149279117584
30,3425,0.43809425830841064
31,2566,0.437940388917923
30,8958,0.43789181113243103
29,636,0.43780767917633057
31,11577,0.4377092719078064
31,10650,0.4373123347759247
31,2196,0.4371207058429718
31,5045,0.4370160400867462
31,718,0.43680092692375183
30,5832,0.43670251965522766
31,11837,0.43657445907592773
31,3406,0.43651923537254333
31,542,0.43640992045402527
31,6981,0.43628990650177
31,11928,0.436281681060791
31,13627,0.4362243711948395
31,1969,0.4361910820007324
31,12863,0.43618056178092957
29,4650,0.4361693263053894
31,296,0.43608880043029785
31,14303,0.43591389060020447
25,8021,0.4358927607536316
31,8336,0.4357547461986542
29,4573,0.4357184171676636
31,7669,0.4356054961681366
31,10193,0.43559008836746216
31,11133,0.43537047505378723
31,14214,0.4353438913822174
31,3796,0.4352685809135437
30,8978,0.4351864755153656
30,5114,0.435116708278656
30,4433,0.43483713269233704
30,11624,0.434817910194397
31,9420,0.43479588627815247
31,13745,0.43471086025238037
30,8431,0.434601753950119
28,12928,0.434528112411499
31,2181,0.434431791305542
31,8240,0.4343450963497162
31,7176,0.4342624247074127
30,11449,0.43408191204071045
28,11063,0.43407320976257324
31,703,0.4340234696865082
29,8710,0.4339487552642822
29,11344,0.43385034799575806
30,449,0.43342554569244385
30,11436,0.43341830372810364
31,5088,0.43340012431144714
30,3086,0.4332852363586426
30,303,0.4332748353481293
31,1596,0.43315747380256653
31,6610,0.43313589692115784
31,14242,0.4329772889614105
31,2136,0.4328800141811371
31,8882,0.4327740967273712
30,9788,0.4326777756214142
30,6369,0.43245768547058105
29,13,0.4324546158313751
28,9680,0.4323221743106842
30,11335,0.4322601556777954
31,6700,0.43215441703796387
30,12135,0.43199577927589417
29,9167,0.4319245219230652
31,13847,0.43191999197006226
27,8738,0.4318561851978302
31,2280,0.4318297803401947
30,5207,0.4317811131477356
31,683,0.4316703677177429
31,8333,0.4316578507423401
31,13501,0.43161541223526
29,512,0.4313720166683197
30,8892,0.43127647042274475
30,6735,0.431231290102005
30,2176,0.4310988485813141
30,7222,0.4310954511165619
31,4652,0.4310564398765564
30,9523,0.43102017045021057
30,2908,0.430941104888916
30,4360,0.43091854453086853
30,12795,0.4308730363845825
31,4088,0.430629163980484
30,10428,0.43051645159721375
30,13161,0.4304007887840271
31,13667,0.4302729368209839
28,4187,0.43021678924560547
31,387,0.4301236867904663
30,13768,0.4299956262111664
29,7091,0.42991581559181213
26,5916,0.4297817647457123
30,9448,0.4297480583190918
31,194,0.4296905994415283
30,13347,0.42968156933784485
31,3310,0.4296811521053314
31,10797,0.4296022951602936
30,985,0.4295726418495178
31,9082,0.42952761054039
31,11345,0.4292968213558197
31,4095,0.42919838428497314
31,6704,0.42918461561203003
31,13172,0.4291100800037384
29,11374,0.42905861139297485
29,2311,0.42878785729408264
31,1570,0.42849600315093994
31,14021,0.42841944098472595
31,8000,0.4284093379974365
30,3314,0.4283764362335205
31,728,0.4280362129211426
30,12586,0.4278746545314789
31,5685,0.4277569651603699
29,1134,0.427714467048645
31,6001,0.4274987578392029
31,11168,0.42737430334091187
30,9478,0.42727819085121155
31,7327,0.42694225907325745
31,7506,0.42691704630851746
31,2560,0.4266398251056671
30,4753,0.42663809657096863
31,8377,0.42629408836364746
30,4834,0.4262247681617737
31,8125,0.426140695810318
31,9410,0.42594823241233826
30,10818,0.42586275935173035
31,6729,0.42582547664642334
31,9768,0.4257752299308777
29,10030,0.4256899654865265
30,328,0.42550191283226013
30,5852,0.4254191517829895
31,11274,0.42524993419647217
31,9904,0.4252053201198578
29,7352,0.42501959204673767
30,9591,0.4248713552951813
31,14012,0.42483192682266235
30,9388,0.4247635304927826
30,733,0.424650639295578
25,11622,0.4245656132698059
30,7378,0.4245266914367676
30,1628,0.4244627356529236
28,3524,0.42422738671302795
31,8980,0.4241541624069214
31,867,0.4240974187850952
31,12046,0.4239928722381592
31,3484,0.42398154735565186
28,1648,0.4239499568939209
31,10461,0.42389243841171265
31,9526,0.4235677123069763
30,11769,0.4235210418701172
31,1798,0.4233521819114685
31,7018,0.42326778173446655
31,3351,0.42322292923927307
31,12073,0.42317628860473633
30,12392,0.42316797375679016
31,14010,0.42302513122558594
29,9935,0.4228474795818329
31,4783,0.4228082001209259
20,2873,0.4227547347545624
30,12568,0.4227102994918823
31,6616,0.4226715564727783
30,2744,0.4225348234176636
30,9524,0.42252394556999207
31,10668,0.42251792550086975
31,12326,0.42248448729515076
31,1979,0.4224044978618622
31,8024,0.4221295118331909
31,10241,0.4220641851425171
31,8028,0.4220311641693115
29,5234,0.42192476987838745
31,5393,0.42177996039390564
30,4949,0.42174801230430603
29,11642,0.42169129848480225
30,9387,0.42168936133384705
30,3015,0.421439528465271
31,11601,0.4212189316749573
31,8895,0.42118608951568604
31,11540,0.4210689663887024
30,8735,0.42083898186683655
31,8949,0.42079299688339233
30,1812,0.42061740159988403
31,7525,0.4205818474292755
31,5046,0.4205307364463806
31,9428,0.420504629611969
29,5913,0.42047956585884094
30,5490,0.4203963875770569
31,11015,0.4203474819660187
31,5175,0.42030322551727295
31,4778,0.420299768447876
31,2645,0.41997912526130676
31,10945,0.4198513627052307
31,3701,0.41977834701538086
28,2066,0.4197065532207489
29,3202,0.4196822941303253
30,3351,0.4196738600730896
31,5071,0.41964834928512573
30,2273,0.41956862807273865
31,970,0.4195232689380646
31,10521,0.4192892909049988
30,7755,0.4192725121974945
31,6932,0.4192034602165222
30,5944,0.41915401816368103
31,9241,0.4190908670425415
29,254,0.41908901929855347
31,7017,0.41905030608177185
31,12568,0.4189252257347107
30,8911,0.4188082218170166
31,5646,0.41868898272514343
30,5812,0.4186597466468811
27,3778,0.41864821314811707
31,13401,0.41851699352264404
30,9373,0.4182959198951721
31,3914,0.41821685433387756
31,12238,0.4182013273239136
29,1141,0.41803374886512756
31,11396,0.4180208146572113
30,9544,0.41800183057785034
31,3018,0.4178164005279541
31,12473,0.41781532764434814
31,1868,0.41775062680244446
31,2663,0.4177442491054535
31,6228,0.4175940155982971
30,2509,0.4173373281955719
31,2439,0.4172828495502472
29,4206,0.41719967126846313
30,3937,0.41712871193885803
30,12379,0.4171101152896881
31,3950,0.4170968532562256
31,7703,0.41698357462882996
30,224,0.4167546033859253
31,1741,0.41671258211135864
31,9059,0.416708379983902
31,2137,0.41650158166885376
31,10062,0.41632646322250366
30,6999,0.41614237427711487
30,12034,0.4161393940448761
31,11405,0.4160958528518677
31,11420,0.41591235995292664
31,30,0.41590896248817444
30,13392,0.41585347056388855
31,1016,0.41584545373916626
30,4398,0.4157854914665222
31,11995,0.41572514176368713
14,3060,0.41558265686035156
29,5181,0.4153890907764435
31,806,0.41530996561050415
29,9936,0.4153098464012146
31,422,0.41519224643707275
31,631,0.4151800870895386
31,13156,0.41514840722084045
30,7014,0.41512003540992737
29,10946,0.41493913531303406
27,2226,0.41481107473373413
31,2180,0.4147886037826538
31,12007,0.4147071838378906
31,1447,0.4146821200847626
31,9156,0.41468149423599243
31,1424,0.4146789610385895
19,5247,0.41460832953453064
30,343,0.41451287269592285
29,10665,0.4144740104675293
30,9693,0.41444870829582214
31,8309,0.4144307076931
6,2933,0.4144159257411957
31,4998,0.41437605023384094
30,420,0.41435307264328003
29,5074,0.4143497049808502
31,6127,0.41427960991859436
31,11514,0.4142284393310547
30,5531,0.4140986204147339
29,13323,0.41405367851257324
31,10218,0.4140487611293793
31,7130,0.41403037309646606
31,5834,0.41400837898254395
31,7553,0.4138551652431488
31,5514,0.41370832920074463
31,3761,0.41352519392967224
31,3688,0.4134763479232788
28,4293,0.41344165802001953
31,4416,0.41329431533813477
31,492,0.41320469975471497
31,12032,0.4130721092224121
28,7013,0.41304269433021545
31,755,0.41292327642440796
31,837,0.4127078652381897
31,2173,0.41264626383781433
30,12161,0.41251707077026367
30,7003,0.4122777581214905
31,4011,0.41225963830947876
30,9045,0.4122430682182312
31,9463,0.41220760345458984
31,11811,0.41189664602279663
30,1561,0.41180387139320374
31,518,0.4117472767829895
30,2297,0.4117164611816406
29,5,0.41167598962783813
30,10291,0.4115053415298462
31,11363,0.41144517064094543
29,7723,0.4114261865615845
30,11552,0.4112494885921478
31,1488,0.41111546754837036
30,3183,0.4110204577445984
27,12149,0.41100171208381653
31,5201,0.4109993577003479
31,11882,0.41091910004615784
31,6061,0.4109022617340088
26,12831,0.4107218384742737
30,3006,0.41065290570259094
31,9867,0.41061094403266907
31,9505,0.4105476140975952
30,7301,0.41051942110061646
31,3510,0.41018134355545044
31,146,0.4100693166255951
30,13901,0.40999677777290344
30,810,0.4099617600440979
30,4637,0.4098619818687439
30,7024,0.4098387360572815
30,3436,0.40963682532310486
31,10310,0.40962815284729004
30,1425,0.40959179401397705
27,1219,0.40954774618148804
31,8914,0.40950167179107666
30,11948,0.4093678891658783
31,1174,0.40912964940071106
29,12896,0.409105122089386
31,10001,0.4090133309364319
31,946,0.4089867174625397
30,5790,0.4089842736721039
31,7838,0.4088728129863739
31,12341,0.4087236523628235
31,2522,0.4086141288280487
30,6142,0.4085710346698761
31,4167,0.4084486961364746
31,10758,0.40844523906707764
29,10191,0.40837177634239197
31,1664,0.40811222791671753
30,8210,0.40808573365211487
31,1178,0.40807950496673584
31,5407,0.40807104110717773
29,13413,0.4077482521533966
31,1323,0.407726913690567
29,8121,0.40771353244781494
31,5125,0.40760600566864014
31,5703,0.4075203239917755
31,2852,0.40751543641090393
31,13111,0.407388299703598
30,6460,0.40733635425567627
31,8180,0.40732473134994507
29,4978,0.4073154032230377
31,4481,0.4071749150753021
30,4957,0.40712153911590576
31,2404,0.40710094571113586
30,1270,0.4070562422275543
31,8956,0.40700337290763855
30,11179,0.40681228041648865
30,628,0.4068017899990082
30,12422,0.40654250979423523
30,1551,0.4064944386482239
31,6380,0.4064843952655792
30,4994,0.4064612090587616
31,638,0.40634599328041077
29,1516,0.40634191036224365
30,11307,0.40619486570358276
30,11089,0.4061785936355591
31,1128,0.4060666263103485
29,7864,0.40606358647346497
31,11640,0.4058908224105835
31,736,0.40573516488075256
31,11680,0.40568673610687256
30,2309,0.4053821861743927
31,5291,0.40534156560897827
31,4896,0.40529507398605347
30,317,0.40518975257873535
31,9714,0.4051804542541504
31,2375,0.40514397621154785
31,7878,0.4049745500087738
31,9732,0.4049656093120575
28,13684,0.4049505591392517
30,6863,0.40488001704216003
30,10790,0.40483418107032776
31,5267,0.40481075644493103
31,10244,0.40471819043159485
31,8534,0.40463730692863464
29,1016,0.4046061336994171
31,10688,0.40458568930625916
31,13595,0.40456435084342957
31,7615,0.4045122563838959
30,13800,0.4044627845287323
30,3856,0.4044565260410309
30,4770,0.4044337272644043
31,9276,0.4044206738471985
31,13012,0.4043925404548645
31,13059,0.4043375551700592
30,10879,0.4043351113796234
30,9812,0.4042700231075287
31,6277,0.40416210889816284
31,11986,0.40411028265953064
31,13604,0.4039895832538605
31,2306,0.40389883518218994
30,10963,0.403717964887619
31,12064,0.4036547839641571
31,3354,0.40337446331977844
30,11910,0.40325361490249634
31,4767,0.40316078066825867
30,6888,0.4030899703502655
30,12966,0.40304750204086304
30,11663,0.4029466509819031
29,987,0.4028628170490265
31,5572,0.40277570486068726
31,9155,0.4027470350265503
29,1932,0.40269145369529724
31,12773,0.4026557505130768
30,1112,0.40263819694519043
30,8710,0.4023386240005493
31,13782,0.4021895229816437
31,7512,0.40214642882347107
31,5513,0.40207430720329285
31,7101,0.40201836824417114
31,11174,0.4020015597343445
29,5808,0.40200018882751465
15,1816,0.4019872546195984
30,11976,0.40188068151474
31,1130,0.4017806053161621
27,3653,0.40176013112068176
31,10052,0.40165138244628906
31,12961,0.40160536766052246
29,5785,0.40122050046920776
31,12677,0.4011271297931671
31,2362,0.40109705924987793
30,6023,0.40107667446136475
31,13409,0.40097638964653015
31,6986,0.40095973014831543
31,1044,0.40091848373413086
29,5323,0.4007381498813629
31,11417,0.40062639117240906
31,6303,0.40062040090560913
31,13854,0.40055033564567566
29,12622,0.40049487352371216
27,11804,0.4003831446170807
30,12153,0.4003799259662628
30,11398,0.4002752900123596
28,8337,0.4001719355583191
31,4829,0.40005582571029663
29,7036,0.3999882638454437
31,4751,0.3999038636684418
31,1822,0.39979907870292664
31,12721,0.3997616767883301
31,955,0.3996407091617584
31,3159,0.3993213474750519
29,11835,0.39916902780532837
31,12411,0.3990778625011444
31,2692,0.3990529179573059
11,2764,0.3989255130290985
24,10290,0.39888039231300354
31,13017,0.39883357286453247
31,3631,0.3988291323184967
31,10173,0.3987765610218048
31,1978,0.39868736267089844
31,8386,0.3986167907714844
31,11208,0.39838695526123047
31,6761,0.39827725291252136
30,694,0.398260235786438
29,8374,0.3981638550758362
30,5106,0.3980671763420105
31,9555,0.3980114758014679
31,10567,0.3978717625141144
30,2798,0.39776065945625305
30,625,0.39775606989860535
31,10198,0.39774852991104126
31,7405,0.3977311849594116
31,4312,0.39771732687950134
30,8152,0.3975827991962433
30,2433,0.397484689950943
31,4934,0.3973475396633148
29,12400,0.39731863141059875
31,3916,0.39722391963005066
31,377,0.39709678292274475
31,5199,0.3969101905822754
29,9228,0.39660704135894775
31,6762,0.3961813449859619
31,11413,0.39599961042404175
31,1756,0.3959762752056122
31,7253,0.3959274888038635
30,11405,0.39587315917015076
31,4266,0.3958283066749573
31,3919,0.39564502239227295
31,3700,0.395397424697876
30,6181,0.39535027742385864
31,4915,0.39531973004341125
26,7034,0.39515000581741333
31,4797,0.39505019783973694
30,2537,0.39503011107444763
29,6859,0.39501386880874634
31,10160,0.394851416349411
29,5062,0.3947095274925232
31,248,0.39457929134368896
29,9654,0.39454129338264465
31,3527,0.39441877603530884
26,783,0.3943559527397156
30,5870,0.39430707693099976
29,2824,0.3941821753978729
30,8771,0.3940514326095581
30,5563,0.3939880132675171
31,3195,0.3938804268836975
30,1274,0.39377111196517944
30,3378,0.3937068283557892
28,10465,0.3935328423976898
31,3393,0.39334017038345337
30,4936,0.3933005630970001
29,3697,0.39321738481521606
29,3276,0.3930678963661194
31,7972,0.39295682311058044
31,4600,0.39291927218437195
31,11878,0.39286062121391296
29,4818,0.39285507798194885
31,11242,0.39284464716911316
30,4425,0.3927941620349884
31,6631,0.3927750289440155
31,7258,0.392549604177475
30,1864,0.39239317178726196
30,5560,0.39238035678863525
11,11258,0.39231550693511963
31,14295,0.392314612865448
28,6,0.3922349214553833
30,14108,0.392106294631958
30,7775,0.39204907417297363
31,5552,0.3919616639614105
31,10,0.39195260405540466
31,5359,0.39192405343055725
31,4733,0.3917398750782013
29,8914,0.39165905117988586
30,10195,0.39158356189727783
30,9156,0.3914373517036438
31,13202,0.3912728726863861
31,10225,0.39122867584228516
31,2219,0.3912179470062256
29,9711,0.3910471200942993
31,11385,0.3910168409347534
31,11707,0.3910151720046997
30,6584,0.3908827006816864
29,13826,0.39073482155799866
30,6669,0.39065811038017273
31,10133,0.39065518975257874
29,4360,0.39061373472213745
31,13093,0.3905635476112366
30,4238,0.3904898762702942
30,9072,0.39044633507728577
30,12246,0.3904029428958893
31,9661,0.39038828015327454
31,14232,0.3903671205043793
30,7418,0.3903080224990845
31,8888,0.3903004229068756
26,13069,0.3902771472930908
30,66,0.39023616909980774
31,5909,0.3901931047439575
30,5168,0.3899551033973694
31,13601,0.3898068964481354
31,11547,0.3896327018737793
22,2940,0.3895564377307892
27,1569,0.38944289088249207
31,1802,0.38942208886146545
31,1399,0.3894057869911194
30,1978,0.38938236236572266
31,10606,0.38930797576904297
26,6601,0.3892377018928528
30,12662,0.3891659379005432
29,11663,0.389150470495224
31,8954,0.38912615180015564
17,965,0.3889831602573395
31,13702,0.38893699645996094
29,10824,0.38891974091529846
31,5370,0.3887413442134857
29,4200,0.3886243402957916
30,7538,0.38847634196281433
31,11913,0.3882639706134796
30,2073,0.3882540762424469
31,3734,0.38816994428634644
30,5869,0.38805490732192993
17,7527,0.38803336024284363
31,9936,0.3880309760570526
30,6207,0.3878993093967438
31,13641,0.38789117336273193
31,4576,0.3878701329231262
31,7495,0.38778185844421387
31,9154,0.38773080706596375
31,4199,0.3875664174556732
30,8371,0.38736826181411743
31,11054,0.38731804490089417
30,4583,0.38678795099258423
27,8208,0.386771559715271
31,9709,0.3866293728351593
30,5640,0.3857909142971039
30,7021,0.38570451736450195
30,10064,0.38570207357406616
30,179,0.3856638967990875
22,2472,0.38560500741004944
28,6453,0.38555651903152466
30,8817,0.38553765416145325
31,12123,0.3854014575481415
31,6088,0.38538774847984314
30,4969,0.3853147029876709
29,2836,0.38525065779685974
31,6817,0.3851340413093567
30,7249,0.38508495688438416
31,888,0.3850352466106415
31,6520,0.384809285402298
31,6770,0.384749174118042
31,4999,0.3846462666988373
30,10027,0.38448041677474976
31,11959,0.3843681514263153
31,9274,0.3843343257904053
29,3468,0.3843260407447815
31,6532,0.3842405080795288
31,3404,0.3842322826385498
31,3371,0.3841417133808136
30,2001,0.3839203417301178
28,14268,0.38369837403297424
19,11138,0.3836582899093628
31,4686,0.3836173415184021
31,1884,0.383576363325119
31,6806,0.3835670053958893
31,4559,0.38354596495628357
29,12980,0.38352012634277344
31,196,0.38346266746520996
31,11033,0.38344645500183105
26,13542,0.3833949863910675
31,8624,0.3833785355091095
29,8827,0.3833519518375397
30,842,0.38329464197158813
30,434,0.38324543833732605
31,588,0.3830663561820984
31,545,0.3829764425754547
26,12735,0.3829506039619446
25,7944,0.38293495774269104
31,13740,0.3828542232513428
31,599,0.38266414403915405
31,9713,0.38240566849708557
31,6636,0.3823176622390747
31,6487,0.3823079466819763
30,13252,0.38222068548202515
31,9436,0.382207989692688
31,11558,0.38218656182289124
31,395,0.38207322359085083
31,12101,0.3820471167564392
31,651,0.3817813992500305
31,13496,0.38177600502967834
23,7708,0.38176921010017395
31,4256,0.38175109028816223
31,11616,0.3816879391670227
31,7808,0.38168594241142273
30,4944,0.3815385699272156
31,2231,0.3814850151538849
31,685,0.3814067542552948
31,11227,0.3812652826309204
29,6857,0.38125279545783997
31,3501,0.3810976445674896
31,6960,0.38103875517845154
31,2879,0.38103553652763367
27,5424,0.38102373480796814
31,2567,0.3810155689716339
31,4236,0.3810081481933594
31,12834,0.38094282150268555
31,12624,0.38084328174591064
31,7560,0.3808189630508423
31,5068,0.38081657886505127
31,10126,0.3807523548603058
30,4594,0.38069581985473633
30,740,0.3806282579898834
31,3816,0.38047516345977783
31,1576,0.3804526627063751
31,9075,0.38036617636680603
30,9634,0.38035792112350464
31,11692,0.38033100962638855
31,4435,0.37987881898880005
30,1466,0.37986451387405396
31,2483,0.3796517550945282
31,13428,0.37960293889045715
31,2025,0.379545658826828
31,7853,0.3793572187423706
31,3982,0.37927350401878357
29,1967,0.37926986813545227
31,7908,0.379184752702713
30,3297,0.37908419966697693
27,190,0.37904489040374756
31,3106,0.3788776099681854
31,12673,0.378798246383667
31,4061,0.37879762053489685
31,2035,0.37868955731391907
30,4341,0.3786867558956146
30,3705,0.3785442113876343
31,5665,0.3784809410572052
28,8884,0.37846308946609497
30,4543,0.3783421814441681
30,7435,0.37824830412864685
31,11780,0.3782150149345398
31,13713,0.3781835734844208
30,8418,0.37815824151039124
29,6911,0.37797367572784424
18,1454,0.3779502213001251
31,11881,0.377913236618042
31,8036,0.3775486946105957
30,4192,0.3775203824043274
30,11938,0.37748730182647705
29,1084,0.3773505687713623
30,10747,0.37729254364967346
31,9796,0.3771805167198181
31,4528,0.37712568044662476
31,11184,0.3770923316478729
29,2606,0.37703871726989746
30,464,0.37682995200157166
31,2218,0.3766641914844513
31,4834,0.37657663226127625
31,2651,0.37655866146087646
8,7082,0.3763120174407959
30,10824,0.3761948347091675
30,6961,0.3760852813720703
30,9105,0.37581491470336914
30,12988,0.37571507692337036
31,5857,0.37551769614219666
30,3884,0.3754088878631592
31,7542,0.3753564953804016
31,10090,0.3752681612968445
31,4959,0.3751617670059204
31,7095,0.37508031725883484
31,1301,0.3748633563518524
26,4419,0.374778687953949
31,6566,0.37474527955055237
31,4517,0.3747258484363556
22,7399,0.3747178912162781
30,3542,0.3746905028820038
30,10327,0.3745498061180115
31,1714,0.3744893968105316
29,2401,0.37443509697914124
31,10168,0.37441983819007874
30,1478,0.37426307797431946
31,6567,0.3741811513900757
31,12807,0.3740539848804474
31,13083,0.3740527331829071
30,1645,0.3738483488559723
30,9596,0.3738270103931427
18,6223,0.3737729489803314
25,9121,0.37372687458992004
29,3187,0.3736844062805176
31,9544,0.37363913655281067
31,8754,0.3735509216785431
31,9512,0.3735244870185852
30,1521,0.3734849691390991
30,12179,0.37345021963119507
29,12092,0.37330713868141174
30,6006,0.3731161653995514
31,13026,0.3729937672615051
30,13304,0.3728325068950653
31,4782,0.372761070728302
31,3343,0.37264758348464966
31,5825,0.372496098279953
31,2639,0.37241989374160767
31,11303,0.3723159730434418
31,8116,0.37229111790657043
31,4112,0.37220919132232666
31,5234,0.3722037374973297
30,6462,0.3722023069858551
29,2971,0.372130811214447
30,10104,0.37205368280410767
31,9109,0.37184587121009827
30,10762,0.3718402087688446
30,4837,0.3716735541820526
30,4004,0.37151238322257996
31,3482,0.3713603913784027
30,9660,0.37133824825286865
29,12574,0.371337354183197
31,430,0.37127363681793213
31,10346,0.37118691205978394
30,6013,0.3711758852005005
30,7798,0.3710872530937195
30,4419,0.3710459768772125
31,13130,0.3709588050842285
31,2695,0.3709561824798584
31,4126,0.37094631791114807
31,7437,0.3709409236907959
31,5244,0.3708611726760864
31,3649,0.3707890510559082
31,11003,0.3707832992076874
28,9278,0.3704494833946228
31,5340,0.37032920122146606
31,12564,0.3703012764453888
28,13293,0.3702995181083679
31,4427,0.37029433250427246
31,1994,0.3699502944946289
31,11909,0.36994174122810364
31,9290,0.3698144853115082
31,4407,0.36980000138282776
29,9403,0.3697882890701294
31,9773,0.3697481155395508
30,9955,0.36969998478889465
31,8711,0.36969873309135437
30,2172,0.3695698380470276
30,5416,0.3695644736289978
28,3569,0.3695485591888428
30,7451,0.3694177269935608
31,9631,0.36934348940849304
30,11472,0.36932846903800964
31,8828,0.36930444836616516
31,7537,0.3692927062511444
30,13424,0.3692859709262848
30,12377,0.3692268133163452
31,3704,0.36918336153030396
29,5182,0.3690897524356842
29,140,0.36905163526535034
31,9455,0.3690447509288788
31,413,0.3688868582248688
31,2937,0.3687525689601898
31,6576,0.3687238097190857
30,6354,0.36868947744369507
31,7758,0.3686567544937134
16,6738,0.3685761094093323
31,8960,0.36855122447013855
31,427,0.36851537227630615
30,7517,0.3684402108192444
30,6658,0.36843663454055786
31,5943,0.36838600039482117
29,329,0.3680683672428131
31,11978,0.36803120374679565
31,2211,0.3680244982242584
29,4181,0.36799749732017517
31,910,0.3678358495235443
31,9324,0.36781978607177734
30,3332,0.3678032457828522
29,12590,0.3676552176475525
31,1141,0.36754900217056274
31,1398,0.36746716499328613
