layer,neuron,change_score
31,12732,1946.5623779296875
31,8717,1232.0283203125
31,5463,996.8983154296875
31,12278,199.96746826171875
31,12111,46.32564163208008
30,2730,29.706100463867188
30,3342,25.44957160949707
30,10408,17.951862335205078
31,207,17.323551177978516
31,7000,13.305465698242188
31,14201,12.856821060180664
31,1159,12.177844047546387
31,1209,9.541210174560547
30,13679,9.208869934082031
31,2398,8.521722793579102
31,2564,8.157153129577637
31,4581,7.833196640014648
30,840,7.447805404663086
31,8359,7.040050983428955
31,801,5.998851776123047
31,13869,5.1195969581604
30,11920,4.9499006271362305
31,13336,4.7425217628479
30,11430,4.741479873657227
30,10321,4.307214260101318
30,12395,4.207296371459961
31,1940,4.113611221313477
30,7305,3.9978854656219482
31,2477,3.8682425022125244
31,311,3.630733013153076
30,6989,3.5271215438842773
31,5230,3.4956369400024414
29,664,3.4065866470336914
31,5975,3.3718621730804443
30,5442,3.2424211502075195
31,12004,3.1846888065338135
31,10233,3.1373140811920166
31,5099,3.1175270080566406
31,4790,3.1021106243133545
30,6663,2.953800678253174
31,7851,2.908090353012085
31,12841,2.867499351501465
31,7727,2.8654422760009766
30,458,2.8643181324005127
30,2815,2.857466697692871
31,2958,2.810901165008545
31,10850,2.755140542984009
31,273,2.7494280338287354
31,8118,2.7441234588623047
31,11140,2.7286407947540283
31,3387,2.716265916824341
31,6466,2.696934700012207
31,13414,2.6826014518737793
30,7674,2.645775556564331
31,3691,2.637596845626831
31,9658,2.6274335384368896
31,12913,2.6238913536071777
31,11244,2.59149432182312
31,12529,2.5553083419799805
31,2474,2.553356885910034
31,14027,2.5336430072784424
30,2306,2.5225062370300293
31,7861,2.4403178691864014
31,4786,2.408487319946289
31,5919,2.3584117889404297
31,5933,2.34580135345459
31,12185,2.3155953884124756
31,1674,2.292691946029663
30,5542,2.2906734943389893
31,2036,2.2888123989105225
31,11350,2.2860400676727295
31,8345,2.2795557975769043
31,2188,2.2579729557037354
29,11929,2.2502458095550537
31,7281,2.23110032081604
31,12222,2.220743179321289
31,4352,2.202237606048584
31,714,2.1897566318511963
31,1519,2.1758904457092285
31,12226,2.171010732650757
31,13544,2.1541759967803955
31,7450,2.1528868675231934
31,11999,2.145265817642212
31,9825,2.1367087364196777
31,3474,2.1189916133880615
31,10439,2.1186635494232178
31,1572,2.1035869121551514
31,9187,2.0963048934936523
31,2754,2.091059684753418
31,1813,2.0808866024017334
31,3252,2.075572967529297
31,10759,2.0704312324523926
31,2756,2.0675065517425537
30,936,2.0652003288269043
31,12298,2.062664031982422
31,13833,2.053382396697998
31,11541,2.045603036880493
31,1834,2.042269229888916
31,1654,2.041689872741699
31,486,2.0248427391052246
31,2836,2.0061349868774414
31,4512,2.004436492919922
30,12185,1.9945502281188965
31,6099,1.9916552305221558
31,1793,1.9868937730789185
31,9664,1.9817713499069214
30,2458,1.9588998556137085
31,5883,1.958809733390808
31,2549,1.9519609212875366
30,11084,1.9309672117233276
31,9575,1.9292305707931519
31,6424,1.923240303993225
30,9329,1.9119592905044556
31,10100,1.909029483795166
31,12668,1.903387188911438
31,997,1.8677875995635986
31,1095,1.8654532432556152
31,9639,1.8633177280426025
31,6657,1.860451579093933
31,9692,1.8437978029251099
31,3409,1.8298856019973755
31,5648,1.8211458921432495
30,10840,1.8139679431915283
30,3382,1.8127810955047607
31,3487,1.8054606914520264
31,1712,1.8046211004257202
31,11808,1.8020939826965332
31,2847,1.7971903085708618
31,11079,1.796531319618225
31,8959,1.7873060703277588
31,3616,1.7853808403015137
31,102,1.7771722078323364
31,5540,1.7749100923538208
31,850,1.7666800022125244
31,2305,1.7553629875183105
30,3813,1.7454771995544434
31,7938,1.7403110265731812
31,12252,1.7400833368301392
30,10767,1.737082839012146
31,1894,1.7337639331817627
31,566,1.7327948808670044
31,11817,1.7230836153030396
31,9620,1.7221108675003052
31,10129,1.7205570936203003
30,12811,1.7057331800460815
30,1033,1.6967742443084717
31,13933,1.6944299936294556
31,4436,1.6915851831436157
31,218,1.691576361656189
31,10956,1.6877087354660034
31,8154,1.6875442266464233
30,3775,1.6851623058319092
31,338,1.6849007606506348
31,9175,1.6847941875457764
31,3428,1.681619644165039
31,953,1.6728229522705078
30,12991,1.6679105758666992
31,7115,1.6582717895507812
31,13648,1.6525639295578003
31,13076,1.6493388414382935
31,1050,1.6481668949127197
31,8350,1.6465834379196167
31,10716,1.6439965963363647
31,4046,1.642530918121338
31,7104,1.6421338319778442
31,7906,1.6419453620910645
31,4873,1.6408673524856567
30,12814,1.6352777481079102
31,7429,1.6286969184875488
30,139,1.624892234802246
31,3166,1.62343168258667
31,12591,1.6195030212402344
31,14073,1.6179711818695068
31,5082,1.6175481081008911
31,437,1.6161606311798096
28,12702,1.614604115486145
31,5553,1.613877534866333
31,12119,1.6135786771774292
30,999,1.6079199314117432
31,11433,1.6068838834762573
30,13459,1.6064223051071167
31,12950,1.6063499450683594
31,1186,1.5964269638061523
31,10620,1.587328553199768
30,5024,1.5852407217025757
30,10563,1.5847636461257935
31,9171,1.582291603088379
31,13110,1.5760928392410278
31,5617,1.5742484331130981
31,2945,1.5710465908050537
31,3084,1.5684418678283691
31,5311,1.5681639909744263
31,10006,1.5628383159637451
31,9114,1.556846022605896
30,8295,1.556814432144165
31,5720,1.5541489124298096
30,7549,1.5521420240402222
30,5081,1.5515536069869995
31,6266,1.5505762100219727
31,3493,1.5469893217086792
30,9957,1.5438638925552368
31,2241,1.5378482341766357
31,4015,1.5343559980392456
31,5966,1.5216928720474243
31,5371,1.5210158824920654
31,12839,1.5163887739181519
30,10687,1.5114973783493042
31,6696,1.510880470275879
31,2657,1.505218267440796
31,3654,1.504785180091858
30,3271,1.5010910034179688
31,2268,1.5004169940948486
31,11752,1.4874136447906494
30,4968,1.48453688621521
31,12968,1.4831058979034424
31,8060,1.4828851222991943
31,5041,1.4819021224975586
31,3175,1.481437087059021
31,10459,1.479844331741333
31,11024,1.4795398712158203
31,12358,1.479029893875122
31,5772,1.4775351285934448
31,10834,1.47752046585083
31,11488,1.473261833190918
30,699,1.462973952293396
31,2344,1.4613540172576904
31,10803,1.4603794813156128
30,2780,1.4602514505386353
31,8053,1.4601166248321533
31,1324,1.4559171199798584
31,3540,1.4514933824539185
30,1950,1.4482684135437012
31,8193,1.4460009336471558
30,6893,1.4425641298294067
31,3499,1.440571665763855
30,1994,1.436450719833374
30,7016,1.4353481531143188
31,13115,1.4347057342529297
31,11695,1.430185317993164
31,5253,1.4258242845535278
31,2012,1.4208260774612427
29,12657,1.4169434309005737
31,10542,1.416796326637268
31,13062,1.4152110815048218
31,9119,1.4146521091461182
31,1090,1.4136278629302979
31,10973,1.4107428789138794
31,9416,1.4106602668762207
31,5021,1.4105772972106934
31,6069,1.4099441766738892
30,12689,1.4044044017791748
31,1919,1.4030179977416992
31,5562,1.3934282064437866
31,9587,1.3903305530548096
31,996,1.388278841972351
31,13989,1.3856561183929443
31,11084,1.3834946155548096
31,1946,1.3828853368759155
31,12616,1.3818256855010986
30,1171,1.3808248043060303
31,4160,1.379796028137207
31,10014,1.3790388107299805
31,2800,1.3787691593170166
31,1945,1.37855863571167
31,515,1.377721905708313
31,3023,1.3769584894180298
31,4179,1.3746304512023926
30,8983,1.3738019466400146
31,5509,1.369780421257019
31,6109,1.3695688247680664
31,5335,1.3679084777832031
31,10897,1.36714768409729
30,12495,1.3647462129592896
31,420,1.3647130727767944
29,7375,1.364129662513733
31,7873,1.3628599643707275
30,9355,1.3585797548294067
29,3976,1.356344223022461
31,8861,1.3492851257324219
31,7673,1.3491939306259155
30,8716,1.3442291021347046
30,3434,1.342340350151062
31,287,1.3419989347457886
31,14106,1.3407281637191772
31,8937,1.337556004524231
31,14196,1.336268424987793
30,14211,1.3352060317993164
31,6614,1.334912896156311
31,11085,1.3336906433105469
31,12861,1.3333611488342285
30,3673,1.3322725296020508
31,1395,1.330227017402649
31,13622,1.328859567642212
30,1552,1.326106071472168
31,537,1.32514488697052
31,3759,1.3246843814849854
31,33,1.3235962390899658
30,6939,1.323371171951294
31,4768,1.3231585025787354
31,10674,1.3208818435668945
31,13943,1.3189281225204468
30,9094,1.3181222677230835
31,1000,1.317661166191101
31,6725,1.3152040243148804
31,13292,1.3144104480743408
30,13182,1.3110833168029785
30,10739,1.3081402778625488
29,7428,1.3062286376953125
31,2223,1.302964210510254
31,11486,1.3020009994506836
30,4079,1.3011397123336792
30,3574,1.300870656967163
30,7867,1.2995916604995728
31,4373,1.299574613571167
31,14107,1.2994720935821533
30,9761,1.2979285717010498
30,1548,1.2976161241531372
30,13356,1.2950772047042847
30,7708,1.2945098876953125
30,6816,1.293858289718628
30,7675,1.293483853340149
31,8300,1.2914177179336548
30,9382,1.2904170751571655
31,2100,1.2884256839752197
31,10492,1.2868326902389526
31,14276,1.2859526872634888
30,8366,1.2850127220153809
30,1914,1.2834911346435547
31,13801,1.282955527305603
30,10343,1.2815186977386475
31,900,1.2812931537628174
31,13605,1.2804099321365356
31,2115,1.2801473140716553
31,416,1.2784090042114258
31,7944,1.2767177820205688
30,1307,1.275979995727539
30,3833,1.2743251323699951
31,847,1.2741749286651611
30,11898,1.2721816301345825
31,7309,1.2710967063903809
30,11438,1.2701693773269653
30,1369,1.2649470567703247
31,11013,1.2611932754516602
31,8583,1.2611706256866455
30,8057,1.2592360973358154
30,10498,1.2581945657730103
30,3724,1.2546898126602173
30,9833,1.2530465126037598
31,2207,1.2517577409744263
30,711,1.2471303939819336
30,10265,1.2470072507858276
31,855,1.2464202642440796
30,9657,1.2445789575576782
31,11989,1.2422311305999756
31,12923,1.2393758296966553
31,1386,1.2384446859359741
31,12514,1.2364964485168457
31,374,1.2352463006973267
31,4788,1.2344691753387451
31,13647,1.2343072891235352
30,7398,1.2318265438079834
30,4560,1.231468677520752
30,9257,1.2301644086837769
31,12525,1.2296013832092285
30,13584,1.2281841039657593
30,7595,1.227433443069458
30,11819,1.2262022495269775
31,12035,1.2223930358886719
31,2572,1.2220596075057983
30,8652,1.2197918891906738
30,6275,1.217321753501892
31,7124,1.2165539264678955
30,5951,1.2156059741973877
27,8140,1.2121576070785522
30,9247,1.2107007503509521
30,13140,1.2106114625930786
31,11489,1.2092700004577637
31,674,1.2076406478881836
31,10697,1.20380437374115
31,9663,1.2026649713516235
30,35,1.2023494243621826
30,1297,1.1999880075454712
30,10641,1.1951308250427246
30,10173,1.1942033767700195
30,8570,1.193979024887085
31,13102,1.1913540363311768
30,3776,1.190870761871338
31,3840,1.1903308629989624
31,1157,1.189148187637329
31,12730,1.1870085000991821
30,7322,1.1867271661758423
30,14008,1.1857995986938477
31,13814,1.1857283115386963
30,4084,1.1849302053451538
31,8990,1.184417724609375
30,7076,1.1837713718414307
31,5542,1.181972861289978
30,6255,1.1784889698028564
30,6204,1.178486704826355
30,13017,1.1783041954040527
31,10180,1.1778035163879395
31,3811,1.1760913133621216
30,5854,1.175031065940857
30,7985,1.1747580766677856
31,9355,1.173590064048767
30,12573,1.171645998954773
31,3769,1.1710153818130493
31,4661,1.1707966327667236
31,5636,1.1690292358398438
31,5322,1.1686484813690186
31,9047,1.1683998107910156
31,2187,1.1670384407043457
30,4664,1.1646296977996826
30,12463,1.1640602350234985
31,10030,1.161162257194519
31,1928,1.1605825424194336
30,4128,1.159793734550476
31,2552,1.158410906791687
31,4229,1.1574245691299438
31,11769,1.156463623046875
30,10599,1.155396580696106
31,154,1.1548761129379272
30,11169,1.1545432806015015
31,7061,1.153482437133789
31,8950,1.1506316661834717
30,6742,1.1479765176773071
31,12731,1.1474894285202026
31,10131,1.147073745727539
31,10843,1.1470586061477661
30,9044,1.1433351039886475
30,1119,1.1426947116851807
30,6772,1.1408668756484985
30,934,1.140515923500061
31,9505,1.1403236389160156
30,13953,1.1394585371017456
31,6432,1.1384165287017822
31,13197,1.1384122371673584
30,14233,1.1383806467056274
30,12787,1.1370158195495605
31,11638,1.135205864906311
30,903,1.1306041479110718
31,13293,1.1298104524612427
31,9974,1.128758430480957
30,503,1.1273059844970703
31,10210,1.1256192922592163
29,10726,1.119728922843933
31,8652,1.119722604751587
31,2204,1.1195111274719238
30,4796,1.1175874471664429
30,9032,1.1168395280838013
30,4505,1.1163721084594727
31,12446,1.1110016107559204
30,1724,1.1102169752120972
31,4366,1.1087887287139893
30,6240,1.1084134578704834
30,11055,1.1082947254180908
31,14224,1.107385277748108
31,7416,1.1061128377914429
31,10644,1.1050777435302734
30,6093,1.1029274463653564
31,10669,1.1011840105056763
30,864,1.1008994579315186
31,8371,1.100794792175293
30,5624,1.10037100315094
30,4346,1.099733591079712
31,9729,1.0992631912231445
31,2536,1.0983930826187134
1,2427,1.0976048707962036
30,12016,1.0939878225326538
30,12371,1.0938081741333008
30,4426,1.0933351516723633
30,12012,1.092712640762329
31,13038,1.0905007123947144
31,11314,1.090407371520996
31,12033,1.0902466773986816
31,3548,1.0896064043045044
31,3583,1.0893442630767822
30,841,1.0887484550476074
30,2019,1.0887126922607422
30,8539,1.087020754814148
31,1136,1.0841785669326782
31,9241,1.0808781385421753
31,8410,1.0799697637557983
31,13449,1.079703688621521
30,12600,1.0792176723480225
31,12145,1.0782830715179443
31,8862,1.0781437158584595
30,3583,1.0778992176055908
31,1739,1.0765794515609741
31,6998,1.0761455297470093
29,12217,1.0736188888549805
31,7684,1.0726256370544434
29,5337,1.072586178779602
30,728,1.0723475217819214
31,1585,1.0717072486877441
30,6937,1.071078896522522
30,10339,1.0709155797958374
30,12660,1.0691484212875366
28,12074,1.0687992572784424
30,5752,1.066514253616333
30,2195,1.0649473667144775
31,2358,1.06412672996521
30,8698,1.0635868310928345
30,9717,1.0616403818130493
31,6227,1.0614582300186157
31,3859,1.0608360767364502
31,7122,1.0586925745010376
30,7776,1.0580159425735474
31,794,1.0578513145446777
30,5905,1.057554006576538
30,837,1.056178092956543
30,6976,1.0544723272323608
30,13058,1.0502864122390747
30,5840,1.04999840259552
30,7577,1.046347737312317
31,2016,1.0454983711242676
30,7752,1.0450382232666016
31,11234,1.044180989265442
30,7668,1.0441535711288452
30,6894,1.0441036224365234
31,931,1.0427772998809814
31,11929,1.0426900386810303
31,10165,1.04172682762146
31,12247,1.0402753353118896
31,14266,1.0394093990325928
30,1823,1.037751317024231
30,13575,1.0374975204467773
30,11533,1.0365749597549438
30,7609,1.034053921699524
31,8664,1.0314922332763672
30,13513,1.0295543670654297
28,8979,1.0293936729431152
31,13995,1.0290334224700928
30,5767,1.0288801193237305
31,6734,1.0278277397155762
30,7107,1.0274710655212402
30,635,1.0251022577285767
29,12010,1.0250473022460938
31,1831,1.0239931344985962
31,11456,1.023322343826294
30,14282,1.0195062160491943
30,13111,1.019068717956543
30,6539,1.0189110040664673
30,3903,1.018796443939209
31,1165,1.0181163549423218
30,6764,1.0179156064987183
31,6072,1.0150538682937622
31,7784,1.0149098634719849
30,8070,1.0141804218292236
30,4546,1.013941764831543
31,7592,1.0138812065124512
7,8343,1.0114291906356812
31,3043,1.0073431730270386
30,465,1.0054892301559448
29,6070,1.0053119659423828
31,1200,1.004967212677002
31,12120,1.004618525505066
30,5333,1.0042873620986938
30,3679,1.0038508176803589
31,4358,1.0036838054656982
31,3930,0.9959677457809448
31,5231,0.9940441846847534
31,4261,0.9903409481048584
30,6851,0.9893609285354614
31,5643,0.9874289035797119
31,11256,0.9865720868110657
30,5914,0.9864391088485718
30,11725,0.9857083559036255
31,8407,0.9846903681755066
31,13030,0.9845147728919983
31,556,0.9825395941734314
31,8127,0.9801328778266907
30,3930,0.980094313621521
31,14321,0.9778956770896912
31,5161,0.9774694442749023
30,5426,0.9766340851783752
30,1562,0.9765895009040833
30,9893,0.9757150411605835
31,9628,0.9750542044639587
31,10212,0.9747313261032104
31,747,0.9738529920578003
30,11377,0.9729915261268616
30,3483,0.9717482328414917
30,3078,0.9713122248649597
30,8437,0.971274733543396
29,7349,0.9712435603141785
30,1249,0.9695607423782349
30,2069,0.9682057499885559
31,6467,0.967829704284668
29,12988,0.9674002528190613
31,2313,0.9665208458900452
31,6691,0.9648976922035217
29,2736,0.964821994304657
31,1973,0.9646144509315491
30,17,0.9645267724990845
31,8503,0.9610450267791748
30,5320,0.9609727263450623
30,8638,0.9608234763145447
31,6364,0.9606232643127441
30,13655,0.9605260491371155
31,3514,0.9604158401489258
30,6171,0.9597492814064026
30,1943,0.9595098495483398
31,5645,0.957931637763977
30,11992,0.9570201635360718
30,9138,0.9565863013267517
30,13168,0.9558160901069641
29,6227,0.9531822800636292
30,4280,0.9523844718933105
30,7790,0.9520401358604431
30,9735,0.9518134593963623
31,6683,0.9511922001838684
31,1467,0.9509403705596924
31,8320,0.950814425945282
31,10471,0.9505069255828857
30,11842,0.9496874809265137
30,9404,0.9489491581916809
31,10389,0.9485830068588257
31,8813,0.9484394788742065
31,4097,0.9467466473579407
30,10853,0.946740984916687
30,12903,0.9465768337249756
30,2808,0.9451431632041931
31,6271,0.9440764784812927
31,2622,0.9438122510910034
31,13691,0.9422050714492798
30,4447,0.9418255090713501
31,7365,0.9407294988632202
31,9050,0.9400615692138672
30,1668,0.9399877786636353
29,11535,0.9395133852958679
31,13277,0.9383895397186279
30,5649,0.9382375478744507
31,8998,0.9381183385848999
31,233,0.9366710782051086
31,10653,0.9359405040740967
30,3478,0.93440842628479
31,8382,0.9325607419013977
30,2405,0.932035505771637
30,5850,0.9316242933273315
29,3912,0.9291990995407104
30,5804,0.9281389713287354
31,4695,0.9275432825088501
31,4645,0.9267163276672363
28,13243,0.9257524013519287
30,779,0.9256963133811951
31,255,0.9245655536651611
30,2689,0.9238893389701843
30,1280,0.9230213761329651
31,3121,0.9220776557922363
31,3621,0.9213970303535461
31,10136,0.9201518297195435
31,3522,0.9198931455612183
31,6440,0.9197879433631897
29,7086,0.919697642326355
29,3746,0.9191213250160217
31,9005,0.9186456799507141
31,3135,0.9183076620101929
31,10525,0.9177350997924805
31,3835,0.9166829586029053
31,4577,0.9156769514083862
31,8884,0.9155044555664062
31,11342,0.9132260084152222
31,14304,0.9122520685195923
31,7676,0.9118778109550476
30,276,0.9117626547813416
30,2017,0.911325216293335
30,1381,0.9101632833480835
30,12126,0.9097558856010437
31,14299,0.9095587730407715
30,6618,0.9094145894050598
30,10272,0.9089798927307129
30,12255,0.908541202545166
29,11492,0.9069258570671082
31,4791,0.9065935015678406
31,9465,0.9065740704536438
30,10083,0.905876874923706
30,5043,0.9056615233421326
30,10997,0.9056381583213806
29,3490,0.902729868888855
30,9728,0.9001132845878601
30,9031,0.8994505405426025
31,14324,0.8987510800361633
31,1058,0.8985618948936462
31,14113,0.8985069990158081
30,4497,0.8973882794380188
31,3568,0.8971750140190125
30,10,0.8956710696220398
31,6575,0.8953794240951538
30,9125,0.8953217267990112
30,6491,0.8949147462844849
27,13857,0.8946306705474854
30,9350,0.8930935859680176
30,12673,0.8927502036094666
30,9096,0.8927475214004517
30,10554,0.8926767706871033
30,9513,0.8924939036369324
30,5687,0.8921356201171875
30,3941,0.8917022943496704
31,12688,0.8914024233818054
31,13649,0.891157865524292
30,11272,0.8907378911972046
31,8633,0.8906847238540649
30,545,0.8904621005058289
31,1977,0.8903067708015442
29,3716,0.8899906873703003
30,3429,0.8897028565406799
31,3081,0.8885319828987122
30,4852,0.8883123993873596
31,5945,0.8877358436584473
31,12814,0.8875107169151306
30,3886,0.8875014185905457
30,3097,0.887333333492279
31,8360,0.8873254060745239
31,2221,0.8870798945426941
31,10586,0.8861618638038635
30,5042,0.8860063552856445
31,2199,0.8859617710113525
30,12556,0.8859224319458008
30,1144,0.8847095370292664
30,7184,0.8846766352653503
31,9519,0.8844143748283386
30,13935,0.8844103217124939
30,2427,0.8829764723777771
31,7019,0.8828593492507935
31,3863,0.8825560212135315
31,3464,0.882356584072113
31,8792,0.881243109703064
30,8023,0.8768495917320251
31,11509,0.875564694404602
30,4361,0.8751767873764038
31,2293,0.8750225901603699
31,11108,0.8748542666435242
30,8084,0.8746381998062134
31,247,0.8743095397949219
13,10316,0.8741446137428284
30,2521,0.8738099336624146
30,1574,0.8730390667915344
30,4503,0.872944712638855
30,248,0.8729020953178406
30,5417,0.8728159070014954
30,7857,0.8725767135620117
31,7020,0.8714938163757324
30,10126,0.8714867234230042
30,9219,0.8699019551277161
31,8952,0.8673878312110901
31,5455,0.8668979406356812
30,9739,0.8667452335357666
30,1874,0.8660153746604919
31,11159,0.8652245998382568
31,5118,0.8649986982345581
31,363,0.864726722240448
31,74,0.8645422458648682
30,10952,0.8642805218696594
31,12996,0.8640104532241821
30,2939,0.8637135624885559
31,1506,0.8632352352142334
29,11270,0.8622664213180542
31,3210,0.8617536425590515
31,8206,0.8592615127563477
30,13248,0.8592368364334106
30,14261,0.8583285808563232
31,3971,0.8577397465705872
30,12798,0.8572498559951782
31,3261,0.8571626543998718
30,240,0.8563891649246216
31,118,0.8562291264533997
30,7393,0.8560975790023804
31,7261,0.8557499051094055
31,14061,0.8555728793144226
31,2954,0.8550058007240295
30,6331,0.8545792102813721
31,8499,0.853829026222229
31,11276,0.8534319400787354
31,9350,0.8533774018287659
31,1060,0.8524664044380188
31,10776,0.8521905541419983
31,489,0.8519424200057983
31,562,0.8517357110977173
30,8392,0.8514714241027832
30,2025,0.8511545062065125
30,10158,0.8499627113342285
30,2440,0.8497486114501953
30,8855,0.8489235043525696
31,4622,0.848859429359436
31,12360,0.8487874865531921
31,1681,0.8485511541366577
31,9178,0.848393976688385
31,2432,0.8481709957122803
30,12067,0.8479922413825989
30,13607,0.8476585745811462
30,4092,0.8475067019462585
31,10488,0.8473597168922424
31,2538,0.847294807434082
31,8984,0.8470506072044373
30,13224,0.8467090725898743
30,4668,0.846328854560852
31,7387,0.8460556864738464
31,12048,0.8458986878395081
31,10036,0.8458693027496338
31,4182,0.8452368974685669
31,5528,0.8448197245597839
30,13373,0.8441184163093567
30,8696,0.843487560749054
31,11354,0.843280017375946
30,13567,0.8432290554046631
31,2649,0.8425036072731018
30,1609,0.8424351811408997
31,4627,0.8417773842811584
30,3970,0.8412072062492371
30,11889,0.8406369090080261
31,9995,0.8404905796051025
30,5072,0.8402729034423828
30,14095,0.8401904106140137
31,13909,0.8401657938957214
31,10893,0.8398386836051941
31,7036,0.8398296236991882
31,4810,0.8397718071937561
30,11613,0.8395225405693054
30,13499,0.8390848636627197
31,963,0.8388603925704956
31,11483,0.8386842608451843
31,5345,0.8386022448539734
31,2299,0.8377900719642639
31,14211,0.8376400470733643
30,23,0.8370789289474487
31,2775,0.8363285660743713
31,8275,0.8362889289855957
30,4842,0.8358592391014099
31,5471,0.8356627821922302
31,11571,0.8354794383049011
31,5493,0.8349981307983398
30,12499,0.8347423672676086
30,1167,0.8342772722244263
30,2538,0.8341550827026367
31,4374,0.8341168165206909
30,8200,0.8329548239707947
31,10757,0.8328864574432373
31,9678,0.8328661918640137
31,2535,0.8320232629776001
31,13368,0.8319514393806458
30,2070,0.8319372534751892
30,4727,0.8318440318107605
30,559,0.8297305107116699
31,9091,0.8294467926025391
30,10364,0.8290161490440369
30,14161,0.8285927772521973
31,6247,0.8284946084022522
30,12419,0.827971875667572
31,8591,0.8279370069503784
31,3611,0.8277055621147156
30,11625,0.8276242613792419
30,6973,0.8272349834442139
31,5745,0.8265604376792908
31,7038,0.8265293836593628
31,10800,0.8265029788017273
31,6159,0.8258414268493652
31,12423,0.8256900310516357
31,5644,0.8254618644714355
30,10725,0.8253688216209412
31,8182,0.8248286843299866
31,3492,0.8241795897483826
30,1795,0.8238188028335571
28,8589,0.823656439781189
30,9793,0.8234814405441284
29,8741,0.8232141733169556
30,9237,0.8223572373390198
30,1130,0.8222759962081909
31,12491,0.8222134709358215
31,9968,0.8220475316047668
31,9272,0.8216233253479004
31,4198,0.8212525248527527
31,5995,0.8211519718170166
30,2318,0.8185675740242004
30,11106,0.8180500268936157
30,1529,0.817976176738739
31,8203,0.817389965057373
31,13638,0.8173758387565613
30,10117,0.8171867728233337
31,2174,0.8170748353004456
30,14285,0.8166691064834595
30,13863,0.8158618807792664
31,9883,0.8149521350860596
29,4006,0.8143197298049927
31,7052,0.8138048648834229
31,6525,0.8131884932518005
31,3685,0.8128371238708496
30,9100,0.8126579523086548
31,11080,0.8120168447494507
30,2446,0.8101235032081604
31,7245,0.809489369392395
29,3817,0.8094160556793213
31,4983,0.8090742230415344
30,11860,0.8080354332923889
31,11059,0.8073811531066895
31,9081,0.8073199391365051
31,4609,0.806925356388092
30,3296,0.8064572215080261
30,2268,0.8062465786933899
31,11985,0.8054414987564087
31,8128,0.8048012852668762
25,3897,0.8047605752944946
31,8791,0.8045834898948669
31,12910,0.8044651746749878
30,9556,0.8041580319404602
30,255,0.8038803339004517
30,7299,0.8028916716575623
30,3413,0.8028351664543152
29,11151,0.802468478679657
30,10974,0.802162766456604
30,5526,0.8016234636306763
30,5427,0.8010218143463135
30,1235,0.8008038997650146
30,4736,0.8007136583328247
31,5559,0.8004780411720276
31,507,0.8004401922225952
31,3323,0.8003960847854614
30,7319,0.8001692891120911
31,7217,0.8001424670219421
31,3444,0.7993304133415222
30,6486,0.7991960644721985
30,12383,0.7990314364433289
31,9877,0.7983120679855347
31,4633,0.7982224822044373
30,4438,0.798168420791626
30,8959,0.7976600527763367
30,6083,0.7976399064064026
31,2405,0.7971713542938232
30,13730,0.7969639301300049
30,11210,0.796900749206543
31,2420,0.7966961860656738
31,2833,0.7957727313041687
31,4128,0.7951866984367371
31,4400,0.7946741580963135
31,7724,0.7944092750549316
30,12728,0.7921785116195679
31,4062,0.7920250296592712
30,58,0.7913178205490112
31,8607,0.7906532287597656
30,14158,0.7904766798019409
31,8695,0.7902088761329651
30,11240,0.7898295521736145
31,409,0.7885879874229431
29,10666,0.7879988551139832
31,2770,0.7874088287353516
31,6355,0.7869173884391785
31,12857,0.786805272102356
29,7206,0.786414623260498
30,11022,0.7863247394561768
30,10245,0.7862219214439392
30,5473,0.7860476970672607
30,5522,0.7859477996826172
30,8028,0.7857005596160889
30,11109,0.7854732871055603
30,1496,0.7842144966125488
31,10555,0.7841238975524902
31,13518,0.7834545373916626
30,9787,0.7832295298576355
31,12150,0.7829762697219849
31,7598,0.7826268672943115
31,11581,0.7824559211730957
31,7001,0.7824146151542664
30,1431,0.7822269797325134
30,7146,0.7821569442749023
31,9818,0.7819333672523499
31,4538,0.7815713286399841
30,1018,0.7813336253166199
31,13752,0.7811744809150696
31,10788,0.7804784774780273
31,11279,0.7799426317214966
31,4943,0.7798087000846863
31,13957,0.7798078060150146
30,1047,0.7794100046157837
31,5259,0.7787650227546692
31,10377,0.7783234715461731
31,3174,0.777751624584198
31,8298,0.7773480415344238
30,2204,0.777076780796051
31,11492,0.7768619656562805
31,511,0.7757830619812012
31,609,0.7757250070571899
31,9523,0.7753679752349854
31,10806,0.7746776342391968
31,7066,0.7745652198791504
30,6693,0.7744188904762268
31,2003,0.7742178440093994
31,8524,0.7739335894584656
30,5591,0.7729136347770691
31,4732,0.7728621363639832
30,1891,0.7728338837623596
30,11810,0.7716067433357239
31,11843,0.7711581587791443
31,4064,0.7708122134208679
30,7910,0.7699456810951233
30,2459,0.7698405981063843
30,12757,0.7697444558143616
30,4618,0.7695140838623047
30,13049,0.7693195343017578
30,2817,0.767845630645752
31,7208,0.7676519155502319
31,110,0.7672483325004578
31,13024,0.7672476768493652
31,12400,0.7671886086463928
31,3483,0.766970157623291
30,2792,0.7665577530860901
30,1303,0.7665452361106873
31,10161,0.7658693790435791
30,13056,0.7653687000274658
30,6543,0.7649242281913757
31,5051,0.7646312713623047
30,11076,0.7645957469940186
31,2575,0.7643551826477051
31,531,0.7631375789642334
31,4415,0.7622936367988586
30,9608,0.7622287273406982
31,1493,0.76192706823349
31,13457,0.7612897753715515
30,217,0.7607622742652893
31,11921,0.7605741620063782
31,2948,0.7601325511932373
31,7533,0.7600422501564026
30,4882,0.759577214717865
31,11118,0.7593355774879456
31,344,0.7592951059341431
31,11757,0.7586870193481445
30,13613,0.7585523128509521
31,1665,0.7585430145263672
31,5394,0.7584273219108582
31,2153,0.7581688165664673
31,12785,0.7570878863334656
31,6076,0.756663978099823
30,1050,0.7558467388153076
31,9115,0.7556934356689453
31,13149,0.7555414438247681
31,1496,0.7545132040977478
31,11435,0.7544533014297485
31,711,0.7540463805198669
30,6290,0.7539829611778259
31,6919,0.7536426782608032
31,10094,0.7536214590072632
30,14027,0.7535326480865479
30,11389,0.753155529499054
31,8064,0.7530837059020996
31,5934,0.7529346346855164
31,9387,0.752792477607727
31,9262,0.7521631717681885
30,3727,0.7521530389785767
31,9886,0.7520129084587097
28,14127,0.7518836855888367
31,2689,0.7517862319946289
30,7705,0.7516957521438599
30,1735,0.7516347765922546
31,13891,0.7511849999427795
30,7442,0.7511194348335266
29,9588,0.7506608366966248
31,1668,0.7499727606773376
30,1441,0.7490628957748413
31,4501,0.7490221858024597
31,11860,0.7488704323768616
31,3015,0.7487589716911316
31,12502,0.7486785650253296
30,3695,0.7481678128242493
30,9117,0.7481489777565002
30,10295,0.7480655908584595
30,13359,0.7475346326828003
31,2004,0.7473776936531067
31,1236,0.7467010617256165
31,11258,0.7466632723808289
30,2724,0.7464942932128906
30,2127,0.7462674379348755
30,10411,0.7447340488433838
31,9375,0.7446511387825012
30,3331,0.7445546984672546
31,12193,0.7440775632858276
30,1793,0.7434679865837097
30,6406,0.742870569229126
30,7594,0.7426208257675171
31,7463,0.7425001859664917
31,4178,0.7413946390151978
31,6445,0.7413821220397949
31,11504,0.7413249611854553
31,6764,0.7412228584289551
30,10152,0.7406468987464905
31,3828,0.7405121326446533
31,1947,0.7403495907783508
31,4000,0.740260124206543
30,5311,0.7400182485580444
31,9837,0.7397720217704773
31,12248,0.7395710945129395
31,11738,0.7394077181816101
29,9228,0.7392780780792236
31,2046,0.739269495010376
31,10215,0.7392492890357971
30,11893,0.7390022277832031
31,6926,0.7387955784797668
31,943,0.7385420799255371
31,9240,0.7385030388832092
30,14280,0.7377034425735474
31,1637,0.737102746963501
30,3716,0.7363415956497192
30,5705,0.736283540725708
31,1530,0.736222505569458
31,2465,0.7361346483230591
29,10255,0.7360954880714417
30,11494,0.7360168695449829
30,879,0.7357650995254517
31,9715,0.7357512712478638
31,11552,0.735633909702301
31,3472,0.7352257966995239
31,12676,0.7351157069206238
31,2088,0.7350471615791321
31,14239,0.7349807620048523
31,4457,0.7349658012390137
31,4594,0.7347484827041626
30,13308,0.734748363494873
30,367,0.7346751689910889
30,5610,0.7346644401550293
31,12034,0.7340506315231323
31,10427,0.73386549949646
31,7342,0.7335020303726196
31,640,0.7331403493881226
31,4302,0.7329957485198975
30,12741,0.7328822612762451
31,3865,0.7328396439552307
30,4800,0.7325822114944458
30,3803,0.732395589351654
31,13606,0.7321509122848511
30,7600,0.7320151329040527
30,151,0.7316981554031372
31,5074,0.7312085032463074
31,13016,0.7311546802520752
31,778,0.7308769822120667
27,307,0.7306392192840576
30,5975,0.7301848530769348
29,169,0.7299351096153259
31,5920,0.7296382188796997
30,1969,0.7293899059295654
31,3506,0.7293135523796082
30,13159,0.7292414307594299
31,7478,0.7292360067367554
30,11703,0.7288790941238403
31,9604,0.7287401556968689
30,5886,0.7286185622215271
29,1355,0.7285385131835938
31,6029,0.7284639477729797
31,2856,0.7274815440177917
31,127,0.7268629670143127
30,13538,0.7267959713935852
31,11185,0.7265323400497437
29,11917,0.7264647483825684
31,12156,0.7256863117218018
13,2288,0.7255350351333618
31,9597,0.7249255180358887
31,5193,0.7243874669075012
31,1351,0.7243553400039673
30,12629,0.7231257557868958
31,2275,0.7230856418609619
31,7812,0.7230167388916016
31,8074,0.7225151658058167
31,8557,0.7223869562149048
31,8609,0.7218561172485352
30,6021,0.7216896414756775
31,6007,0.7214576005935669
31,291,0.7214380502700806
30,995,0.7212750911712646
30,3798,0.7210053205490112
30,7431,0.7206343412399292
31,2155,0.7203835248947144
11,13368,0.7203242778778076
31,3778,0.7196851372718811
30,9451,0.7191362977027893
30,6413,0.7190729975700378
31,11861,0.7185338735580444
30,13059,0.7173832058906555
31,3682,0.7168644666671753
30,10868,0.7167384028434753
31,6992,0.7166798710823059
31,5852,0.7166057825088501
30,6372,0.7164099216461182
31,8307,0.716148853302002
31,1632,0.7158776521682739
30,13681,0.7158568501472473
31,4554,0.7154741287231445
31,2076,0.7149453163146973
31,7399,0.7147426605224609
31,2301,0.7145231366157532
30,8031,0.7144292593002319
29,5343,0.7143521904945374
30,5615,0.7141513228416443
31,1917,0.7140692472457886
30,11803,0.7137647867202759
30,3988,0.7133861184120178
30,14244,0.7128868699073792
30,8225,0.712862491607666
30,11463,0.7126880884170532
31,13574,0.7125104665756226
30,6578,0.7122378945350647
31,13304,0.7120420932769775
31,9854,0.7116121053695679
30,4675,0.7114441394805908
31,9494,0.7114136815071106
30,8242,0.7109569907188416
31,9866,0.7109452486038208
31,12717,0.7107736468315125
30,191,0.7105609178543091
31,13707,0.7104402780532837
31,641,0.7100800275802612
30,11194,0.7099652290344238
31,6413,0.7094066143035889
31,3061,0.7092345952987671
31,4626,0.7091384530067444
31,4919,0.7089929580688477
28,1692,0.7089263796806335
31,894,0.7086977362632751
31,9256,0.7086181640625
30,6640,0.7085630297660828
31,882,0.7084959149360657
31,10783,0.7084290981292725
30,5793,0.7082332968711853
31,4906,0.7082095146179199
31,11126,0.7079848647117615
30,3336,0.7077093720436096
30,4472,0.7073736786842346
30,1482,0.7073119878768921
31,5470,0.7068343162536621
31,8200,0.7065463662147522
31,13662,0.7063172459602356
31,5539,0.706013560295105
30,12009,0.7058854699134827
31,12971,0.7058687210083008
31,13677,0.7045438289642334
30,13600,0.7044797539710999
30,13285,0.7043986320495605
31,12541,0.7043955326080322
31,6950,0.7039187550544739
31,712,0.7035841345787048
31,7819,0.7034059166908264
31,9294,0.7032589316368103
30,9114,0.7032203674316406
28,1648,0.7030507326126099
31,6085,0.7029056549072266
30,3503,0.702865481376648
31,4720,0.7026915550231934
30,8127,0.702648401260376
30,655,0.7024359703063965
31,7831,0.7023923397064209
31,1487,0.7022588849067688
30,7463,0.7017393112182617
31,1662,0.7016251683235168
29,1658,0.7013299465179443
30,6165,0.701309084892273
30,9191,0.7010912299156189
31,9822,0.7010141015052795
30,5501,0.7007667422294617
31,3872,0.7006123065948486
29,10902,0.7002665996551514
31,6009,0.6996636986732483
31,7368,0.6992180943489075
31,11194,0.6991616487503052
31,1625,0.6991053819656372
30,3346,0.6989251375198364
31,10204,0.6984679698944092
31,1689,0.6982004642486572
30,6110,0.6981891393661499
31,8899,0.6981263756752014
31,10401,0.697853147983551
31,1663,0.6977982521057129
30,2486,0.6974807977676392
31,6584,0.6973695755004883
31,3787,0.6973409652709961
31,12434,0.6970785856246948
31,7566,0.697065532207489
31,3289,0.6968843936920166
31,2885,0.6965084671974182
31,2743,0.6963595747947693
31,12280,0.6962948441505432
31,1109,0.6955945491790771
31,791,0.6955196857452393
31,7438,0.6955051422119141
31,561,0.6951037645339966
29,7328,0.6948039531707764
30,12534,0.6938454508781433
31,3384,0.6937060356140137
30,6344,0.692801296710968
31,2951,0.6926211714744568
31,6419,0.6923244595527649
30,14215,0.6915063858032227
30,1209,0.6906018257141113
31,11495,0.6903163194656372
29,3412,0.6902855634689331
30,2196,0.6902288198471069
30,8726,0.6901121735572815
31,4246,0.6894235610961914
31,8240,0.688961386680603
30,5771,0.6888094544410706
31,6221,0.6886962652206421
31,10363,0.6885039210319519
31,6760,0.6884459257125854
31,14103,0.6875330805778503
31,9292,0.6873892545700073
31,2611,0.6868195533752441
31,3101,0.6867288947105408
31,5218,0.6864377856254578
29,987,0.6863048076629639
30,960,0.6859976053237915
30,5841,0.6857239007949829
30,3364,0.6856874227523804
30,14092,0.6853794455528259
31,9792,0.6852898597717285
31,9538,0.6847368478775024
31,10912,0.6845305562019348
29,9016,0.6841785907745361
30,10473,0.6834508776664734
31,5369,0.6832782030105591
30,4541,0.6830618977546692
31,10452,0.68251633644104
31,12494,0.6824811100959778
31,10104,0.6820011734962463
31,11010,0.6819549798965454
31,13184,0.6818358898162842
30,11328,0.6816452145576477
31,7605,0.6811880469322205
31,14016,0.6811728477478027
31,13630,0.6810992956161499
31,10334,0.6808953285217285
31,7778,0.6807287931442261
31,9955,0.6802933216094971
30,12563,0.6802228093147278
31,5025,0.6801081895828247
31,12850,0.6801047921180725
30,12387,0.6800699830055237
26,2589,0.6795523762702942
31,12256,0.6794571876525879
30,5695,0.6793326735496521
31,4883,0.6791541576385498
31,8234,0.6790648698806763
29,12129,0.6788174510002136
31,4654,0.6783610582351685
31,552,0.678293764591217
31,186,0.6781684160232544
31,6685,0.6777896881103516
31,3988,0.6775428652763367
31,13392,0.6768831610679626
31,7963,0.6768277287483215
31,4233,0.6766745448112488
31,9834,0.6766173839569092
31,5551,0.676574170589447
30,6971,0.6765181422233582
31,1423,0.6758387088775635
31,6345,0.6757116317749023
28,447,0.6756916046142578
30,8194,0.6754879355430603
31,6096,0.6751499176025391
31,7693,0.6748953461647034
31,4560,0.6746965646743774
30,7366,0.6746433973312378
29,13822,0.6745861768722534
31,4663,0.6744399666786194
31,10715,0.6742228269577026
31,12920,0.674074113368988
30,526,0.6736103296279907
31,4037,0.6733189821243286
31,9521,0.6733052134513855
30,4014,0.6726678609848022
31,13808,0.6724875569343567
30,3820,0.6724498271942139
31,5626,0.672378420829773
31,13610,0.6721295118331909
30,9240,0.6719030141830444
30,12375,0.6716988682746887
31,6352,0.6716126799583435
31,3869,0.6714767813682556
30,9719,0.6714733242988586
30,7346,0.6713919043540955
31,11622,0.6712852716445923
30,4382,0.6712443232536316
31,4876,0.6710764765739441
31,11778,0.6709400415420532
31,9947,0.6709074974060059
31,190,0.6705019474029541
31,7562,0.6703677773475647
31,12881,0.670283854007721
31,10946,0.6698560118675232
31,14090,0.6697339415550232
31,11652,0.6692187786102295
31,13466,0.6692110896110535
31,8305,0.6686458587646484
31,12723,0.6685804128646851
31,1755,0.6683821082115173
31,5448,0.6682344079017639
31,1816,0.6679791808128357
30,12200,0.6678364872932434
30,1177,0.6673203110694885
31,3485,0.6673200130462646
31,8401,0.6673077940940857
27,3778,0.6672725081443787
31,13472,0.6664505004882812
31,12220,0.666205108165741
31,9699,0.6661785244941711
30,11840,0.6659708023071289
31,5615,0.6659194231033325
31,12816,0.6655483245849609
31,12779,0.6654420495033264
31,14112,0.6652222871780396
31,9903,0.664951741695404
31,3722,0.6643099188804626
31,2867,0.664195716381073
30,7015,0.664028525352478
31,5248,0.6639541387557983
30,12484,0.6637435555458069
31,4717,0.663627028465271
31,11885,0.6635972261428833
31,11123,0.6635516881942749
31,66,0.6635398268699646
30,5713,0.6634031534194946
31,7613,0.6632959842681885
31,5624,0.6631820797920227
30,8711,0.6630113124847412
31,9672,0.6625253558158875
31,7451,0.6623681783676147
31,8156,0.6621357202529907
31,12476,0.6621125340461731
31,10690,0.6619270443916321
30,3700,0.6617600917816162
31,3256,0.6616829037666321
31,4672,0.6615633964538574
31,473,0.6612697839736938
29,11511,0.6611359715461731
31,13834,0.6607309579849243
30,3175,0.6601614952087402
30,6480,0.6601322889328003
30,677,0.6598863005638123
31,7278,0.6598011255264282
31,13298,0.6596775054931641
29,7284,0.6594876646995544
30,7004,0.6592388153076172
31,13218,0.6591885089874268
31,151,0.6591870784759521
31,1250,0.6590189337730408
31,9551,0.6587849259376526
31,12742,0.6585922837257385
31,6082,0.6585494875907898
31,5283,0.6585172414779663
31,1607,0.6585142016410828
30,11289,0.658469021320343
30,2226,0.6583853363990784
30,11103,0.6582111120223999
30,11360,0.6577125191688538
31,8809,0.6576449871063232
31,2334,0.657477080821991
29,4831,0.6573323607444763
30,1964,0.6564015746116638
31,1405,0.6556075811386108
31,9125,0.6551821827888489
31,11471,0.6547166705131531
30,8500,0.6544917225837708
30,11202,0.6544458866119385
30,6531,0.6542608737945557
30,8288,0.6537850499153137
31,12241,0.653522253036499
31,6243,0.6531663537025452
31,12851,0.6523957252502441
31,13739,0.6521602272987366
31,8855,0.6519438624382019
31,9500,0.6519244909286499
31,5969,0.6515792608261108
31,13185,0.6510305404663086
31,289,0.6509532332420349
31,1533,0.6506491303443909
31,3235,0.6505867838859558
31,17,0.6503301858901978
31,4778,0.6503026485443115
31,7375,0.6502678990364075
31,8812,0.6502352952957153
30,5528,0.6501664519309998
31,9419,0.6501192450523376
29,6281,0.6500707864761353
28,12167,0.6497862339019775
31,1129,0.6496111154556274
31,5426,0.6496090888977051
31,6918,0.6491146683692932
30,9317,0.6489790678024292
31,5688,0.6488819718360901
31,6389,0.6483374238014221
31,11062,0.6483209133148193
31,7206,0.647824764251709
30,1777,0.6477509140968323
31,6403,0.6476868987083435
31,14108,0.6476438045501709
30,2717,0.6476010680198669
31,2971,0.6474708318710327
28,6701,0.6474427580833435
31,13042,0.6470398902893066
31,9547,0.6468938589096069
31,7334,0.6468840837478638
30,13047,0.6466826796531677
31,7833,0.646294891834259
31,13874,0.6462520360946655
29,14120,0.6456621885299683
31,6090,0.6455284953117371
31,14219,0.6455118060112
31,9252,0.6454951167106628
31,6220,0.645430862903595
31,4729,0.6438149809837341
31,11047,0.6436251401901245
31,6677,0.6433003544807434
30,13860,0.6432033777236938
30,3843,0.6431505680084229
29,285,0.6431178450584412
31,9127,0.642544150352478
30,11131,0.642539918422699
31,1126,0.642418622970581
31,10412,0.6423288583755493
31,1227,0.642105758190155
30,3033,0.6416535377502441
31,10630,0.6414298415184021
31,7117,0.6412085890769958
30,5336,0.6409371495246887
31,830,0.6406025290489197
31,7687,0.6402747631072998
31,6609,0.6401157975196838
31,9557,0.639790415763855
31,13825,0.6396275162696838
30,12713,0.6395667195320129
31,2315,0.6393385529518127
31,1777,0.6389684677124023
30,3366,0.6388245820999146
30,9758,0.6387632489204407
31,9231,0.6385530233383179
31,6422,0.6383951902389526
31,6326,0.6379680037498474
30,11373,0.6377711892127991
30,13650,0.6376140713691711
31,11325,0.6375062465667725
31,8004,0.6369280815124512
31,4139,0.6368722319602966
30,4684,0.6368259191513062
29,12211,0.6367200613021851
30,6547,0.6364132761955261
30,10006,0.6357964873313904
31,12719,0.6355871558189392
31,4589,0.635454535484314
30,10353,0.6354174017906189
30,9305,0.6353033185005188
28,8574,0.6351892352104187
31,660,0.6350439190864563
31,6105,0.6349494457244873
31,3873,0.63494873046875
31,13058,0.6347557306289673
31,14143,0.6340636014938354
31,1678,0.633931040763855
31,5711,0.6335079073905945
31,10584,0.6331487894058228
31,13525,0.6331431865692139
31,4653,0.6329348087310791
30,3631,0.6328737139701843
30,2969,0.6324987411499023
31,5189,0.6321790814399719
31,5144,0.6321431398391724
30,9843,0.6320392489433289
31,11200,0.6318296790122986
30,1829,0.6312478184700012
31,10392,0.6307721734046936
31,349,0.6306824684143066
30,10386,0.6306648850440979
30,11083,0.6305338740348816
30,2627,0.6304795145988464
31,8110,0.6304453015327454
31,2266,0.6302173733711243
31,5003,0.6301026940345764
31,9144,0.6296335458755493
31,7476,0.6295126676559448
29,9818,0.6291723251342773
31,9475,0.6278154850006104
30,862,0.6277470588684082
30,11151,0.6275693774223328
30,4578,0.6269052624702454
31,9299,0.6268438100814819
31,7844,0.6267334818840027
31,2943,0.6262385845184326
31,10514,0.6261016130447388
31,3750,0.6256997585296631
31,8999,0.6255693435668945
31,1781,0.625525176525116
31,3551,0.6254869103431702
31,9012,0.6253398656845093
31,7560,0.6247958540916443
31,3134,0.6247636675834656
31,9976,0.6245408654212952
30,10139,0.6245300769805908
31,9528,0.6244960427284241
31,4026,0.6242756843566895
31,9875,0.6241998672485352
31,13788,0.6237919330596924
31,2935,0.6236886382102966
30,7066,0.6235306262969971
31,7577,0.6234216690063477
31,8398,0.6231547594070435
31,5044,0.6230684518814087
31,10464,0.6226527094841003
31,8824,0.6224575042724609
30,11577,0.6222275495529175
31,5632,0.6220797300338745
30,2474,0.6217652559280396
31,2129,0.6210490465164185
31,11775,0.6208472847938538
31,11572,0.6207884550094604
31,4665,0.6205312609672546
31,4817,0.6205102205276489
30,3195,0.620482861995697
31,775,0.6204568147659302
31,14058,0.6201328039169312
31,4974,0.6201005578041077
31,1520,0.6198123097419739
30,12963,0.6196632385253906
31,10522,0.6193351745605469
30,10777,0.6193066835403442
31,6839,0.6191905736923218
30,3347,0.6189229488372803
31,12266,0.6188981533050537
31,5517,0.6188364624977112
31,4098,0.6186056733131409
31,9858,0.6185095906257629
31,4326,0.618485152721405
29,1175,0.6184729933738708
31,13228,0.618334949016571
30,12150,0.6179147362709045
30,760,0.6176628470420837
30,2214,0.6174405813217163
30,8562,0.617420494556427
31,8788,0.6171740293502808
31,11952,0.6169503331184387
31,13493,0.6166390180587769
31,382,0.6159327030181885
31,4710,0.6150802373886108
31,11713,0.6142477989196777
31,10462,0.614212691783905
30,1253,0.6140310168266296
31,9208,0.6139511466026306
31,8622,0.6137593984603882
31,9289,0.6136059165000916
30,5359,0.6134607195854187
31,11209,0.613399088382721
31,11432,0.6127712726593018
31,449,0.6122485399246216
29,11171,0.6121653914451599
31,6173,0.6118444204330444
30,10949,0.6116233468055725
30,6648,0.6112980246543884
31,4193,0.6111570000648499
31,786,0.6110411882400513
31,7153,0.6108457446098328
30,12446,0.610155463218689
31,8229,0.6100775599479675
31,14057,0.6100024580955505
31,5881,0.6098688840866089
31,6038,0.6094059944152832
30,7687,0.6093448996543884
31,7484,0.6092510223388672
31,10904,0.6089886426925659
31,4059,0.6089300513267517
31,1244,0.6088593602180481
31,7078,0.6086801886558533
31,6626,0.6086010932922363
31,167,0.608543336391449
31,6588,0.6084586977958679
30,2695,0.6083757877349854
30,9559,0.6082293391227722
31,5108,0.6081485152244568
31,3607,0.6081430912017822
30,10645,0.6080304980278015
30,2593,0.6077563762664795
31,3571,0.6077016592025757
31,4657,0.6076921820640564
31,9440,0.6075429916381836
30,5122,0.60750812292099
31,1934,0.6075043678283691
31,13312,0.607294499874115
31,12922,0.6071809530258179
30,7748,0.6071142554283142
31,11410,0.6070061922073364
31,2215,0.6069063544273376
31,8094,0.6067606210708618
29,13238,0.6063790321350098
31,9919,0.6063393354415894
31,5232,0.6061564683914185
31,5,0.6060135960578918
31,1811,0.6060031056404114
30,9115,0.6056200861930847
30,5357,0.6054925918579102
31,3183,0.6054748296737671
31,7460,0.6052266955375671
30,12554,0.6052079796791077
30,7367,0.6050402522087097
31,13250,0.6048927903175354
30,305,0.6048919558525085
31,12087,0.6047816276550293
31,630,0.6043837666511536
31,8098,0.6043108701705933
31,8784,0.6041347980499268
31,11304,0.6039501428604126
30,10433,0.6037933230400085
30,1330,0.6037812829017639
28,6308,0.60373455286026
31,4518,0.6036525964736938
31,9864,0.6034010052680969
31,8458,0.6028470993041992
30,5718,0.6028411388397217
31,14198,0.6028323769569397
31,6407,0.6024568676948547
31,12486,0.6024509072303772
31,12926,0.6020906567573547
31,2646,0.6014301180839539
31,13593,0.60118567943573
31,8968,0.6009938716888428
31,6080,0.6008562445640564
30,3786,0.6007462739944458
31,8461,0.6005127429962158
31,13842,0.6005014181137085
31,9559,0.600439190864563
30,950,0.6004229784011841
29,3123,0.6003127098083496
30,6666,0.6002135276794434
30,1391,0.6001138687133789
31,11647,0.6000207662582397
31,6439,0.6000199913978577
31,887,0.5998889803886414
31,7294,0.5998835563659668
30,11268,0.599751889705658
31,8135,0.599638819694519
31,1057,0.5995109677314758
31,2755,0.5994836091995239
30,7037,0.5992896556854248
31,11361,0.5992687940597534
31,9133,0.599260687828064
31,3876,0.5992040634155273
31,5655,0.5990809202194214
31,4738,0.5990740060806274
31,4862,0.5989533066749573
31,8446,0.5986535549163818
28,10843,0.5986045002937317
31,6510,0.5983465909957886
31,9049,0.5981976985931396
30,271,0.5980468988418579
31,2029,0.5977758765220642
30,10254,0.5977301001548767
31,13530,0.5977154970169067
31,8700,0.5976607203483582
31,12009,0.5975590348243713
31,10513,0.5973131656646729
30,4571,0.597274124622345
29,12533,0.5972312092781067
30,725,0.5971391797065735
30,2363,0.5969805121421814
31,2087,0.596778392791748
31,5698,0.596591591835022
29,10402,0.5964450240135193
31,11816,0.5964422225952148
29,3895,0.5963736176490784
31,9454,0.5961693525314331
31,5427,0.5960813760757446
31,75,0.5959864258766174
31,4120,0.5959479808807373
30,10494,0.5957995057106018
30,12827,0.5955429077148438
30,1819,0.5955201387405396
30,13286,0.5953366756439209
31,345,0.5952985882759094
31,6194,0.5951703190803528
31,9889,0.5942549705505371
31,8618,0.5941680073738098
31,3130,0.5940418243408203
31,11264,0.5938595533370972
31,10575,0.5938409566879272
31,10408,0.5932556986808777
31,1239,0.5931916236877441
30,2298,0.5930625796318054
31,6023,0.5926676988601685
31,10792,0.5926307439804077
30,8492,0.5923921465873718
30,13889,0.5916832089424133
30,4251,0.5916150212287903
31,8242,0.5915623903274536
30,8249,0.5914584994316101
31,11945,0.5912314057350159
31,4354,0.5911513566970825
31,12999,0.590945839881897
31,13534,0.5909416675567627
31,8384,0.5909221768379211
31,5245,0.5906571745872498
31,7725,0.5904554724693298
31,9735,0.5904515385627747
31,13279,0.590425968170166
31,6586,0.590376079082489
31,11266,0.5902213454246521
31,10294,0.5901879072189331
31,10466,0.5901642441749573
30,10120,0.5895664691925049
31,6678,0.589507520198822
29,715,0.5895003080368042
31,1815,0.5892921686172485
30,13473,0.5891675353050232
31,5728,0.5889831185340881
31,14287,0.5887899398803711
31,10770,0.5884292125701904
31,7360,0.5883204936981201
30,10772,0.5880951881408691
30,13442,0.5880534052848816
30,3912,0.5879263281822205
30,7435,0.5876263380050659
31,7411,0.587485134601593
31,13802,0.5870761275291443
29,2169,0.5870605707168579
30,12127,0.5868654847145081
31,1568,0.586364209651947
31,6721,0.5863487124443054
30,283,0.5862359404563904
31,8699,0.5857758522033691
31,10285,0.5854731202125549
31,9765,0.5848826169967651
31,11321,0.5847569108009338
30,1516,0.5845751166343689
31,11218,0.5841698050498962
30,5222,0.5841231346130371
31,9673,0.5836851596832275
31,10595,0.5834268927574158
31,1320,0.5834159851074219
31,4780,0.5831483602523804
31,2675,0.5830490589141846
30,7638,0.5828902721405029
31,4275,0.5828806757926941
30,9514,0.5828790068626404
30,12878,0.5828413367271423
31,3146,0.5827865600585938
31,11172,0.5824002027511597
30,6252,0.5822629928588867
30,10260,0.5821759700775146
29,12267,0.5819173455238342
31,12270,0.581680953502655
31,10929,0.5815382599830627
31,7264,0.5813917517662048
31,8663,0.5811867713928223
31,5048,0.5811519026756287
31,8172,0.581117570400238
31,5000,0.5810808539390564
31,6384,0.5810215473175049
31,3647,0.580947756767273
30,13235,0.580725908279419
30,12914,0.580690860748291
31,1677,0.580684244632721
30,12083,0.5805118083953857
29,1710,0.5804742574691772
31,6060,0.5802350640296936
30,8775,0.5801272988319397
31,7683,0.5797634124755859
31,13448,0.579742431640625
31,4598,0.5796160101890564
31,5136,0.5796156525611877
31,9312,0.5795276761054993
31,200,0.5794526934623718
30,5954,0.579437255859375
31,2875,0.5794342756271362
30,4431,0.5794281363487244
30,404,0.5792890787124634
31,10541,0.579190731048584
31,4003,0.579139232635498
31,13526,0.579129159450531
31,6993,0.5785987973213196
31,13084,0.5783976316452026
30,8954,0.578075110912323
31,11562,0.5779681205749512
31,6891,0.5779460668563843
31,5294,0.5777781009674072
31,5908,0.5776849985122681
31,4587,0.5776715278625488
31,4642,0.5776534080505371
30,14123,0.5775480270385742
31,9665,0.5774239897727966
31,10691,0.5772815942764282
31,11178,0.5772513747215271
30,13927,0.577245831489563
31,12771,0.5771627426147461
30,11976,0.5771423578262329
31,3962,0.5768505334854126
31,12582,0.5767481327056885
31,11222,0.5766385793685913
31,11029,0.5765995979309082
29,6089,0.5765033960342407
31,11741,0.5761784911155701
30,9198,0.5761741399765015
31,7960,0.5760716795921326
29,12755,0.5758638381958008
31,11969,0.5755525827407837
29,4420,0.5753008127212524
31,11579,0.5752663612365723
31,6698,0.5752477049827576
31,4312,0.5751274824142456
31,10271,0.575118362903595
31,6256,0.5748991966247559
31,9636,0.5748729109764099
31,9916,0.5746974349021912
31,2055,0.5745192766189575
31,13973,0.5745128393173218
31,3878,0.5740959644317627
31,5061,0.5740219354629517
31,13015,0.573946475982666
31,9705,0.5738804340362549
30,10586,0.5737162232398987
31,10830,0.5736561417579651
31,803,0.5727945566177368
31,10107,0.5727776288986206
30,6886,0.5727676749229431
29,12910,0.5726293921470642
31,12949,0.5725052952766418
31,12425,0.5723621845245361
31,9744,0.5722418427467346
30,7002,0.5720227360725403
31,6411,0.5719302892684937
31,9579,0.5718616247177124
31,3251,0.571822464466095
31,6687,0.5713657140731812
31,13020,0.5712525844573975
31,13976,0.5711326003074646
31,7485,0.5711126923561096
31,10673,0.5710575580596924
31,13097,0.5710437893867493
31,3114,0.5709349513053894
30,1438,0.5708481073379517
31,13034,0.5708457231521606
31,2946,0.5705209970474243
31,4537,0.5704947710037231
31,13619,0.5703568458557129
31,10463,0.5699862837791443
30,4836,0.5696370005607605
31,10590,0.5694794058799744
31,9085,0.5694416165351868
31,8778,0.5692412853240967
31,1031,0.5691912770271301
31,8279,0.5691850185394287
30,7295,0.5691444873809814
31,295,0.56914222240448
31,6603,0.569141685962677
31,7508,0.5690056085586548
31,731,0.5686668753623962
31,12659,0.5686050653457642
31,6158,0.5685228109359741
31,3929,0.568505585193634
27,2106,0.5682596564292908
30,5259,0.5682429671287537
31,12508,0.5681715607643127
30,3307,0.5681481957435608
30,10887,0.5680927634239197
31,11965,0.5679569244384766
31,2865,0.5678561925888062
31,14018,0.5678454041481018
31,10402,0.5674651265144348
31,5971,0.5674638152122498
31,3830,0.5674465894699097
31,9569,0.5673909783363342
31,10688,0.5673198103904724
31,8276,0.5672924518585205
31,12342,0.5669175386428833
31,10741,0.5667248368263245
31,4911,0.5667048692703247
31,4918,0.5667014122009277
29,8424,0.5662985444068909
31,6490,0.5662258267402649
31,6776,0.566210150718689
31,12527,0.5659559965133667
31,9028,0.5657922029495239
31,5799,0.5656224489212036
31,14118,0.5655156373977661
31,1922,0.5654386878013611
31,7814,0.5654039978981018
30,10365,0.5652311444282532
30,13697,0.565216600894928
31,9845,0.5651120543479919
31,5111,0.5650773048400879
31,608,0.5650221109390259
29,2650,0.5648010969161987
30,9725,0.5647615790367126
31,11599,0.5646446347236633
31,1385,0.5644465088844299
31,5769,0.5644181370735168
31,4221,0.5644050240516663
30,13765,0.5638792514801025
31,10746,0.5637438893318176
31,7978,0.56370609998703
31,3689,0.5636035203933716
31,14249,0.5628418326377869
31,13129,0.5627297163009644
31,1986,0.5626466870307922
31,5837,0.5625362396240234
31,1087,0.5624712109565735
31,2117,0.5624215602874756
31,589,0.5622907280921936
31,6579,0.5618640780448914
31,11344,0.5617960691452026
31,10506,0.5617590546607971
31,13001,0.5616274476051331
31,11675,0.5614438056945801
31,419,0.5613305568695068
31,3273,0.5610196590423584
30,8853,0.5601146221160889
30,9989,0.5600569248199463
29,13667,0.5600532293319702
31,2525,0.5600361227989197
31,10060,0.5599470734596252
31,12192,0.5595972537994385
31,1409,0.5594096779823303
31,6650,0.5593085289001465
31,6549,0.5592190027236938
31,7012,0.5589276552200317
30,62,0.5586584210395813
30,12702,0.5586285591125488
31,3751,0.5585954785346985
31,6306,0.5585459470748901
28,13736,0.5582762956619263
31,5722,0.5581420063972473
31,7093,0.5580205917358398
30,3878,0.5579772591590881
31,3191,0.5575582385063171
31,8431,0.5574367642402649
30,4238,0.5574133992195129
30,2252,0.5573225617408752
30,6680,0.5573187470436096
16,11875,0.5572682023048401
31,3732,0.5571101307868958
30,2516,0.5565065741539001
31,10879,0.5562991499900818
31,2101,0.5560610890388489
31,2968,0.555718719959259
31,10158,0.555314838886261
29,9595,0.5552923083305359
31,4493,0.5548226833343506
30,4775,0.5547205209732056
31,11255,0.5547204613685608
28,9082,0.5541474223136902
31,9448,0.5541335940361023
31,3022,0.5536450147628784
31,4934,0.5535681247711182
31,1667,0.553480863571167
31,5877,0.5534654855728149
31,7793,0.553301215171814
31,4697,0.5530086755752563
31,70,0.552962064743042
31,1992,0.5528998374938965
29,9901,0.5527466535568237
29,841,0.552485466003418
30,7784,0.5520869493484497
31,6861,0.5518366694450378
31,8544,0.5516960620880127
31,4523,0.5516446828842163
31,12277,0.551471471786499
31,2495,0.5511907935142517
31,6656,0.5508690476417542
31,10123,0.5507926940917969
31,2526,0.5507702231407166
31,13247,0.5507444143295288
31,890,0.5507359504699707
29,13257,0.5507062673568726
30,3675,0.550386905670166
31,7615,0.5499513149261475
31,5924,0.5499334335327148
31,9773,0.5499195456504822
30,8886,0.5498656630516052
30,5726,0.5496921539306641
31,8777,0.5495067238807678
30,6555,0.5494951605796814
31,5295,0.5494362711906433
30,11660,0.5492038726806641
31,2345,0.5491778254508972
31,5630,0.5490135550498962
31,13608,0.548954963684082
31,2213,0.5487084984779358
30,3081,0.5485104322433472
31,6015,0.5484821200370789
31,4892,0.5483593940734863
30,9834,0.5483254194259644
31,4197,0.5483223795890808
31,7597,0.5482905507087708
30,6476,0.5480644702911377
29,3694,0.5480139255523682
31,9219,0.548008143901825
31,13150,0.5479832887649536
31,10908,0.5478485822677612
31,5403,0.5477982759475708
30,7981,0.5475801825523376
30,10174,0.5475053191184998
31,4528,0.5474912524223328
31,3589,0.5474151968955994
31,7987,0.5470795631408691
31,7656,0.546684741973877
31,9513,0.5466256737709045
31,10105,0.5464838743209839
31,4353,0.546362578868866
31,5419,0.5462495684623718
30,5269,0.5462391376495361
28,12253,0.5461734533309937
31,13826,0.546015202999115
26,7374,0.5459630489349365
30,11859,0.5457017421722412
31,3143,0.5454292297363281
30,2059,0.545245885848999
30,9697,0.5450417995452881
31,11731,0.5450417995452881
30,3136,0.5450072884559631
31,3435,0.5449891686439514
31,219,0.5446744561195374
31,9216,0.5446463823318481
31,4667,0.5444124341011047
31,2229,0.5441850423812866
31,13515,0.5440965890884399
30,2401,0.5440219044685364
31,8857,0.5438500046730042
31,2820,0.5437928438186646
31,7302,0.5437185764312744
31,13487,0.543664276599884
31,6842,0.5435843467712402
31,816,0.5435777306556702
31,6401,0.5434714555740356
31,1384,0.5434689521789551
31,5042,0.5431315302848816
29,11112,0.5431020855903625
31,10238,0.5430021286010742
31,3630,0.5429047346115112
31,6489,0.5428265333175659
31,3950,0.5426698327064514
31,11221,0.5423839092254639
31,14075,0.5422768592834473
30,10394,0.5422480702400208
31,8095,0.5422399640083313
30,12258,0.5421084761619568
31,3849,0.5420572757720947
30,11007,0.5420248508453369
30,7624,0.5420247316360474
31,3717,0.5417807698249817
31,13122,0.5417417883872986
31,7161,0.5416659116744995
31,3599,0.5416173934936523
31,9880,0.5415140986442566
31,12652,0.5414777994155884
30,11952,0.5410341620445251
31,10531,0.5409870147705078
31,4147,0.5407729744911194
30,4077,0.5406429171562195
29,8740,0.5405498743057251
30,12522,0.5405241250991821
31,12196,0.5404144525527954
31,1158,0.5403770208358765
31,2804,0.5401145219802856
31,7762,0.5400935411453247
31,11434,0.5400815606117249
31,10395,0.5400435924530029
31,10502,0.5396932363510132
31,13727,0.5393977761268616
31,10304,0.539106547832489
31,9116,0.5390433073043823
30,125,0.5390312075614929
30,7747,0.5389702320098877
30,9946,0.5387440323829651
31,3355,0.5383354425430298
31,12365,0.5382559895515442
30,6199,0.5382539629936218
31,13139,0.5381852388381958
31,1807,0.5378801226615906
31,9126,0.5378111004829407
31,12039,0.5375387668609619
30,12202,0.5373921990394592
31,1780,0.5372503399848938
31,12361,0.536779522895813
31,9016,0.5366674661636353
31,77,0.5364828705787659
31,12352,0.5364195704460144
29,11909,0.5362134575843811
31,7076,0.5357480645179749
31,1201,0.5356826186180115
31,2230,0.535581648349762
29,313,0.5353425145149231
29,7125,0.5353385806083679
31,11216,0.5352374911308289
31,11518,0.5351516604423523
31,11978,0.5350914597511292
29,6894,0.5350018739700317
31,2235,0.534981906414032
30,7744,0.5348637700080872
31,2434,0.5344341397285461
30,11304,0.5339703559875488
31,12679,0.533709704875946
31,13675,0.533667802810669
31,260,0.5335606932640076
30,9086,0.5333989858627319
30,1839,0.5331234335899353
30,7040,0.5330798625946045
31,2919,0.5327534675598145
31,7058,0.5325202345848083
31,8306,0.5325123071670532
30,14026,0.5323712229728699
31,2043,0.5322394371032715
31,7669,0.5321927070617676
31,2712,0.5320612788200378
31,11510,0.5319783091545105
31,946,0.5319202542304993
31,957,0.5317931771278381
31,10453,0.5317708253860474
31,11971,0.531619131565094
31,3027,0.5315681099891663
30,10768,0.5315120220184326
31,5724,0.5314754247665405
31,2040,0.5312740802764893
31,1360,0.5312013030052185
31,12296,0.5310900807380676
31,4173,0.5307833552360535
30,7616,0.5306434631347656
30,7144,0.530608057975769
29,1566,0.53042072057724
31,1460,0.5303319692611694
31,9778,0.5302898287773132
31,693,0.5301774740219116
31,11160,0.5301169157028198
30,3777,0.5300923585891724
31,7840,0.5300869941711426
30,8749,0.5300791263580322
30,41,0.530002236366272
31,2889,0.5299572348594666
31,6423,0.5299385786056519
31,9326,0.5288782715797424
31,3834,0.5288459062576294
31,12888,0.5287532210350037
31,13141,0.5286403894424438
27,2911,0.5282785296440125
31,2631,0.528244137763977
30,8385,0.528219997882843
31,10242,0.5279914140701294
31,12275,0.5278189182281494
31,7193,0.5276834964752197
31,1177,0.5276690125465393
31,896,0.5275793671607971
31,10075,0.5274478197097778
31,7289,0.527313232421875
31,6669,0.5272763967514038
30,5486,0.5269985795021057
31,14256,0.5268260836601257
31,12713,0.5265423059463501
31,12768,0.5265027284622192
29,8788,0.5263922810554504
31,8845,0.52638840675354
30,6196,0.526371419429779
31,9501,0.5262930393218994
31,14232,0.526155412197113
31,10801,0.5260620713233948
31,5706,0.5255614519119263
30,1974,0.5252283215522766
30,10941,0.5252047777175903
31,8508,0.5251660943031311
31,10508,0.5251404047012329
31,9586,0.5251029133796692
30,13021,0.5250215530395508
31,6536,0.5250036716461182
31,2504,0.5247130990028381
30,11445,0.5246872305870056
31,667,0.5244588255882263
31,13479,0.5243819355964661
31,1688,0.5243427753448486
29,10490,0.5242846608161926
31,1544,0.5240402221679688
31,11120,0.5237811207771301
31,2140,0.5237798094749451
31,10323,0.5237541198730469
30,4334,0.5235991477966309
31,6018,0.5234678387641907
31,6179,0.5233270525932312
31,1330,0.5232486128807068
30,14187,0.5231266617774963
30,2286,0.5231142044067383
31,6224,0.5230685472488403
31,11251,0.5230141282081604
31,516,0.5230042934417725
31,2139,0.5229241251945496
31,7967,0.5227011442184448
31,2248,0.522487223148346
31,10949,0.5224573016166687
31,5171,0.522423267364502
31,11202,0.522377073764801
31,3337,0.5220613479614258
31,11869,0.521827757358551
31,13819,0.5218027830123901
31,13241,0.5214619040489197
31,7940,0.5213238596916199
30,8780,0.5211467742919922
30,12431,0.5210896134376526
31,6648,0.5210558176040649
31,3268,0.5209606289863586
31,14013,0.5209257006645203
31,6156,0.5207682847976685
30,9143,0.5205850005149841
30,9151,0.5205040574073792
30,9598,0.5204463005065918
31,14293,0.5201131701469421
31,7004,0.5200377702713013
31,13112,0.5198951363563538
31,10220,0.5197514295578003
30,3260,0.5195571780204773
29,5363,0.5192669034004211
31,8086,0.5191843509674072
31,12379,0.5191071629524231
31,5026,0.5190505981445312
29,142,0.5187563896179199
31,5355,0.5185480117797852
31,2891,0.5184376835823059
31,4835,0.5183743834495544
31,1539,0.5183190703392029
31,8346,0.5181741714477539
31,5204,0.5176115036010742
31,9399,0.5175998210906982
31,2807,0.5175621509552002
31,1798,0.5174384117126465
31,3310,0.5174183249473572
31,10870,0.5173788666725159
30,14146,0.5173383355140686
31,3764,0.517154335975647
31,844,0.5171232223510742
31,1206,0.5170612335205078
31,3688,0.5169310569763184
29,9738,0.5166940689086914
30,13364,0.5166868567466736
31,7458,0.5166792273521423
29,3115,0.5166581869125366
31,2347,0.5160672068595886
31,1262,0.5160513520240784
31,4426,0.516032338142395
31,1143,0.5157561302185059
30,9255,0.5157079100608826
29,6168,0.5156258940696716
31,13575,0.5152392983436584
31,3924,0.5152127742767334
31,1220,0.5151773691177368
31,1594,0.514884889125824
31,9154,0.5147643685340881
31,4007,0.5147308707237244
30,2324,0.5146461129188538
31,9680,0.5145273804664612
31,6600,0.5144845843315125
31,3917,0.5144816040992737
30,6242,0.5144809484481812
30,7676,0.514431357383728
31,7794,0.5143945217132568
30,13570,0.5143907070159912
31,9929,0.5143346190452576
31,5414,0.5142523646354675
31,5940,0.5140675902366638
31,8928,0.5139908790588379
30,6499,0.5138521790504456
31,4157,0.5138152241706848
30,6582,0.5135931372642517
30,3802,0.5135856866836548
31,16,0.5135200023651123
30,2018,0.5134852528572083
31,8450,0.5132651925086975
30,11538,0.5131007432937622
31,7954,0.5130792856216431
30,2470,0.5129428505897522
31,6981,0.512908935546875
31,13883,0.512721598148346
30,13667,0.5126966834068298
30,2904,0.5126803517341614
31,5762,0.5126590132713318
31,8780,0.512477695941925
31,969,0.5123215317726135
31,11482,0.5122637152671814
30,7908,0.5121026635169983
31,9691,0.5117964148521423
31,11371,0.5115739703178406
31,7449,0.5113300681114197
30,8793,0.5112248063087463
31,4423,0.5111665725708008
31,10008,0.5111096501350403
31,6058,0.5110681056976318
30,3920,0.51105135679245
31,250,0.5107101202011108
31,6907,0.5100110769271851
29,12466,0.509698748588562
31,4242,0.5096848011016846
31,4035,0.5092437267303467
30,3394,0.509038507938385
31,4298,0.5089492797851562
31,11850,0.5089417099952698
31,5750,0.5088893175125122
31,13519,0.5088413953781128
31,624,0.5088134407997131
31,10914,0.5086765885353088
31,13178,0.5086513161659241
31,10826,0.5086389780044556
31,13416,0.5085771083831787
31,655,0.5085509419441223
29,6676,0.5085239410400391
31,13589,0.5085008144378662
31,10915,0.5084940791130066
30,12926,0.5084616541862488
31,7520,0.508385181427002
31,7224,0.5081918835639954
31,11626,0.5081146359443665
30,12283,0.5079858899116516
31,7783,0.5079689025878906
31,9768,0.50795978307724
31,6495,0.5079593062400818
31,13680,0.5079397559165955
31,8697,0.507932722568512
31,8245,0.5077795386314392
31,837,0.5074464082717896
31,2551,0.5073444843292236
31,3452,0.5073402523994446
31,13683,0.5073172450065613
31,8123,0.5072744488716125
31,8047,0.5071473717689514
29,4266,0.5068950653076172
31,4945,0.5067892670631409
31,3093,0.5066436529159546
31,11282,0.5062586069107056
31,1041,0.5062539577484131
31,9261,0.5062351822853088
31,7455,0.5061392188072205
31,7710,0.5057482719421387
31,2112,0.5052964091300964
30,5831,0.5052167773246765
31,9061,0.5051811933517456
30,3475,0.5051542520523071
31,6812,0.5050899982452393
30,6911,0.5048105120658875
30,2795,0.5047956109046936
31,6249,0.5042726397514343
31,3163,0.5042248368263245
31,11811,0.5040735006332397
31,21,0.5038937926292419
31,7568,0.5038848519325256
31,13650,0.5038619041442871
31,6615,0.5036839246749878
31,9553,0.5036650896072388
31,4167,0.5035467743873596
30,4384,0.5034563541412354
31,7319,0.5031909346580505
30,10001,0.5030452609062195
31,10097,0.5027538537979126
31,9734,0.5027173161506653
31,111,0.5025013089179993
27,6226,0.5023767352104187
29,12104,0.5021362900733948
31,13578,0.5021023750305176
31,915,0.5020659565925598
31,5813,0.5019494295120239
27,2428,0.5016986727714539
30,6819,0.5016964673995972
31,2008,0.5012639164924622
31,9529,0.5012312531471252
31,14096,0.5011773109436035
31,6576,0.5010853409767151
31,7192,0.5010845065116882
29,1619,0.5010626316070557
31,2120,0.5010541677474976
29,10723,0.5007271766662598
31,6548,0.5006422996520996
29,11794,0.5005834102630615
31,8819,0.5002074837684631
31,6665,0.5002074241638184
31,7792,0.500203013420105
31,5122,0.49998244643211365
31,8378,0.49978339672088623
31,7340,0.49936342239379883
31,8149,0.49933600425720215
31,8321,0.49931612610816956
30,7969,0.499126672744751
30,5435,0.4989713430404663
31,10159,0.4989560842514038
30,9439,0.4987086355686188
31,3871,0.49862366914749146
31,12750,0.4986109137535095
30,13104,0.4985102415084839
31,8278,0.49839428067207336
31,7195,0.4983292818069458
31,695,0.4976058602333069
31,1462,0.4975909888744354
29,3815,0.49758830666542053
31,7863,0.49755844473838806
31,3635,0.4974707067012787
31,11033,0.49697422981262207
30,14169,0.4969615936279297
29,11605,0.49693983793258667
31,14179,0.4967753291130066
31,3880,0.49665552377700806
31,3321,0.4966147541999817
31,4652,0.49653327465057373
31,2119,0.4964992105960846
31,6165,0.49638503789901733
31,3230,0.4963147044181824
31,4496,0.49615541100502014
31,11235,0.49598565697669983
31,10529,0.49592095613479614
31,11367,0.49590596556663513
31,6639,0.4957880675792694
31,12014,0.4957174062728882
31,3602,0.4956977665424347
31,6394,0.4956064820289612
29,8753,0.4953608512878418
31,8239,0.49522751569747925
31,14091,0.49482104182243347
31,5114,0.4947691559791565
31,4838,0.4947097897529602
31,13507,0.494560569524765
31,14332,0.4943900406360626
30,7204,0.49435165524482727
31,5058,0.49430057406425476
31,11305,0.4940826892852783
30,13048,0.49383485317230225
30,7410,0.4938243627548218
30,10431,0.49367403984069824
30,4240,0.4936401844024658
30,838,0.4933907687664032
31,5124,0.4933083653450012
30,7172,0.49318188428878784
31,8657,0.49315446615219116
31,1542,0.4929005205631256
31,10140,0.4928792417049408
31,6386,0.49287405610084534
29,8501,0.4927794337272644
31,8531,0.4926731586456299
31,14011,0.49248459935188293
29,7509,0.4924291968345642
29,12400,0.4924141466617584
31,12064,0.49238741397857666
30,6168,0.4923608601093292
31,6437,0.4923475682735443
29,13799,0.49231278896331787
31,8571,0.4922657012939453
31,6059,0.49218448996543884
31,7083,0.49206918478012085
31,3238,0.4920620620250702
31,11883,0.49199992418289185
31,8593,0.49189549684524536
31,11563,0.4918680191040039
30,12524,0.49169597029685974
29,7042,0.49089062213897705
31,3067,0.49078312516212463
30,12287,0.4907807409763336
31,5826,0.4907240867614746
30,13147,0.4906507432460785
30,3623,0.4906160235404968
31,6562,0.4905873239040375
31,12200,0.49044835567474365
31,13668,0.49041128158569336
31,2799,0.49027305841445923
30,120,0.4901919960975647
29,10857,0.4900829493999481
31,13012,0.49000629782676697
30,563,0.48977288603782654
31,4956,0.48970291018486023
31,7759,0.48940518498420715
31,5572,0.4893032908439636
31,12783,0.48927873373031616
28,9026,0.48918086290359497
31,4510,0.48878931999206543
31,12314,0.4886883795261383
30,1703,0.48862072825431824
31,6595,0.4886155426502228
31,2018,0.4885287284851074
30,4189,0.4884800910949707
31,13456,0.48843973875045776
30,8132,0.488106369972229
31,5612,0.4880705773830414
31,3079,0.4879114329814911
31,6430,0.48787543177604675
30,2519,0.4877535402774811
31,4688,0.4877089858055115
31,7635,0.48764359951019287
31,9736,0.487636923789978
30,8183,0.48746925592422485
31,5166,0.4874594211578369
30,2100,0.4872705042362213
31,14207,0.4872611463069916
31,11243,0.48718827962875366
30,8226,0.4871222972869873
31,12484,0.48707878589630127
30,6312,0.4869195222854614
31,6143,0.4868926703929901
31,3936,0.4867532551288605
31,11259,0.4865824282169342
31,1202,0.48652634024620056
31,14190,0.4865122139453888
31,6013,0.4865001142024994
31,5494,0.4864835739135742
30,5860,0.48646026849746704
26,13136,0.48631858825683594
31,4250,0.4860994815826416
29,4663,0.48608314990997314
31,6254,0.48590388894081116
31,1904,0.48562219738960266
31,400,0.4854905903339386
31,11698,0.4851941466331482
31,7955,0.4850977659225464
31,7148,0.4849095344543457
31,1969,0.4849032461643219
31,4751,0.4843960404396057
30,9220,0.4843901991844177
31,2927,0.48438623547554016
31,10202,0.484346866607666
31,6019,0.4840297996997833
29,4048,0.48389020562171936
31,11347,0.48385095596313477
30,13174,0.4835776388645172
30,9002,0.4835549592971802
30,8932,0.4835287034511566
30,733,0.48334476351737976
31,5168,0.48329806327819824
30,13869,0.4832644760608673
31,6028,0.48309776186943054
31,1170,0.4824870824813843
31,6694,0.4824530780315399
31,1991,0.4820775091648102
31,11298,0.48198068141937256
31,10088,0.48176077008247375
31,2280,0.4817110598087311
31,1071,0.4813964068889618
29,11285,0.4813872277736664
31,6913,0.4813215732574463
31,11781,0.48131319880485535
31,11459,0.48130136728286743
18,13825,0.48126551508903503
31,13882,0.4812052249908447
30,10468,0.48118168115615845
31,13981,0.4811401665210724
31,1115,0.4809482991695404
31,5593,0.4809436500072479
31,13966,0.48073500394821167
30,7091,0.48058998584747314
31,12172,0.4805409610271454
31,9940,0.48054027557373047
30,9701,0.4805121421813965
31,2369,0.4805099368095398
30,931,0.4803776741027832
31,7096,0.48030391335487366
31,5864,0.4801297187805176
31,13093,0.48003411293029785
29,13328,0.4799843728542328
31,6817,0.4798565208911896
31,7721,0.47963011264801025
30,11138,0.4795181155204773
31,368,0.47937825322151184
31,12110,0.479295015335083
30,11813,0.4792461097240448
29,6380,0.4792381823062897
31,13478,0.4792100489139557
31,13901,0.479026198387146
31,12292,0.4787519872188568
31,2468,0.4787488579750061
31,13595,0.4787253737449646
30,2367,0.4787179231643677
31,5544,0.47862863540649414
30,3683,0.47856569290161133
31,5691,0.4784770905971527
31,11870,0.47841677069664
31,2742,0.47836825251579285
31,1128,0.4781784415245056
31,2108,0.4780441224575043
31,5288,0.47798123955726624
30,6763,0.47791555523872375
31,11239,0.4779002368450165
31,8024,0.4778883755207062
31,13762,0.47769972681999207
31,557,0.47740596532821655
31,3997,0.47723764181137085
31,5641,0.4771742522716522
31,9867,0.4771648347377777
31,7504,0.47714582085609436
31,13664,0.4771234393119812
31,699,0.47704651951789856
31,10436,0.4770134389400482
30,5428,0.476936012506485
30,12379,0.4768733084201813
31,3104,0.4766584634780884
31,1981,0.47659435868263245
25,5781,0.47645023465156555
31,8232,0.4763666093349457
31,5916,0.4763329029083252
31,2149,0.4762783646583557
31,11847,0.47601521015167236
30,9950,0.4759543538093567
31,1778,0.47574013471603394
31,13476,0.4757182002067566
31,5334,0.47562268376350403
31,5853,0.47553470730781555
31,577,0.47547370195388794
30,14072,0.4754123389720917
29,12117,0.4751640558242798
29,10112,0.4750579595565796
30,9750,0.4747616946697235
31,9874,0.47441962361335754
31,11341,0.4741756319999695
30,13910,0.47397276759147644
31,7437,0.4738668203353882
31,12819,0.47381964325904846
30,14028,0.47380590438842773
30,3236,0.4737228453159332
31,10883,0.47371262311935425
31,4195,0.4736790359020233
31,11707,0.4734348654747009
30,5323,0.4734227657318115
31,777,0.47330349683761597
31,4639,0.4729783833026886
31,9432,0.4729023575782776
31,1537,0.47289422154426575
30,6079,0.4728459119796753
30,12717,0.4726959466934204
31,13681,0.4726262092590332
31,13894,0.4725422263145447
30,8013,0.47253337502479553
31,5483,0.47236546874046326
30,4381,0.4723038375377655
31,7497,0.4721854031085968
31,12091,0.47215989232063293
27,8051,0.47209540009498596
29,12632,0.472078412771225
31,4793,0.4720386266708374
30,7673,0.4715038239955902
31,7892,0.47126176953315735
31,13369,0.4711463451385498
31,4382,0.47108009457588196
31,865,0.4709462821483612
31,3484,0.4708711504936218
31,12130,0.4708588719367981
30,11089,0.4707464873790741
30,5073,0.470552533864975
31,5201,0.47024720907211304
31,7327,0.4702361822128296
30,5563,0.4702320396900177
31,7628,0.47023192048072815
31,13310,0.46996456384658813
31,5939,0.46994748711586
31,11577,0.46962466835975647
30,6999,0.4693395793437958
31,8679,0.4691900908946991
31,11225,0.46909135580062866
29,3384,0.4689660966396332
31,4776,0.4689579904079437
31,254,0.46883729100227356
29,10202,0.46877557039260864
31,9884,0.46877169609069824
31,3816,0.4686567783355713
31,862,0.4685238003730774
31,8771,0.46846282482147217
31,1483,0.46841809153556824
31,13669,0.46837911009788513
30,3680,0.468023419380188
30,6641,0.46789422631263733
31,11699,0.46782180666923523
31,353,0.4677896499633789
31,8469,0.4677232801914215
29,1785,0.46769437193870544
31,13176,0.4676745533943176
31,5913,0.467629611492157
31,492,0.4675414264202118
31,10373,0.46738162636756897
29,3045,0.4673178791999817
31,4928,0.4672497808933258
31,2431,0.4671591818332672
31,3721,0.4671037197113037
31,3012,0.4668728709220886
31,9401,0.46677282452583313
31,3057,0.4665931463241577
31,2818,0.4665429890155792
31,5062,0.46610450744628906
29,1550,0.46603062748908997
30,5599,0.46573036909103394
31,3633,0.4656859040260315
29,6623,0.46568524837493896
31,10114,0.4655843675136566
31,12684,0.4655580222606659
30,12460,0.4651356041431427
29,10987,0.4649405777454376
30,9596,0.4648999869823456
31,10414,0.46486303210258484
30,12034,0.4648292064666748
31,11229,0.4646172523498535
31,13325,0.46461597084999084
31,3780,0.46443435549736023
31,12948,0.46412375569343567
31,3842,0.46406933665275574
30,874,0.4640233516693115
31,5897,0.4639030396938324
31,10007,0.46389105916023254
31,14306,0.4638475775718689
31,3343,0.46383216977119446
30,2530,0.4638318121433258
31,13432,0.46382564306259155
30,6448,0.46376317739486694
30,520,0.46367672085762024
29,1823,0.46361878514289856
31,6493,0.46351176500320435
30,5921,0.4633713364601135
31,1510,0.46334558725357056
30,9887,0.4633391201496124
30,14177,0.46326944231987
31,6061,0.4630424380302429
31,11540,0.4629802107810974
29,11772,0.4629063010215759
29,4566,0.462746798992157
31,6303,0.46267640590667725
31,8421,0.4625910222530365
31,2822,0.4625067710876465
31,9036,0.46209388971328735
31,7088,0.46201077103614807
31,3874,0.4619502127170563
28,5387,0.461870402097702
31,7981,0.4617830216884613
31,13388,0.46177539229393005
31,13618,0.4616270661354065
31,1685,0.4615156948566437
31,3388,0.4614902436733246
31,11166,0.4613029956817627
31,9156,0.4611737132072449
31,12708,0.46095508337020874
31,12899,0.4609438180923462
31,272,0.4609162211418152
31,12380,0.4606351852416992
31,7184,0.4605124592781067
31,10997,0.4602365493774414
31,8409,0.4602210819721222
31,8711,0.46016716957092285
31,13621,0.46015113592147827
31,8225,0.4601277709007263
31,6130,0.45985373854637146
31,4840,0.45983177423477173
30,3597,0.4597787857055664
31,12912,0.45963966846466064
29,6086,0.4596114158630371
30,320,0.45957091450691223
30,3557,0.45933663845062256
31,10017,0.45928269624710083
30,13908,0.4592004120349884
29,11650,0.459177702665329
30,7428,0.4591144323348999
31,7808,0.4591056704521179
30,9261,0.45909857749938965
31,3095,0.45904630422592163
31,9615,0.45892247557640076
31,2080,0.45867908000946045
31,2335,0.4583658277988434
19,12164,0.45826271176338196
31,13161,0.4582465887069702
31,9567,0.4582381248474121
31,1404,0.4582342803478241
31,10983,0.45815524458885193
31,14160,0.4579383432865143
31,24,0.4576082229614258
30,11294,0.4575880467891693
31,10101,0.45754286646842957
31,13812,0.45737189054489136
31,2375,0.4571478068828583
29,4740,0.4570581614971161
31,3672,0.45686566829681396
31,12710,0.45660001039505005
30,12284,0.456509530544281
31,3382,0.4563556909561157
31,12070,0.4558180272579193
31,11585,0.45574530959129333
31,8015,0.45552900433540344
31,12245,0.45545700192451477
31,10152,0.4554157555103302
30,5946,0.4553601145744324
30,317,0.45521000027656555
31,8214,0.4550376236438751
29,10308,0.45501095056533813
31,5564,0.454995334148407
31,4520,0.4548496901988983
31,12393,0.4548335671424866
30,12061,0.45481982827186584
31,8726,0.4546854794025421
31,7112,0.4545494019985199
31,2717,0.4543698728084564
31,838,0.45425233244895935
31,10797,0.4541119337081909
31,4293,0.45397287607192993
31,11322,0.453914612531662
31,2051,0.4537983238697052
31,7315,0.4537813663482666
31,9732,0.4535600244998932
30,2683,0.45353376865386963
31,5137,0.4532603919506073
31,2079,0.45323291420936584
31,2604,0.4532168507575989
28,11628,0.4532003402709961
30,9045,0.4531199336051941
31,3476,0.4529973566532135
29,9222,0.45266634225845337
31,7702,0.4526367485523224
30,12132,0.45239534974098206
31,4384,0.45222678780555725
31,4770,0.45202913880348206
31,11164,0.4519227147102356
30,9841,0.45191454887390137
31,5675,0.4519108235836029
31,7976,0.45183250308036804
29,546,0.45178359746932983
31,5267,0.4515228271484375
30,9965,0.4514750838279724
30,9602,0.45097070932388306
31,12297,0.4509105980396271
29,9468,0.45055580139160156
29,14025,0.4505420923233032
31,6436,0.45050331950187683
31,482,0.45017656683921814
31,1495,0.44993364810943604
31,4698,0.44991371035575867
30,2951,0.44969549775123596
31,5437,0.4496764540672302
26,5916,0.44955819845199585
30,1272,0.4493752717971802
31,6704,0.4487433135509491
31,13060,0.44872671365737915
31,6494,0.4485824704170227
31,10781,0.4483467638492584
30,14109,0.44807764887809753
30,13471,0.4480576515197754
31,469,0.4479084610939026
31,12174,0.4478195607662201
31,5477,0.44743797183036804
31,7133,0.44733336567878723
30,9788,0.44731560349464417
31,9464,0.44727399945259094
30,7779,0.4472368359565735
31,6464,0.44721779227256775
31,4427,0.4471279978752136
30,7768,0.44709303975105286
31,9600,0.4470599293708801
29,14017,0.44704124331474304
31,1614,0.4469827115535736
31,5028,0.4469687342643738
31,6729,0.44694894552230835
31,7017,0.4467605650424957
31,10077,0.44661664962768555
30,9453,0.4466148018836975
31,13872,0.4465370178222656
31,10675,0.4463635981082916
28,9648,0.4462714195251465
31,11691,0.4461095631122589
31,5771,0.4458406865596771
31,7866,0.4458399713039398
31,10278,0.4458257555961609
30,2806,0.4455106854438782
31,3368,0.4454067349433899
30,1053,0.44520553946495056
31,11598,0.44512712955474854
31,3761,0.44506192207336426
31,5491,0.44498568773269653
31,12313,0.44489994645118713
31,10193,0.44488075375556946
31,181,0.44484880566596985
31,4342,0.4447714388370514
31,1488,0.444701611995697
31,11550,0.4442809820175171
31,9205,0.44407516717910767
31,3701,0.4439486861228943
31,734,0.443586140871048
31,8766,0.4434869587421417
30,8751,0.44338467717170715
31,8953,0.44334399700164795
30,6948,0.4431506097316742
29,10894,0.4431256651878357
31,13823,0.4430895447731018
31,194,0.4430312216281891
31,4762,0.4428936243057251
31,1370,0.4428819417953491
31,4243,0.4428451657295227
31,8336,0.44277533888816833
30,2767,0.44266068935394287
30,4569,0.4426337778568268
31,13282,0.44252514839172363
31,11155,0.4425007402896881
30,9974,0.4424222707748413
29,12770,0.44241687655448914
31,7080,0.4422997534275055
31,9601,0.44223982095718384
31,7007,0.4422360956668854
30,85,0.4422059953212738
31,5393,0.44209718704223633
31,4485,0.4420506954193115
31,3940,0.44198304414749146
29,12067,0.4418659210205078
31,187,0.4417930841445923
31,13183,0.4415920376777649
31,7176,0.44155794382095337
30,9591,0.4415489137172699
31,4328,0.44153130054473877
30,1773,0.44148892164230347
31,2109,0.4412195086479187
31,10995,0.44117385149002075
31,5915,0.44116801023483276
31,9059,0.44093355536460876
31,2602,0.4406581521034241
29,6122,0.440634548664093
31,422,0.44062504172325134
31,256,0.4404374361038208
31,11307,0.4401755630970001
31,1741,0.44015392661094666
31,10935,0.4400894343852997
31,6487,0.43999332189559937
31,3646,0.4398522973060608
29,9513,0.43967244029045105
31,10825,0.43960410356521606
30,7423,0.43955695629119873
30,6992,0.4394787549972534
24,11486,0.4392714202404022
29,13181,0.4390556812286377
30,292,0.4390478730201721
31,2706,0.4390004277229309
31,1166,0.43892955780029297
30,2634,0.438809871673584
31,5850,0.43880704045295715
31,2252,0.4387974441051483
31,2498,0.43874844908714294
31,8120,0.4386287033557892
30,3543,0.4384789764881134
31,2196,0.4383639395236969
30,13495,0.438224196434021
29,6732,0.43798717856407166
29,2422,0.43792781233787537
31,8296,0.4378969073295593
30,6396,0.4377500116825104
31,1078,0.4377337396144867
30,3654,0.43764644861221313
31,4121,0.43756595253944397
31,1691,0.43749430775642395
31,13950,0.4374319911003113
30,4709,0.4374127984046936
31,12821,0.4373820722103119
31,12182,0.4373321235179901
30,10711,0.43731778860092163
31,1747,0.4371398985385895
31,7769,0.4368290305137634
31,9190,0.43680837750434875
31,11386,0.4366694986820221
31,12836,0.4364725947380066
30,6754,0.4364486634731293
30,12523,0.4361918270587921
31,2528,0.43606454133987427
31,12089,0.4358963668346405
31,10160,0.43580713868141174
31,9824,0.4357978105545044
31,11928,0.43558329343795776
30,10459,0.43548068404197693
30,11752,0.4354736804962158
31,1835,0.4354572296142578
31,7964,0.43533048033714294
30,2908,0.43523886799812317
29,8993,0.4352201819419861
31,8125,0.4351707994937897
31,11071,0.4351188838481903
31,4754,0.4351041316986084
30,8688,0.4348963499069214
30,14299,0.4346834123134613
29,11082,0.43466147780418396
31,9550,0.43458306789398193
31,14021,0.434491366147995
31,13599,0.43437743186950684
31,2522,0.4343664348125458
31,5358,0.4342744052410126
30,8725,0.433910071849823
31,5541,0.4338296949863434
31,8506,0.4337705969810486
31,7888,0.4334162473678589
31,9082,0.4333845376968384
31,9754,0.4333494305610657
31,10258,0.4333328902721405
29,3411,0.4331740438938141
31,8415,0.43312984704971313
31,5473,0.43306583166122437
31,5291,0.43302446603775024
30,6770,0.4330042898654938
31,13724,0.4329429268836975
29,7812,0.432705283164978
30,8223,0.43244415521621704
31,7897,0.43232834339141846
30,1457,0.4322963058948517
31,7826,0.43211933970451355
31,7608,0.43200573325157166
31,8058,0.43192818760871887
30,11320,0.4319089651107788
31,205,0.4318820536136627
31,8698,0.4316703677177429
31,10144,0.43150296807289124
31,3967,0.4314895272254944
30,1311,0.4314352571964264
31,5277,0.4312574863433838
31,11175,0.4311382472515106
31,3138,0.43112146854400635
30,410,0.43106237053871155
30,13587,0.4309613108634949
31,10922,0.4309356212615967
29,10788,0.43079060316085815
31,1978,0.4307268559932709
31,6086,0.4303521513938904
31,10556,0.4303128123283386
31,9936,0.43027791380882263
31,7853,0.4302178621292114
30,11472,0.43020567297935486
24,8746,0.4300522804260254
30,857,0.4299963116645813
31,9790,0.4298696517944336
31,12904,0.4297413229942322
31,9452,0.4296344518661499
29,11740,0.42962753772735596
31,10612,0.429608017206192
31,5349,0.42957282066345215
31,7514,0.4294746220111847
31,1941,0.4294048547744751
30,9698,0.42930611968040466
31,1323,0.42928189039230347
31,14303,0.42925089597702026
31,4563,0.42916470766067505
31,7513,0.4290035367012024
30,11574,0.4288462698459625
30,1365,0.4288271963596344
31,3259,0.42879030108451843
31,8895,0.4287733733654022
31,2596,0.4287557303905487
31,4101,0.4286750257015228
31,13428,0.42861422896385193
30,331,0.4284599721431732
30,12074,0.42841145396232605
31,733,0.4283500015735626
31,5590,0.4281589388847351
31,3545,0.42811569571495056
31,7706,0.4279842674732208
26,783,0.4279221296310425
31,7731,0.42784157395362854
31,3034,0.4277699589729309
31,8936,0.4276905655860901
29,11785,0.4276869595050812
30,9433,0.42767268419265747
31,12260,0.42762988805770874
31,12658,0.4276112914085388
31,5814,0.42749282717704773
29,12134,0.42746978998184204
31,9412,0.4272610545158386
18,12063,0.42720910906791687
31,6228,0.427022784948349
30,3529,0.42698949575424194
31,6507,0.4269811809062958
31,2136,0.42696231603622437
23,6839,0.42695435881614685
31,8732,0.42691701650619507
31,631,0.4268968403339386
31,2288,0.426557332277298
30,7115,0.4265317916870117
31,13470,0.426527202129364
31,5535,0.42642831802368164
28,8416,0.42637816071510315
31,4240,0.4263613522052765
30,6889,0.42630183696746826
30,4035,0.4261729121208191
31,899,0.42613545060157776
31,4542,0.42612090706825256
31,4921,0.4260452687740326
31,122,0.4260183870792389
31,10275,0.4260171353816986
31,11015,0.4258763790130615
31,3860,0.425813764333725
31,8177,0.42578011751174927
30,223,0.42518970370292664
31,2747,0.4251738488674164
31,3955,0.4250490069389343
30,8276,0.4250392019748688
31,13847,0.42497897148132324
31,13056,0.42490217089653015
31,2928,0.42466622591018677
31,7925,0.42455610632896423
31,9447,0.4245539605617523
30,858,0.424385130405426
31,2566,0.42422059178352356
30,225,0.4240022599697113
31,5143,0.42400112748146057
29,6987,0.4239700436592102
30,239,0.4238189160823822
31,13726,0.42381370067596436
31,4823,0.4237605035305023
30,11545,0.4236544370651245
31,12933,0.42352667450904846
31,3439,0.42346057295799255
31,3440,0.42339420318603516
31,12008,0.4232034683227539
31,2980,0.4227955639362335
29,6864,0.42264583706855774
31,4690,0.4223920702934265
31,9804,0.42229360342025757
31,3796,0.4220120906829834
31,10241,0.4219893217086792
31,13455,0.42173826694488525
31,7254,0.42169031500816345
31,12109,0.42165347933769226
31,2939,0.4215909242630005
31,310,0.42150115966796875
29,1646,0.42149612307548523
31,1113,0.4214131236076355
30,12323,0.4213329255580902
31,11882,0.4211903512477875
31,8949,0.4211771786212921
29,1134,0.42114323377609253
31,12492,0.4211370050907135
31,14200,0.4211325943470001
30,9109,0.4209069311618805
31,806,0.42090141773223877
30,4028,0.42085087299346924
31,3119,0.4207533895969391
31,2423,0.42074280977249146
31,8980,0.4203197658061981
31,11297,0.42012515664100647
31,8534,0.42004743218421936
31,3397,0.4200406074523926
31,46,0.42003145813941956
31,7553,0.41995003819465637
31,11818,0.4199250042438507
30,9448,0.4198547303676605
30,13883,0.41985371708869934
31,13195,0.41959550976753235
30,12526,0.4195474684238434
29,2872,0.41954684257507324
31,3949,0.41953060030937195
31,7847,0.4194367527961731
31,7989,0.4194243252277374
27,3231,0.41930341720581055
30,10849,0.4188286364078522
30,13060,0.4187968075275421
31,8960,0.4186061918735504
30,13890,0.41856348514556885
31,10703,0.41845494508743286
31,3451,0.4183999300003052
31,7060,0.41822510957717896
31,9902,0.4181033968925476
31,6610,0.4180510938167572
31,4053,0.4180288314819336
31,9421,0.4180164337158203
30,13496,0.41793888807296753
31,3024,0.41788825392723083
31,1190,0.4178798496723175
31,8209,0.4178061783313751
30,11510,0.41778790950775146
31,13849,0.417682409286499
31,11620,0.4174558222293854
30,12195,0.4174421727657318
31,10902,0.4173699915409088
31,3099,0.41714784502983093
31,4227,0.4170929789543152
30,12694,0.4170612692832947
31,11267,0.4169743061065674
31,10001,0.41690534353256226
30,5794,0.4167894721031189
30,14300,0.4165271818637848
30,9049,0.41631218791007996
31,6452,0.4160987138748169
30,2677,0.4160655736923218
31,658,0.41600173711776733
31,683,0.41600143909454346
17,10444,0.41583263874053955
16,10275,0.41572099924087524
31,11206,0.4156557321548462
31,2647,0.4156493544578552
31,13585,0.41563737392425537
31,1399,0.41552817821502686
31,8631,0.41543301939964294
29,5277,0.41517919301986694
31,9661,0.4149560034275055
31,3381,0.414928138256073
29,7003,0.4148913621902466
31,11303,0.4146876037120819
29,3843,0.4146170914173126
30,7872,0.41436758637428284
31,5220,0.4143649935722351
30,8832,0.41429662704467773
30,6336,0.41418471932411194
31,13871,0.4140802323818207
30,9242,0.4139895439147949
30,6156,0.4137195944786072
30,12144,0.4136897325515747
30,9065,0.4136531352996826
31,6762,0.4134286940097809
31,7512,0.413281112909317
31,11003,0.41327911615371704
31,7199,0.41284769773483276
31,2786,0.41268646717071533
31,614,0.4126041531562805
31,5489,0.41244742274284363
31,6798,0.41217148303985596
31,9436,0.41210606694221497
31,5244,0.411921888589859
19,13845,0.4118445813655853
30,6206,0.4117429256439209
30,8903,0.41166749596595764
31,879,0.41157111525535583
31,5851,0.4115012288093567
31,9155,0.41117793321609497
31,5646,0.41081511974334717
31,11576,0.41075602173805237
31,12165,0.41065579652786255
30,9173,0.41060101985931396
31,7637,0.4105549156665802
31,4125,0.41028401255607605
30,1949,0.41008803248405457
30,6378,0.4100620448589325
30,14159,0.41004064679145813
31,3527,0.4100029468536377
31,3345,0.40989479422569275
30,4624,0.40978527069091797
29,6257,0.4094010293483734
31,5804,0.4093196988105774
30,13226,0.40927228331565857
31,3819,0.40918347239494324
31,2780,0.40918076038360596
31,2930,0.40915220975875854
31,7758,0.40912437438964844
31,10405,0.40904057025909424
31,2246,0.40898460149765015
31,1233,0.4088553488254547
31,12061,0.4087930917739868
30,7606,0.40872427821159363
31,6914,0.40867871046066284
31,9667,0.40769919753074646
31,9463,0.40769892930984497
31,13063,0.4074927270412445
31,7180,0.4074614644050598
31,1534,0.4071511924266815
31,2845,0.40701013803482056
31,8794,0.4068722128868103
30,1623,0.4068451225757599
31,5485,0.4068130850791931
29,10803,0.40679702162742615
31,3155,0.4067274332046509
31,196,0.4065304100513458
29,12784,0.4064660966396332
31,7332,0.406454473733902
31,1247,0.4063520133495331
31,7859,0.40624475479125977
31,12123,0.4061485230922699
30,13742,0.4061104953289032
30,3309,0.4060579836368561
29,10651,0.40577325224876404
31,1259,0.405694842338562
31,10399,0.40557318925857544
31,10173,0.40553954243659973
31,755,0.4053390920162201
30,5832,0.4052414000034332
30,1814,0.40489959716796875
30,1935,0.40483731031417847
31,12982,0.4048183560371399
31,12341,0.40472689270973206
29,7647,0.4045189917087555
31,2559,0.4041557312011719
31,11959,0.4041460454463959
28,10898,0.4040413200855255
30,806,0.40399953722953796
31,14080,0.40399008989334106
29,1246,0.4037034213542938
31,8006,0.4035187363624573
31,4145,0.40351638197898865
31,3820,0.4035024642944336
31,4964,0.4034527838230133
31,13601,0.40341252088546753
29,11997,0.403400719165802
31,2560,0.403394490480423
30,7095,0.4031347632408142
30,9708,0.4028710126876831
31,13745,0.40270960330963135
31,4367,0.40259653329849243
29,9706,0.4025338888168335
31,12032,0.4024883508682251
30,4433,0.4023122191429138
31,13328,0.4022693932056427
26,11322,0.4022470712661743
29,13704,0.40223661065101624
31,12046,0.4021764397621155
31,5460,0.4020847678184509
30,6725,0.4020509719848633
24,8082,0.4019993543624878
30,4195,0.4019238352775574
18,12797,0.40190550684928894
9,12312,0.40184757113456726
31,11514,0.4017135798931122
31,11543,0.4014941155910492
29,7839,0.40149247646331787
31,8310,0.40147459506988525
31,11547,0.4013972580432892
31,9555,0.40129855275154114
31,8738,0.4007064402103424
31,429,0.4004752039909363
31,8626,0.40025031566619873
31,10589,0.40002310276031494
31,9455,0.3998018205165863
31,13703,0.39975473284721375
29,11961,0.3997257649898529
30,6954,0.399644672870636
31,5173,0.39933380484580994
31,656,0.39924636483192444
31,5088,0.39903855323791504
31,10521,0.3989714980125427
31,13059,0.39893627166748047
31,2630,0.39889270067214966
29,1381,0.39889204502105713
29,834,0.398754358291626
28,11188,0.39866721630096436
30,13764,0.39863064885139465
31,9075,0.39859503507614136
31,9802,0.39843642711639404
31,8236,0.3982965648174286
31,10346,0.39772894978523254
31,12568,0.3972971439361572
31,2984,0.39729002118110657
31,185,0.3972499966621399
30,13175,0.39719805121421814
31,3864,0.39718660712242126
31,9796,0.3970734477043152
31,1766,0.3969669044017792
31,316,0.39696672558784485
28,14225,0.3969654440879822
31,13569,0.39686936140060425
31,9504,0.39662736654281616
31,4797,0.39655718207359314
31,12238,0.39653316140174866
29,4113,0.39652693271636963
30,9855,0.396222323179245
31,1131,0.3962160348892212
31,145,0.3960157632827759
31,5287,0.39598527550697327
31,2253,0.39594578742980957
31,1955,0.3957616686820984
31,4574,0.39554712176322937
31,4164,0.3953303098678589
31,3897,0.3952730894088745
31,3352,0.3952217102050781
30,3109,0.3952147364616394
31,7482,0.3950817883014679
30,10661,0.3950709104537964
30,5490,0.395000696182251
31,13713,0.39497509598731995
31,1873,0.3949528634548187
31,13324,0.3949323892593384
28,3062,0.39492085576057434
31,2577,0.39489874243736267
29,5749,0.3948745131492615
31,1340,0.39472055435180664
31,4112,0.3946051299571991
29,4827,0.39458805322647095
31,8682,0.3945711851119995
31,6529,0.39452195167541504
28,7409,0.39447906613349915
30,9210,0.3944191634654999
31,2092,0.394367516040802
31,9631,0.39432981610298157
31,6775,0.394304484128952
31,1425,0.3942641615867615
31,3065,0.39422187209129333
31,9870,0.39404571056365967
30,4425,0.393973708152771
29,13254,0.3939570486545563
28,11702,0.3936845362186432
31,5959,0.3936803936958313
17,14096,0.3933331072330475
31,9712,0.39331066608428955
31,12889,0.3933081030845642
31,12692,0.393285870552063
30,4260,0.39326173067092896
31,880,0.39322927594184875
30,8427,0.3931047320365906
29,10191,0.39307957887649536
29,6914,0.39305809140205383
30,618,0.3927156329154968
30,3983,0.39270201325416565
23,2565,0.39258256554603577
31,11496,0.39236852526664734
30,14257,0.39231419563293457
30,9010,0.39228326082229614
31,10198,0.3922465741634369
30,2340,0.3921949863433838
29,1784,0.39191362261772156
16,6521,0.39147111773490906
31,3037,0.3914276957511902
31,9589,0.39138492941856384
30,3491,0.3911551237106323
31,11168,0.3910905420780182
31,3393,0.3907638490200043
29,9523,0.39049863815307617
31,6960,0.39030978083610535
31,7071,0.39024460315704346
29,9129,0.39016151428222656
31,12773,0.39009055495262146
31,12673,0.39008572697639465
30,792,0.38999053835868835
30,13291,0.38996171951293945
30,667,0.38995635509490967
31,10308,0.38988614082336426
28,6107,0.3898785412311554
28,14244,0.3897988796234131
31,6700,0.3895902633666992
31,6693,0.38940128684043884
31,8018,0.3893967866897583
31,14010,0.38927745819091797
30,5912,0.3889409303665161
31,8028,0.38874179124832153
31,1044,0.3887081742286682
31,5068,0.3886168897151947
31,11345,0.38841328024864197
30,12570,0.3884090185165405
31,2932,0.38837578892707825
30,2653,0.38836315274238586
29,5933,0.38831597566604614
29,13329,0.3882739245891571
30,8834,0.3880479335784912
30,5814,0.3879747688770294
29,3783,0.38796159625053406
29,1875,0.3878800570964813
31,10010,0.3878745138645172
31,11286,0.38771283626556396
30,6462,0.387593537569046
31,7529,0.3874344825744629
31,7101,0.38724711537361145
30,1791,0.38722148537635803
31,6278,0.3871147930622101
31,639,0.3868752121925354
31,4283,0.3868469297885895
31,10284,0.3867698907852173
30,5345,0.386730432510376
31,4095,0.3866976797580719
31,5089,0.3866927921772003
31,5835,0.386672705411911
31,11174,0.3864860236644745
31,2078,0.3864682912826538
31,2594,0.3864305913448334
31,8061,0.3863012492656708
31,2053,0.38617363572120667
30,4360,0.38609975576400757
30,4583,0.38599464297294617
31,3735,0.38596850633621216
31,10324,0.38596034049987793
31,4932,0.3859274089336395
31,9949,0.38575831055641174
31,259,0.38560253381729126
31,380,0.38547733426094055
31,6195,0.3854087293148041
31,6131,0.38524436950683594
30,3152,0.385233998298645
31,7212,0.3851648271083832
31,4428,0.38501009345054626
31,12584,0.3848443031311035
31,5520,0.3845037519931793
31,1433,0.3844529390335083
31,8888,0.3844326138496399
31,13181,0.3844130337238312
29,6332,0.3843613564968109
31,5050,0.38421395421028137
30,3600,0.38409027457237244
30,6949,0.383990615606308
31,3620,0.3838578462600708
30,9848,0.3836875557899475
30,13018,0.38329291343688965
31,14012,0.38312849402427673
31,764,0.38307008147239685
31,13202,0.38299599289894104
30,11409,0.38290950655937195
31,12849,0.38290897011756897
31,3543,0.38284772634506226
28,8945,0.3828193247318268
31,600,0.3828151822090149
31,11616,0.3828120231628418
30,13609,0.38267815113067627
31,10548,0.3825756311416626
29,4854,0.38256070017814636
31,785,0.38253745436668396
31,8567,0.38251158595085144
31,1532,0.38240909576416016
28,12996,0.3823067843914032
28,12049,0.3821142911911011
31,8834,0.38211143016815186
31,9088,0.3820836544036865
30,2940,0.38201993703842163
29,4543,0.3820008337497711
31,1961,0.38195282220840454
31,517,0.38157737255096436
30,6096,0.38148555159568787
31,4896,0.38138145208358765
31,9214,0.381339967250824
31,8309,0.38133612275123596
29,8529,0.38108202815055847
31,9511,0.38096684217453003
31,8754,0.38093411922454834
31,6003,0.38091984391212463
31,3791,0.3809156119823456
29,1425,0.380801796913147
29,10254,0.38068637251853943
30,14265,0.38058197498321533
31,7325,0.3804381787776947
30,7958,0.3803507387638092
31,13754,0.38032862544059753
31,11437,0.38024163246154785
31,14283,0.38024067878723145
29,14011,0.38019683957099915
22,8042,0.38013532757759094
31,8907,0.3800438940525055
31,6491,0.38004082441329956
31,12917,0.3800227642059326
31,8205,0.3798460364341736
17,11983,0.37983283400535583
31,10252,0.37973707914352417
31,4136,0.3795664608478546
31,1740,0.37946566939353943
31,8468,0.3794269263744354
31,14295,0.37939509749412537
31,9396,0.3792073726654053
31,12074,0.3790911138057709
31,2231,0.3788703382015228
31,9242,0.37878894805908203
31,4126,0.3786887526512146
31,638,0.3786688446998596
29,6859,0.37864166498184204
31,296,0.3784841299057007
30,4211,0.3784627914428711
31,13017,0.3784162402153015
31,7838,0.37837809324264526
31,1987,0.37836647033691406
28,13812,0.3783647418022156
31,10175,0.37833666801452637
31,1016,0.37826332449913025
31,6544,0.3782018721103668
30,9375,0.37812134623527527
31,10758,0.3780283033847809
29,10770,0.37801456451416016
30,1570,0.37786397337913513
31,13636,0.37786349654197693
30,7419,0.3776133358478546
31,8835,0.37754425406455994
31,4435,0.37747064232826233
31,3224,0.3773917853832245
31,13067,0.37738490104675293
31,588,0.37724989652633667
31,14197,0.3771696388721466
31,1821,0.3770645260810852
31,12021,0.37704527378082275
31,4998,0.37696900963783264
31,4253,0.3769628405570984
31,5071,0.3769042491912842
30,9702,0.3769010305404663
29,9562,0.3768724203109741
31,11693,0.37663930654525757
31,1193,0.37652647495269775
30,5934,0.37642326951026917
31,597,0.3764161765575409
30,10915,0.37639713287353516
31,2944,0.3763231933116913
31,3286,0.37631192803382874
30,1640,0.37617358565330505
31,8636,0.3759991526603699
31,7777,0.37583857774734497
31,6692,0.3757331669330597
31,14203,0.37557870149612427
31,5807,0.37557142972946167
31,9046,0.37552961707115173
31,3351,0.3755218982696533
30,3884,0.3754802644252777
31,11827,0.37546077370643616
31,1760,0.3754495084285736
31,730,0.3754461109638214
31,1240,0.3753907084465027
23,11765,0.375338077545166
31,13203,0.37529781460762024
31,12578,0.3752577304840088
30,12454,0.3751785159111023
31,13172,0.37515267729759216
31,7079,0.37470635771751404
29,12635,0.37469983100891113
31,607,0.3744725286960602
31,210,0.3743723928928375
30,11449,0.3742697238922119
31,7607,0.3740537464618683
31,13259,0.37390685081481934
31,10290,0.3738374412059784
31,6640,0.37381869554519653
31,4526,0.3734752833843231
30,2990,0.3734724223613739
31,11692,0.37342941761016846
31,6995,0.37334853410720825
30,12171,0.37316378951072693
31,4685,0.373108446598053
31,1398,0.37300294637680054
30,2173,0.37288010120391846
31,3446,0.37213754653930664
31,9690,0.37212851643562317
31,1268,0.37205615639686584
30,10032,0.37205612659454346
27,13732,0.3719887137413025
29,10837,0.371928334236145
31,10153,0.3718971610069275
31,13423,0.37188929319381714
29,10297,0.37188592553138733
27,11829,0.3718198537826538
31,11396,0.3717726767063141
31,10570,0.3716896176338196
31,169,0.3716191351413727
31,7638,0.37151139974594116
30,557,0.3714935779571533
31,8372,0.37134259939193726
29,417,0.37128496170043945
30,2907,0.37127503752708435
31,9117,0.37124043703079224
31,11385,0.3712184429168701
30,9523,0.37118858098983765
31,599,0.3711729645729065
31,1305,0.3711598217487335
28,6170,0.3709658682346344
31,2794,0.3709382116794586
31,13835,0.3708745837211609
28,8733,0.370839923620224
31,7280,0.37055519223213196
29,12012,0.3704378306865692
30,13306,0.3703376054763794
31,10989,0.37029722332954407
31,9516,0.37019532918930054
31,7891,0.3701839745044708
29,1749,0.370162695646286
31,4625,0.370105504989624
31,8882,0.370074063539505
31,10040,0.369997501373291
31,13763,0.3698383569717407
31,9074,0.3697778880596161
31,5756,0.36975905299186707
31,3431,0.3697180151939392
31,8201,0.36962470412254333
31,11075,0.3694917559623718
28,8911,0.36935555934906006
31,1066,0.3692505359649658
31,9145,0.3692482113838196
30,8082,0.3692401349544525
31,7827,0.36917755007743835
31,2217,0.3691471219062805
31,12941,0.36912062764167786
30,10445,0.369045227766037
30,6209,0.3690057098865509
30,7222,0.36892011761665344
31,1714,0.36889368295669556
30,6735,0.36888226866722107
31,8921,0.36880651116371155
31,5841,0.3687533438205719
31,13111,0.3685442805290222
30,9333,0.36828339099884033
30,429,0.3682388365268707
31,9365,0.36820274591445923
31,10090,0.3678160011768341
28,6597,0.3677510917186737
31,5618,0.36755430698394775
31,5866,0.36721155047416687
30,9072,0.3671700656414032
29,7396,0.36713719367980957
31,4851,0.36704832315444946
31,7155,0.3670193552970886
31,2025,0.36697956919670105
31,7075,0.3668983578681946
31,7146,0.3668074905872345
31,5243,0.3668016791343689
30,1811,0.36673009395599365
30,434,0.3666268289089203
31,1176,0.36649245023727417
30,10240,0.3663465976715088
31,9291,0.3663451373577118
30,5969,0.3661324381828308
30,469,0.3660333752632141
31,13217,0.36590519547462463
31,7915,0.36587387323379517
31,2798,0.3658207952976227
31,5330,0.36578798294067383
31,13188,0.3657626211643219
31,14269,0.36575692892074585
31,13520,0.36571595072746277
30,8885,0.36563265323638916
29,10749,0.3655315339565277
31,6854,0.3654962182044983
31,7961,0.36522307991981506
31,13401,0.3651106357574463
31,4805,0.36504465341567993
31,3719,0.3650195300579071
31,2212,0.3649982511997223
31,13794,0.3648351728916168
31,8914,0.36472928524017334
31,4648,0.36470654606819153
31,5356,0.36469337344169617
31,688,0.3646506667137146
29,5,0.36461254954338074
26,14003,0.36456745862960815
30,11484,0.36454638838768005
31,12471,0.36452972888946533
31,2852,0.36430811882019043
31,2137,0.36418354511260986
31,10375,0.3641509413719177
31,8662,0.3640303313732147
30,66,0.3639668822288513
31,11365,0.3638814091682434
30,4110,0.3638154864311218
29,7514,0.363765150308609
31,7434,0.3636521100997925
30,1036,0.363613098859787
31,13271,0.3634858727455139
31,10051,0.36337384581565857
31,13529,0.3632764220237732
31,7522,0.36324334144592285
30,11557,0.3629983067512512
31,12818,0.36299654841423035
31,2986,0.36293742060661316
31,48,0.36292582750320435
30,9637,0.3628753423690796
29,11059,0.3628050684928894
30,628,0.3627874553203583
31,13851,0.3627851605415344
29,518,0.36272695660591125
31,10085,0.3627125024795532
31,3916,0.3626919090747833
31,1979,0.3626498579978943
31,7288,0.3624095916748047
31,6127,0.3623946011066437
30,13768,0.362258642911911
30,2369,0.3622379004955292
29,6435,0.3622255027294159
29,750,0.3621843755245209
31,3404,0.3619847297668457
31,7421,0.36193758249282837
31,10712,0.36187729239463806
30,13711,0.3618002235889435
31,11961,0.36172807216644287
31,4430,0.3617106080055237
31,3972,0.3616631329059601
30,12711,0.36137402057647705
30,8856,0.36129283905029297
29,8605,0.3612901568412781
30,2194,0.36127910017967224
29,11543,0.3612208068370819
31,7703,0.36121803522109985
31,13201,0.36114656925201416
31,792,0.36111685633659363
29,9262,0.36102285981178284
31,5685,0.3609864413738251
31,13156,0.36098411679267883
31,6277,0.36092454195022583
30,3639,0.360760360956192
24,9327,0.36055558919906616
29,7181,0.3605140745639801
31,9410,0.3603670597076416
30,4318,0.3602970242500305
31,4575,0.360088050365448
30,11552,0.3600707948207855
30,12939,0.3600674867630005
31,2211,0.36002621054649353
29,12048,0.3599816560745239
31,3369,0.35997486114501953
30,12187,0.3599487245082855
31,350,0.3599405586719513
31,1877,0.35989952087402344
28,2807,0.3598661720752716
31,12383,0.3597128093242645
31,1192,0.35965901613235474
29,3311,0.359548419713974
31,8333,0.35949790477752686
30,2309,0.3590953052043915
31,7213,0.3590071201324463
30,3961,0.3589448034763336
31,3486,0.3589203357696533
31,5510,0.3588111102581024
31,1042,0.35879063606262207
29,3908,0.35872429609298706
31,286,0.35865694284439087
30,3378,0.35857945680618286
30,8978,0.35852959752082825
30,6207,0.3584579527378082
31,4576,0.3583395779132843
31,3006,0.3582592308521271
30,2507,0.3582250475883484
31,8377,0.3582149147987366
31,7626,0.35811981558799744
31,7535,0.35810917615890503
31,11813,0.3580562174320221
31,14214,0.357919305562973
31,7632,0.3578604757785797
30,4834,0.35761523246765137
31,2047,0.3575771749019623
30,13676,0.3574771285057068
31,10133,0.35745173692703247
31,10581,0.35731562972068787
31,4821,0.3572646379470825
30,3295,0.3571985065937042
31,5806,0.35707733035087585
30,5172,0.35696861147880554
31,9981,0.356906920671463
31,10505,0.35682404041290283
31,12704,0.35681337118148804
30,4006,0.3567928075790405
31,4327,0.35676541924476624
30,1426,0.35655903816223145
31,9007,0.3565535545349121
30,5036,0.3564666211605072
30,8069,0.3563920259475708
31,12101,0.3562631607055664
31,2639,0.3562386929988861
29,13036,0.3561971187591553
31,14124,0.3558868169784546
29,1275,0.3557479679584503
29,3069,0.35554686188697815
31,4679,0.35547977685928345
31,5932,0.3554339110851288
31,5036,0.35537880659103394
29,12644,0.35525840520858765
31,7936,0.3552045524120331
30,2087,0.35516637563705444
30,1628,0.35510408878326416
31,5847,0.35508066415786743
29,12195,0.35508057475090027
31,10619,0.354927122592926
30,10207,0.3547723889350891
31,6908,0.3547423183917999
30,6961,0.3545246124267578
31,4807,0.3544467091560364
31,8948,0.35430708527565
30,12153,0.3541390001773834
31,12081,0.3540797233581543
31,3300,0.3540056049823761
30,3940,0.35397815704345703
30,3416,0.353931725025177
30,224,0.35381585359573364
31,10406,0.3538156747817993
31,326,0.3538009524345398
31,11445,0.3534258008003235
31,2404,0.3533918261528015
31,6567,0.3533647656440735
31,1920,0.3532642126083374
31,12903,0.3532084822654724
31,3421,0.3530905246734619
30,8431,0.3530416190624237
30,11948,0.35297101736068726
30,10608,0.35289886593818665
31,14292,0.3528439700603485
31,3716,0.35280776023864746
31,11260,0.3527168333530426
30,13354,0.3527124226093292
30,8737,0.352706640958786
31,7486,0.3525472581386566
30,3380,0.3524955213069916
31,10606,0.3524913191795349
28,9680,0.3524819314479828
31,7639,0.35243526101112366
30,5533,0.3522745668888092
30,13670,0.352264940738678
30,12336,0.352205753326416
31,1141,0.3521920442581177
31,6330,0.35203737020492554
29,969,0.35196083784103394
30,2614,0.35186392068862915
30,11104,0.35181957483291626
31,5538,0.35179948806762695
31,2035,0.3516986668109894
31,5552,0.3516048789024353
31,6216,0.351595014333725
30,12442,0.3515371084213257
30,5375,0.35149502754211426
31,12511,0.3514706492424011
31,1844,0.35144728422164917
30,842,0.35140588879585266
30,9544,0.3513934910297394
29,3214,0.35134047269821167
30,4245,0.3512263298034668
30,6023,0.3511742055416107
31,4080,0.35116544365882874
30,4893,0.35112395882606506
31,8671,0.3509075343608856
31,581,0.3508381247520447
31,434,0.3504720628261566
29,11835,0.35039815306663513
31,5106,0.3502369523048401
31,8272,0.35022294521331787
31,6313,0.3501889109611511
31,3899,0.3501591980457306
30,6814,0.3499552309513092
30,8631,0.34990793466567993
31,4088,0.34981903433799744
31,1232,0.3498159348964691
31,7405,0.34978264570236206
31,4022,0.3497743010520935
31,2463,0.3496139347553253
30,3006,0.3496065139770508
31,8326,0.3494613766670227
28,7839,0.3494010865688324
31,4920,0.3493424654006958
30,7313,0.34931087493896484
31,11780,0.3492969572544098
29,309,0.34922337532043457
15,4525,0.34916266798973083
31,6175,0.3488881289958954
31,2295,0.3488713502883911
31,6265,0.34883129596710205
31,9526,0.34876030683517456
31,7185,0.3486221134662628
31,14155,0.3484950661659241
29,4705,0.3483971953392029
31,3045,0.3483516573905945
31,4266,0.3482886850833893
31,3987,0.3482320010662079
31,7973,0.34814050793647766
30,11141,0.34811386466026306
31,7307,0.34799817204475403
31,6239,0.34781718254089355
30,6632,0.34761977195739746
31,9,0.3473861813545227
29,7114,0.3473851978778839
31,11601,0.347295343875885
31,10553,0.3471822142601013
31,4225,0.34714245796203613
30,722,0.34714189171791077
31,8881,0.34689390659332275
29,7574,0.3468460738658905
31,2386,0.34674155712127686
30,12994,0.3466236889362335
31,10461,0.3465624749660492
30,9634,0.3465220034122467
31,3730,0.34635764360427856
31,1301,0.3463307321071625
30,13161,0.3461225628852844
27,5147,0.34586891531944275
31,11417,0.3455136716365814
30,625,0.3453832268714905
30,10597,0.34530195593833923
29,12248,0.34523487091064453
30,7999,0.34523120522499084
27,2280,0.3450561463832855
31,10786,0.3449153006076813
29,1928,0.34483200311660767
30,11706,0.3448266386985779
30,4936,0.34477320313453674
31,6201,0.3447471261024475
31,5665,0.3446767032146454
31,10790,0.3446598947048187
31,2224,0.34463366866111755
31,4829,0.34421321749687195
31,2171,0.3441813588142395
31,1705,0.3441639542579651
31,1526,0.3440042734146118
31,12709,0.3439790904521942
31,3406,0.3439445495605469
31,9296,0.3437342643737793
31,2645,0.3436676859855652
29,8656,0.3434053957462311
30,8710,0.3433826267719269
31,8165,0.34327608346939087
31,3559,0.34299495816230774
31,3695,0.3426138162612915
31,7878,0.34241336584091187
29,14145,0.3424021601676941
31,2449,0.3423573970794678
31,8386,0.34234246611595154
29,10119,0.34226304292678833
29,12996,0.34217819571495056
30,5414,0.3421578109264374
31,13366,0.3420519530773163
21,10289,0.3418847322463989
31,1602,0.3418125510215759
30,5924,0.34173572063446045
29,14177,0.3416752219200134
31,5708,0.34163567423820496
31,4277,0.34127554297447205
31,11913,0.34126436710357666
31,3195,0.34124520421028137
30,9324,0.3412003815174103
30,4200,0.34112876653671265
31,2219,0.3411271274089813
31,13342,0.34107714891433716
30,11307,0.3410729765892029
31,11133,0.34104958176612854
31,8930,0.3410200774669647
29,1536,0.3409743905067444
31,542,0.34085705876350403
31,1756,0.3408516049385071
31,4946,0.34077125787734985
29,10030,0.3407592177391052
30,12115,0.34062227606773376
31,11158,0.3404535949230194
31,8131,0.3403776288032532
31,6800,0.3403485417366028
31,6259,0.3401727080345154
31,12367,0.3399007022380829
31,3713,0.3398120105266571
30,6716,0.3394182622432709
31,3434,0.33938318490982056
15,10519,0.33933910727500916
31,3989,0.3392398953437805
31,703,0.33923864364624023
30,3183,0.33922475576400757
31,2437,0.339212030172348
30,10325,0.33915984630584717
30,5790,0.33907201886177063
31,7874,0.3389212191104889
29,9142,0.33891230821609497
30,12135,0.33890512585639954
31,7557,0.3387587070465088
30,770,0.3386725187301636
31,11374,0.3385983407497406
31,4948,0.33850494027137756
31,884,0.33831724524497986
31,413,0.3382541537284851
31,1447,0.3382243514060974
31,3844,0.3382222354412079
30,11820,0.3379194438457489
31,11981,0.3377867639064789
29,7723,0.3376283347606659
30,3486,0.33740729093551636
31,10658,0.3371690511703491
22,4433,0.3370208442211151
30,1647,0.3370180130004883
30,5961,0.3367384374141693
30,4594,0.33668509125709534
31,4270,0.3366766571998596
31,6100,0.33659878373146057
30,2074,0.3365360200405121
31,4686,0.3365272283554077
31,3055,0.33646509051322937
31,10168,0.3364466428756714
31,5029,0.33637240529060364
31,6902,0.33635038137435913
30,3425,0.3362385034561157
30,4753,0.3362286686897278
30,12516,0.3362126350402832
31,10313,0.33597251772880554
30,6888,0.33596929907798767
31,10720,0.3359508514404297
29,13948,0.3358624279499054
30,10790,0.33584100008010864
29,2401,0.3358091413974762
31,1246,0.3357490599155426
29,12452,0.3356485366821289
30,9108,0.335580050945282
31,10591,0.3355269134044647
31,7116,0.3355194628238678
31,8655,0.33548468351364136
31,6833,0.3354482650756836
29,3790,0.33539536595344543
31,3214,0.3353148102760315
31,9708,0.3352518677711487
31,9052,0.3349967896938324
31,8003,0.3348252475261688
31,2311,0.33478572964668274
29,6908,0.3347029387950897
31,4655,0.3346850574016571
31,5093,0.3346543610095978
31,12007,0.33443859219551086
31,728,0.33428025245666504
31,2491,0.33410096168518066
30,14290,0.33406364917755127
16,11277,0.33402398228645325
31,2974,0.3339129388332367
12,14118,0.33379802107810974
31,2150,0.33375394344329834
29,7338,0.3335946202278137
31,395,0.33353477716445923
31,14119,0.3335191607475281
31,6511,0.3334972858428955
31,11291,0.33348214626312256
31,13555,0.33342382311820984
29,13688,0.33336105942726135
31,6397,0.3333311676979065
29,6561,0.33325281739234924
30,11179,0.33317750692367554
31,6088,0.33297285437583923
31,6676,0.3329533040523529
29,302,0.3329416513442993
30,10027,0.3329363763332367
30,11508,0.3329186737537384
30,4473,0.33286312222480774
31,4527,0.3328304886817932
31,1130,0.33264610171318054
31,4492,0.3326212465763092
31,11903,0.3325788676738739
30,13260,0.33255937695503235
31,12661,0.332472562789917
30,1472,0.3323686122894287
30,10052,0.3322906494140625
30,10023,0.3322838544845581
31,6628,0.33227014541625977
31,1007,0.3321336507797241
29,14108,0.332082599401474
31,3420,0.33178579807281494
29,3979,0.33156970143318176
27,7954,0.3315524756908417
30,6320,0.3312024474143982
31,11553,0.331198513507843
31,7965,0.3310799300670624
30,3436,0.33105841279029846
30,2310,0.3309028148651123
29,9718,0.33088406920433044
31,9402,0.3306587040424347
29,11180,0.3306232988834381
26,11779,0.33061057329177856
31,4433,0.33046188950538635
28,166,0.33044183254241943
31,11881,0.33043983578681946
31,5359,0.33042633533477783
30,2682,0.3301432728767395
31,12540,0.3301248848438263
30,12512,0.3299262225627899
30,10104,0.32977887988090515
31,9009,0.32977086305618286
23,7708,0.3297533392906189
28,10007,0.32970646023750305
31,6556,0.32961562275886536
29,14023,0.3295922875404358
31,6636,0.3295630216598511
31,7876,0.32954585552215576
31,248,0.32953372597694397
29,9120,0.3294558525085449
30,6211,0.3294541835784912
30,13913,0.32927563786506653
30,343,0.32920345664024353
30,13628,0.3291843831539154
31,10310,0.32916170358657837
31,14063,0.32912853360176086
29,12593,0.328957200050354
30,10818,0.32855460047721863
30,2058,0.3284752666950226
29,13413,0.3284634053707123
30,4459,0.32843461632728577
30,7447,0.3284122049808502
30,9691,0.3283451795578003
31,12878,0.32822710275650024
30,5906,0.32816609740257263
31,8319,0.32812410593032837
31,6761,0.32805949449539185
31,6496,0.3279995620250702
31,4517,0.3279404640197754
31,5943,0.3279387056827545
31,5445,0.3278842866420746
30,8026,0.32784759998321533
31,6084,0.32774415612220764
16,4227,0.32769420742988586
31,14264,0.3276902735233307
31,6651,0.3275128901004791
31,3704,0.3273690640926361
29,5983,0.32724782824516296
30,10111,0.32724323868751526
28,7013,0.32723483443260193
31,955,0.3271302580833435
31,12606,0.32702919840812683
28,11063,0.3270270526409149
31,9176,0.32697024941444397
31,5857,0.32687243819236755
31,12373,0.3268713653087616
30,12612,0.32687076926231384
31,4783,0.32677701115608215
31,5310,0.3267768323421478
31,13728,0.32657554745674133
31,13884,0.3265450596809387
29,5178,0.32650917768478394
29,9571,0.32644152641296387
29,2918,0.3263251781463623
31,13087,0.3263179361820221
31,8747,0.3263082206249237
29,4918,0.3262038826942444
31,774,0.32608693838119507
30,9660,0.3260031044483185
31,5921,0.3259510397911072
30,14069,0.3257749676704407
31,13026,0.3256385326385498
31,13721,0.3255930244922638
30,9908,0.3255253732204437
29,13304,0.3254741132259369
31,6532,0.3254736363887787
30,9387,0.3254018723964691
30,8125,0.32533204555511475
31,73,0.32528895139694214
31,1936,0.32518893480300903
31,11430,0.32514122128486633
27,5734,0.3251246213912964
30,10064,0.3250017762184143
31,5616,0.3249794542789459
30,7755,0.3249743580818176
30,12966,0.32497406005859375
28,7082,0.3248615562915802
31,11412,0.324606329202652
31,3109,0.3245716094970703
30,3705,0.32452768087387085
31,1513,0.32451584935188293
31,10345,0.32442545890808105
28,9642,0.32405197620391846
31,9614,0.3239978551864624
31,5513,0.32387828826904297
31,3980,0.3238733112812042
31,7517,0.32384541630744934
29,3697,0.32383298873901367
31,7733,0.3237881064414978
31,10126,0.32361409068107605
29,7407,0.3234718143939972
30,8061,0.3234677314758301
31,3222,0.32342711091041565
31,4425,0.3233776092529297
31,3749,0.323372483253479
31,5125,0.3233553171157837
31,12043,0.3233155906200409
31,11401,0.3231988847255707
31,7595,0.32319211959838867
31,2049,0.32319191098213196
30,10763,0.32314783334732056
31,9466,0.3229963481426239
30,6460,0.32298174500465393
31,9573,0.3229762315750122
31,9578,0.3229467272758484
28,11666,0.32293781638145447
31,8051,0.32276013493537903
31,6899,0.3227590024471283
31,5184,0.32265838980674744
31,5514,0.32265472412109375
31,1686,0.3226497173309326
30,6584,0.32264918088912964
31,10833,0.3225827217102051
31,7243,0.32258129119873047
31,8331,0.3225199282169342
31,718,0.32203301787376404
30,12394,0.32202282547950745
31,9507,0.32200390100479126
30,7249,0.3218916356563568
31,3105,0.32179099321365356
29,12155,0.3217311203479767
31,8462,0.3216904103755951
30,12582,0.3216865062713623
29,8296,0.3216800093650818
31,13264,0.32163432240486145
31,907,0.32160693407058716
31,11198,0.32160234451293945
31,462,0.3215610980987549
31,10928,0.3213889002799988
31,11919,0.3212960362434387
30,8030,0.32127445936203003
31,12473,0.3211435377597809
30,4994,0.3211289048194885
31,6772,0.32110893726348877
31,13596,0.32107990980148315
31,12293,0.3210360109806061
30,694,0.3209702968597412
31,1994,0.3209231495857239
31,14105,0.32065433263778687
30,155,0.3205597698688507
30,3430,0.32055801153182983
31,14110,0.320276141166687
30,5195,0.32019996643066406
29,12476,0.32016196846961975
30,10009,0.32003167271614075
30,13252,0.3199726939201355
30,2743,0.3199150264263153
31,1374,0.3198818564414978
29,10317,0.31980594992637634
30,966,0.3196428120136261
31,1545,0.31958216428756714
30,3397,0.319435179233551
30,3876,0.31933480501174927
31,8314,0.3193306624889374
31,12073,0.3192592263221741
31,11208,0.31920361518859863
29,4210,0.3190918266773224
30,273,0.3190288245677948
31,3694,0.3189868628978729
31,3687,0.31893229484558105
28,4869,0.318818062543869
31,10767,0.31872960925102234
30,4929,0.3187248110771179
30,8892,0.31867676973342896
31,2343,0.3186571002006531
31,13009,0.3186200261116028
30,9811,0.3185839354991913
31,11363,0.31840428709983826
31,10073,0.3182843327522278
29,7141,0.3181711435317993
31,1609,0.3179347813129425
31,105,0.3177673816680908
31,594,0.31769394874572754
30,14192,0.3176371157169342
31,3197,0.3174968957901001
30,13318,0.3174651563167572
31,10588,0.3173762261867523
31,13160,0.31732210516929626
31,1286,0.3173121213912964
29,512,0.31728246808052063
31,3919,0.31726962327957153
30,2433,0.3171766698360443
30,2788,0.3170553743839264
30,1851,0.31699877977371216
31,2996,0.3169340491294861
30,9402,0.31689274311065674
30,10301,0.3166232109069824
30,4713,0.31636372208595276
30,703,0.3162229657173157
31,9177,0.31621742248535156
31,14177,0.31619080901145935
31,3557,0.3161117434501648
30,3575,0.3159492611885071
31,14173,0.3158651888370514
30,3351,0.3158489763736725
30,1244,0.315753698348999
30,11531,0.315701425075531
30,9955,0.31565988063812256
30,6470,0.315619558095932
31,12801,0.31561779975891113
31,8867,0.3155600428581238
30,3630,0.31551218032836914
29,6244,0.31549903750419617
31,7284,0.3149491548538208
29,9399,0.31473320722579956
31,6041,0.3145039677619934
30,7944,0.31444481015205383
31,5965,0.3143763840198517
31,1343,0.314342737197876
31,13266,0.31428760290145874
30,13759,0.31421759724617004
31,8653,0.31410983204841614
30,6959,0.314056932926178
30,6256,0.3139421343803406
31,12387,0.3139270544052124
31,5834,0.3138805627822876
31,3396,0.3138521909713745
31,6392,0.3138468861579895
31,1822,0.3137165307998657
31,3407,0.3136228919029236
31,13967,0.31354618072509766
31,6217,0.31349101662635803
28,1196,0.31341779232025146
29,4650,0.31310325860977173
31,10052,0.3130810260772705
30,8272,0.31287088990211487
31,5370,0.3127550780773163
31,8116,0.3127172589302063
31,3482,0.31258782744407654
21,8329,0.31250736117362976
28,11241,0.31246843934059143
29,2239,0.3124375343322754
30,13388,0.3123270571231842
31,10170,0.31223127245903015
31,3575,0.3120526671409607
30,4527,0.3120107650756836
31,5831,0.31197792291641235
31,10256,0.31197404861450195
30,2220,0.3119496703147888
31,8434,0.3119163513183594
30,13984,0.3118945360183716
31,11824,0.3118710517883301
31,8379,0.31184735894203186
30,12422,0.3118053674697876
31,3226,0.3116826117038727
31,13189,0.3116326332092285
29,5074,0.3115744888782501
31,13179,0.3115216791629791
29,6156,0.3111565113067627
31,7802,0.3110736310482025
31,8828,0.3109448552131653
30,1152,0.31076520681381226
31,9895,0.31071043014526367
31,142,0.3106139302253723
31,3605,0.3106030821800232
31,2555,0.31057238578796387
31,13740,0.31054916977882385
31,10449,0.3105044364929199
31,6398,0.31038233637809753
31,5838,0.3103373646736145
31,4999,0.31028178334236145
28,8131,0.3102494478225708
31,1174,0.31021812558174133
31,5808,0.31008777022361755
31,6376,0.3100588917732239
31,8089,0.30999720096588135
31,5045,0.3099677860736847
31,2082,0.3099535405635834
30,740,0.30993205308914185
31,13000,0.30990704894065857
31,1049,0.30990198254585266
31,1304,0.30989477038383484
31,12630,0.3098289370536804
14,12639,0.30973610281944275
31,10982,0.3095252513885498
30,7330,0.3095202147960663
31,5704,0.3094964623451233
31,7130,0.3094809949398041
31,7662,0.3094346225261688
29,5629,0.3091825544834137
30,11857,0.3091224431991577
31,10035,0.30879491567611694
27,12792,0.30869752168655396
31,12677,0.30861708521842957
31,8112,0.30846089124679565
31,9054,0.3081852197647095
30,8801,0.30792471766471863
30,2825,0.3079059422016144
30,4543,0.30784332752227783
30,468,0.307701975107193
31,2124,0.3076452910900116
28,13270,0.307626336812973
31,5090,0.3075767457485199
31,6928,0.30754128098487854
19,1438,0.3075096905231476
23,13141,0.30750441551208496
31,5119,0.3074493110179901
31,5848,0.3074331283569336
31,5399,0.3072555661201477
31,4262,0.30723342299461365
29,1755,0.3072310984134674
31,12517,0.3072085678577423
31,9606,0.30708566308021545
30,6424,0.307067334651947
31,11337,0.3070276975631714
31,1119,0.30692431330680847
31,10410,0.30691707134246826
31,5964,0.3068675100803375
25,11622,0.30681777000427246
31,5525,0.30676478147506714
30,1379,0.30671173334121704
31,1178,0.3065865635871887
29,13687,0.3063340485095978
31,1788,0.30628150701522827
29,1141,0.30627965927124023
31,6770,0.30615097284317017
30,5590,0.30604976415634155
30,13848,0.30604639649391174
29,6857,0.3060350716114044
28,12739,0.3060310482978821
21,12373,0.30582788586616516
31,736,0.3058086037635803
30,6654,0.30580514669418335
30,4510,0.3057699501514435
31,5381,0.30558788776397705
31,626,0.3055252730846405
30,6623,0.30551937222480774
31,9714,0.30548223853111267
31,12832,0.3054008185863495
29,10665,0.3051952123641968
30,14004,0.3051089346408844
30,3297,0.3051088750362396
30,9105,0.3050192892551422
31,14161,0.30498436093330383
30,1478,0.30477696657180786
29,9935,0.30475983023643494
31,9512,0.30474919080734253
30,13350,0.304598331451416
30,3032,0.3045639395713806
29,7168,0.3045106530189514
30,9027,0.3042128384113312
31,4933,0.30419450998306274
30,6904,0.30416572093963623
28,4578,0.30406612157821655
31,12411,0.3040541112422943
31,8260,0.30405038595199585
31,1475,0.30400922894477844
30,4745,0.3038511276245117
30,3552,0.3038270175457001
29,6305,0.30378687381744385
31,6822,0.3036578893661499
30,4239,0.3036159873008728
30,8210,0.3035694658756256
31,13258,0.3035661578178406
31,12146,0.30335432291030884
31,9037,0.3032967746257782
30,12174,0.3032741844654083
26,8477,0.3031728267669678
31,5412,0.30302679538726807
31,10318,0.30299076437950134
31,8368,0.30294927954673767
31,2127,0.302727609872818
31,10847,0.3025112748146057
31,12863,0.3024701476097107
31,11986,0.3024597764015198
31,13229,0.3024306893348694
31,2357,0.30234795808792114
31,3734,0.302312970161438
31,1464,0.3022267520427704
31,5833,0.30220913887023926
29,4037,0.3021451234817505
31,11680,0.30198368430137634
31,1183,0.30184757709503174
31,8390,0.30176055431365967
31,7559,0.3017592430114746
31,8714,0.3016993999481201
31,7908,0.30145561695098877
31,12340,0.3014312982559204
30,11099,0.30131301283836365
30,4955,0.301254004240036
31,5461,0.301253080368042
30,9670,0.3012160658836365
31,2625,0.3011881411075592
31,10225,0.3011474907398224
31,840,0.30108487606048584
31,327,0.3009825348854065
31,1664,0.30090922117233276
30,8426,0.30089911818504333
31,12787,0.3007945716381073
31,424,0.3007851839065552
31,4008,0.30077359080314636
30,8634,0.3007117807865143
31,1418,0.30066683888435364
29,258,0.3006082773208618
30,4672,0.3004096746444702
31,13556,0.30039849877357483
31,12417,0.30032190680503845
31,13692,0.30019739270210266
31,13440,0.3001934587955475
30,7418,0.30018410086631775
31,12501,0.30007633566856384
29,8151,0.29995277523994446
30,2639,0.29980677366256714
28,1863,0.29958435893058777
31,7099,0.2995755970478058
31,3096,0.29945698380470276
31,6739,0.29937902092933655
31,7834,0.2991163432598114
30,13558,0.2991088628768921
31,3461,0.29906904697418213
31,7465,0.299009770154953
29,13323,0.2989279329776764
31,5407,0.29884037375450134
31,4473,0.29871293902397156
31,11384,0.2986348271369934
31,2485,0.29860347509384155
30,12507,0.29857006669044495
31,5936,0.29851552844047546
28,14222,0.2983170747756958
31,9360,0.29829874634742737
29,7237,0.2982608675956726
31,6148,0.2982189357280731
31,2665,0.29813942313194275
31,3651,0.29804134368896484
31,7303,0.29803332686424255
30,8862,0.2980135679244995
31,455,0.29799768328666687
30,11050,0.2978590428829193
31,9716,0.297791063785553
30,10663,0.29777348041534424
30,12262,0.2977091372013092
31,5585,0.29770249128341675
31,12028,0.29766902327537537
30,11680,0.29763317108154297
31,7862,0.2975879907608032
31,11770,0.29735618829727173
31,11242,0.2972569167613983
30,5253,0.2971820533275604
29,4200,0.29712897539138794
30,13466,0.29704350233078003
31,5874,0.2970428168773651
30,8513,0.29699355363845825
30,6159,0.2969270944595337
31,6974,0.29679617285728455
31,2294,0.2966596484184265
30,4518,0.2964732348918915
30,7573,0.29643648862838745
30,9503,0.29634392261505127
29,4423,0.29624423384666443
30,11624,0.2961612045764923
30,9959,0.2961556017398834
31,6566,0.29610583186149597
29,3511,0.29607653617858887
31,12959,0.2960354685783386
31,10852,0.29602545499801636
31,1091,0.2959832549095154
31,2331,0.2959347069263458
31,1564,0.2959173619747162
30,287,0.2958308458328247
31,5199,0.2958306670188904
30,7497,0.29581883549690247
31,4824,0.29566794633865356
31,10218,0.29548120498657227
30,4410,0.29530227184295654
27,14255,0.29514628648757935
30,1270,0.29507166147232056
30,4004,0.29498153924942017
31,9092,0.2948654294013977
31,14,0.29486411809921265
31,5066,0.2948148548603058
28,6005,0.29478880763053894
31,11878,0.2947293221950531
31,14031,0.29467839002609253
30,3856,0.2946609556674957
30,5628,0.2946386933326721
31,12125,0.29461538791656494
28,582,0.2946094572544098
31,4559,0.29457956552505493
31,5798,0.29455330967903137
31,4844,0.2945330739021301
30,8359,0.29450565576553345
29,10366,0.29445669054985046
31,12214,0.29437679052352905
30,5640,0.2943275570869446
27,10213,0.29430723190307617
30,6286,0.2942952811717987
29,10946,0.29427075386047363
31,3848,0.29418763518333435
29,11374,0.2941606640815735
29,8710,0.29406219720840454
31,1915,0.2940468490123749
31,2989,0.29401764273643494
31,3629,0.2939818501472473
31,9359,0.29397809505462646
31,5754,0.29394641518592834
29,452,0.2939128279685974
30,4895,0.29387304186820984
31,6932,0.29385408759117126
30,7207,0.29383185505867004
31,6763,0.29383087158203125
31,4677,0.293721467256546
30,7775,0.29349419474601746
30,7014,0.293465256690979
30,13265,0.29344427585601807
31,4199,0.29340416193008423
31,427,0.29338765144348145
31,2467,0.2933722138404846
29,12413,0.29329150915145874
31,12759,0.2932133376598358
31,6545,0.29308420419692993
29,10167,0.29304978251457214
31,10102,0.2929428517818451
29,5808,0.2929057776927948
30,5812,0.2928924560546875
27,13451,0.2928520739078522
31,7085,0.29281672835350037
31,11397,0.29281148314476013
31,11497,0.29278239607810974
31,3405,0.2927798628807068
29,11344,0.29274389147758484
29,7953,0.2926955819129944
31,3212,0.2926577925682068
31,1337,0.2926108241081238
31,5604,0.29259875416755676
25,10086,0.292529433965683
31,8071,0.2923772931098938
31,1226,0.29230594635009766
30,8075,0.2921503484249115
30,12824,0.29213041067123413
31,2339,0.292032390832901
30,10871,0.29194748401641846
31,13548,0.2919427752494812
31,8807,0.29177790880203247
31,11414,0.291729599237442
29,7352,0.2916938364505768
31,8987,0.2916586399078369
30,12196,0.2916563153266907
31,1630,0.2916133403778076
31,5794,0.2913156747817993
29,3276,0.29124200344085693
31,12995,0.29119807481765747
30,4244,0.2911491096019745
16,6738,0.2909562289714813
31,13355,0.29090678691864014
31,2892,0.2908439338207245
29,1932,0.29080355167388916
31,5195,0.2907763719558716
31,2585,0.29065418243408203
30,12246,0.2906133532524109
31,10,0.2906053364276886
30,13661,0.2905482351779938
31,10176,0.29051828384399414
31,5901,0.29049190878868103
29,7359,0.29020702838897705
31,4032,0.2901332974433899
29,1125,0.2901254892349243
31,4568,0.29012173414230347
31,6830,0.2900896370410919
31,13436,0.2899772822856903
30,14276,0.2899743914604187
31,1335,0.2897353768348694
31,8267,0.28966155648231506
31,2400,0.28964653611183167
30,3660,0.2896251380443573
31,1469,0.28953519463539124
31,518,0.28941258788108826
31,5187,0.28938692808151245
29,6008,0.2891544997692108
30,2423,0.2887958884239197
31,10244,0.2887904942035675
31,8464,0.2887655794620514
29,9053,0.288707435131073
31,1546,0.28868168592453003
31,8739,0.28859418630599976
31,1364,0.2885768711566925
31,4995,0.2885303497314453
31,9337,0.28849685192108154
29,5787,0.28830409049987793
30,12965,0.2882569134235382
31,10277,0.2881580889225006
31,232,0.28809040784835815
30,4436,0.2880736291408539
31,13253,0.2880227267742157
30,1781,0.28767821192741394
31,8617,0.28760093450546265
29,13,0.2875678241252899
31,8692,0.2875080108642578
31,11054,0.28744572401046753
31,529,0.2874414324760437
30,14270,0.28740420937538147
30,7214,0.2873836159706116
29,6362,0.28734803199768066
31,3501,0.2873286306858063
31,4601,0.2872483730316162
30,10195,0.28718072175979614
31,12645,0.28716951608657837
29,9936,0.2871277332305908
28,10465,0.28701624274253845
27,967,0.28700411319732666
31,243,0.2868823707103729
29,9580,0.2868669629096985
31,2915,0.28686150908470154
31,8761,0.2867768406867981
31,4726,0.28669473528862
31,1557,0.28665971755981445
31,7585,0.2865007519721985
31,1730,0.2864321172237396
31,11782,0.2863588035106659
31,13465,0.2862779200077057
27,13135,0.2862412929534912
31,4020,0.2862105667591095
31,3282,0.2862097918987274
30,9373,0.2861754298210144
31,9749,0.286162793636322
31,2163,0.2860298752784729
31,1074,0.2859906852245331
30,11246,0.2859710156917572
30,1326,0.285919725894928
31,4693,0.2858915328979492
31,2505,0.28588011860847473
31,7221,0.2858131229877472
29,13210,0.28578096628189087
31,9420,0.2857305705547333
31,10228,0.2855682373046875
31,4865,0.28552743792533875
31,4409,0.2855231761932373
30,5265,0.2854755222797394
31,3471,0.2853437662124634
13,8310,0.28532660007476807
31,1566,0.28529292345046997
31,5159,0.28527241945266724
31,7179,0.2851160764694214
30,6015,0.285092830657959
28,75,0.28500697016716003
28,3779,0.28491562604904175
30,5699,0.28491514921188354
29,9502,0.2849109172821045
31,14004,0.28485381603240967
31,13404,0.28482213616371155
28,14333,0.28481239080429077
31,4466,0.2847559154033661
30,4637,0.28466683626174927
30,542,0.2845606207847595
8,14296,0.2843047082424164
30,5884,0.2843000292778015
30,5035,0.2842414677143097
31,12205,0.2841884195804596
31,906,0.28402814269065857
31,10213,0.2839148938655853
29,7194,0.28389570116996765
22,2940,0.28385844826698303
18,6223,0.28381022810935974
29,12980,0.2838042378425598
29,8765,0.2837519943714142
31,13916,0.2837108075618744
29,578,0.2836785912513733
30,11188,0.2836693525314331
31,163,0.2836596369743347
30,9156,0.28363436460494995
30,8662,0.2835032343864441
29,8568,0.28342166543006897
31,9070,0.2833433151245117
31,732,0.2833158075809479
31,13273,0.2833061218261719
30,10504,0.28310275077819824
30,900,0.2828962206840515
29,12972,0.28286758065223694
31,13627,0.2828165590763092
31,11583,0.2827841639518738
29,10833,0.28275343775749207
30,4094,0.28271806240081787
31,2824,0.2827165126800537
31,7912,0.28262194991111755
31,1147,0.2825309932231903
30,7132,0.28224360942840576
31,10381,0.282217413187027
31,548,0.2821542024612427
31,1728,0.28211095929145813
31,7609,0.28210610151290894
31,2636,0.28206977248191833
31,9033,0.2819836437702179
31,10048,0.28193962574005127
31,6909,0.28193387389183044
31,3642,0.2819135785102844
30,1236,0.28190138936042786
31,11141,0.2818220257759094
31,9654,0.28176650404930115
28,8884,0.28176531195640564
30,994,0.2816343903541565
30,12357,0.28161492943763733
29,7658,0.28160426020622253
31,13236,0.28157147765159607
30,10824,0.281541645526886
30,8953,0.28120043873786926
31,78,0.28118741512298584
31,7869,0.2811488211154938
31,3746,0.28112077713012695
30,5106,0.2811017334461212
28,5882,0.28108906745910645
21,5602,0.2810705602169037
31,5175,0.28105562925338745
31,1880,0.280987024307251
30,7656,0.2809349000453949
31,5955,0.2809293568134308
31,7220,0.2809070348739624
30,7225,0.2809050381183624
31,4424,0.28086337447166443
30,7476,0.28084295988082886
30,5089,0.28079670667648315
30,12559,0.28070253133773804
31,2966,0.2806628346443176
30,4262,0.28054580092430115
28,1580,0.2804218530654907
31,13890,0.280322790145874
31,5703,0.2802512049674988
30,11914,0.2802225947380066
30,3888,0.2799110412597656
31,3542,0.27983298897743225
31,9549,0.2798251807689667
30,9745,0.27980756759643555
31,11995,0.2796456813812256
31,5912,0.27961692214012146
30,1058,0.2795315384864807
31,12984,0.2795126736164093
30,1551,0.2794938385486603
29,1613,0.2793709337711334
31,3148,0.2793307900428772
29,7975,0.2793174088001251
31,2419,0.27925625443458557
28,2049,0.27922743558883667
27,11567,0.27920007705688477
30,6646,0.2791805565357208
31,11406,0.2791474759578705
31,9647,0.27899786829948425
31,8724,0.2789589762687683
29,5182,0.2787720263004303
30,2176,0.278695285320282
31,8587,0.27867192029953003
31,3115,0.2786290645599365
30,2493,0.27862849831581116
30,1864,0.2785920798778534
29,9654,0.27852320671081543
30,10341,0.278445303440094
31,1596,0.2783970236778259
29,2397,0.2783682346343994
31,3615,0.27835768461227417
31,12643,0.2783333659172058
30,2005,0.27832794189453125
31,3284,0.27827608585357666
31,4782,0.2782037854194641
30,10344,0.2781275808811188
31,6727,0.2781160771846771
29,8827,0.27806517481803894
29,8252,0.2779347598552704
31,5785,0.27790555357933044
30,10963,0.27783334255218506
30,9307,0.27773964405059814
30,8911,0.2777242958545685
30,855,0.2777003347873688
31,11735,0.27768832445144653
30,4969,0.27753543853759766
31,14128,0.27734577655792236
29,11100,0.27730533480644226
31,11436,0.27725866436958313
31,13501,0.27715378999710083
31,6477,0.2771214246749878
28,9278,0.27711623907089233
31,7129,0.2770092785358429
31,377,0.2769765555858612
31,11177,0.2769380509853363
29,7289,0.2768481969833374
30,8418,0.2767918109893799
28,6048,0.27655211091041565
31,12303,0.27652525901794434
31,11804,0.27650728821754456
31,3018,0.27643269300460815
27,7115,0.276432067155838
31,2518,0.27640751004219055
31,9915,0.27627572417259216
31,10423,0.2761574685573578
31,12082,0.27599644660949707
31,8163,0.27598804235458374
30,12136,0.2759021520614624
31,5825,0.2758970260620117
26,1548,0.27586308121681213
31,10571,0.27577587962150574
30,2254,0.27568551898002625
30,1464,0.2756318151950836
27,1569,0.27558860182762146
31,1800,0.27556487917900085
31,2918,0.27555349469184875
11,11258,0.27539271116256714
31,8126,0.2753899395465851
31,11065,0.2753608226776123
30,4398,0.27531564235687256
